-- --------------------------------------------------------
-- Host:                         127.0.0.1
-- Server version:               8.0.30 - MySQL Community Server - GPL
-- Server OS:                    Win64
-- HeidiSQL Version:             12.1.0.6537
-- --------------------------------------------------------

/*!40101 SET @OLD_CHARACTER_SET_CLIENT=@@CHARACTER_SET_CLIENT */;
/*!40101 SET NAMES utf8 */;
/*!50503 SET NAMES utf8mb4 */;
/*!40103 SET @OLD_TIME_ZONE=@@TIME_ZONE */;
/*!40103 SET TIME_ZONE='+00:00' */;
/*!40014 SET @OLD_FOREIGN_KEY_CHECKS=@@FOREIGN_KEY_CHECKS, FOREIGN_KEY_CHECKS=0 */;
/*!40101 SET @OLD_SQL_MODE=@@SQL_MODE, SQL_MODE='NO_AUTO_VALUE_ON_ZERO' */;
/*!40111 SET @OLD_SQL_NOTES=@@SQL_NOTES, SQL_NOTES=0 */;


-- Dumping database structure for bengomall
CREATE DATABASE IF NOT EXISTS `bengomall` /*!40100 DEFAULT CHARACTER SET utf8mb4 COLLATE utf8mb4_0900_ai_ci */ /*!80016 DEFAULT ENCRYPTION='N' */;
USE `bengomall`;

-- Dumping structure for table bengomall.address_book
CREATE TABLE IF NOT EXISTS `address_book` (
  `id` bigint NOT NULL AUTO_INCREMENT,
  `address_label` varchar(255) NOT NULL,
  `phone` varchar(15) DEFAULT NULL,
  `other_phone` varchar(15) DEFAULT NULL,
  `postal_code` varchar(100) DEFAULT NULL,
  `default_address` tinyint(1) NOT NULL,
  `city_id` bigint NOT NULL,
  `customer_id` bigint DEFAULT NULL,
  `region_id` bigint NOT NULL,
  PRIMARY KEY (`id`),
  KEY `address_book_city_id_c2d42364_fk_pickup_stattions_id` (`city_id`),
  KEY `address_book_customer_id_a9c8c0fa_fk_customers_id` (`customer_id`),
  KEY `address_book_region_id_a284c127_fk_delivery_regions_id` (`region_id`),
  CONSTRAINT `address_book_city_id_c2d42364_fk_pickup_stattions_id` FOREIGN KEY (`city_id`) REFERENCES `pickup_stattions` (`id`),
  CONSTRAINT `address_book_customer_id_a9c8c0fa_fk_customers_id` FOREIGN KEY (`customer_id`) REFERENCES `customers` (`id`),
  CONSTRAINT `address_book_region_id_a284c127_fk_delivery_regions_id` FOREIGN KEY (`region_id`) REFERENCES `delivery_regions` (`id`)
) ENGINE=InnoDB DEFAULT CHARSET=utf8mb4 COLLATE=utf8mb4_0900_ai_ci;

-- Dumping data for table bengomall.address_book: ~0 rows (approximately)

-- Dumping structure for table bengomall.authmanagement_myuser
CREATE TABLE IF NOT EXISTS `authmanagement_myuser` (
  `id` bigint NOT NULL AUTO_INCREMENT,
  `password` varchar(128) NOT NULL,
  `last_login` datetime(6) DEFAULT NULL,
  `is_superuser` tinyint(1) NOT NULL,
  `username` varchar(150) NOT NULL,
  `first_name` varchar(150) NOT NULL,
  `last_name` varchar(150) NOT NULL,
  `is_staff` tinyint(1) NOT NULL,
  `date_joined` datetime(6) NOT NULL,
  `email` varchar(100) NOT NULL,
  `phone` varchar(15) NOT NULL,
  `gender` varchar(10) NOT NULL,
  `pic` varchar(100) DEFAULT NULL,
  `organisation` varchar(255) DEFAULT NULL,
  `ip_address` varchar(100) NOT NULL,
  `device` varchar(100) NOT NULL,
  `is_active` tinyint(1) NOT NULL,
  `email_confirm_token` varchar(255) DEFAULT NULL,
  PRIMARY KEY (`id`),
  UNIQUE KEY `username` (`username`),
  UNIQUE KEY `email` (`email`)
) ENGINE=InnoDB AUTO_INCREMENT=37 DEFAULT CHARSET=utf8mb4 COLLATE=utf8mb4_0900_ai_ci;

-- Dumping data for table bengomall.authmanagement_myuser: ~5 rows (approximately)
INSERT IGNORE INTO `authmanagement_myuser` (`id`, `password`, `last_login`, `is_superuser`, `username`, `first_name`, `last_name`, `is_staff`, `date_joined`, `email`, `phone`, `gender`, `pic`, `organisation`, `ip_address`, `device`, `is_active`, `email_confirm_token`) VALUES
	(13, 'pbkdf2_sha256$600000$WZjEdLBTqTUBILJOluYzOM$OzTWfcrFXdbEmC2RFr/cF4lOdNFO/R7d7V1MKkBbUlM=', '2023-12-19 18:44:55.299434', 1, 'admin', 'bengo', 'hub', 1, '2023-11-02 15:53:22.915708', 'admin@bengohub.co.ke', '+254743793901', 'Other', '', 'TDBSoft', '192.168.0.1', 'Phone', 1, NULL),
	(15, 'pbkdf2_sha256$600000$bg51os1V0HLTeCMNystXP9$A7x8pxIdYUvRI1qj3sHIaS9iRuSmLFCTvk3WYIMSGY4=', '2023-11-27 21:29:39.525434', 0, 'johndoe', 'John', 'Doe', 0, '2023-11-02 15:59:40.138928', 'johndoe@user.com', '+254743793901', 'Male', 'user/profile/images/avatar-3_0xYWLpr.jpg', 'TDBSoft', '192.168.0.1', 'Phone', 1, NULL),
	(16, 'pbkdf2_sha256$600000$oM3U4yOYf3EwBJB6jaXSQy$jSC5QzYh/ar/BG2YeWhYDWhdtJQDJkktk423LmZzaIU=', NULL, 0, 'supplier1', 'supp', 'lier', 0, '2023-11-04 06:01:24.887546', 'sup@gmail.com', '+254743793901', 'Male', '', 'TDBSoft', '192.168.0.1', 'Phone', 1, NULL),
	(17, 'pbkdf2_sha256$600000$ioRdHIpgsuKuDNG1FLi1Dp$hGhGZor02Slong87eb6r1oxzxyNWKhTP+StI6KLqwLg=', NULL, 0, 'janedoe', 'Jane', 'Doe', 1, '2023-11-21 15:33:32.119908', 'janedoe@user.com', '+254743793907', 'Female', 'user/profile/images/Bites_1.jpg', 'TDBSoft', '192.168.0.1', 'Phone', 1, NULL),
	(36, 'pbkdf2_sha256$600000$VcV99cvs3Rfe2euHjT6w5x$z8UpjTWkmufFSqw+fFovVxaAAZcdNR1QERCwII8ILDs=', '2023-12-19 19:00:13.270561', 0, 'testuser', 'test', 'lier', 0, '2023-12-18 19:52:26.443567', 'titusowuor30@gmail.com', '+254743793901', 'Other', 'user/default.png', 'Bengo Mall', '192.168.0.1', 'Phone', 1, 'bzf5ve-b7410b7b15ba672934cc2b1c500f2f6c');

-- Dumping structure for table bengomall.authmanagement_myuser_groups
CREATE TABLE IF NOT EXISTS `authmanagement_myuser_groups` (
  `id` bigint NOT NULL AUTO_INCREMENT,
  `myuser_id` bigint NOT NULL,
  `group_id` int NOT NULL,
  PRIMARY KEY (`id`),
  UNIQUE KEY `authmanagement_myuser_groups_myuser_id_group_id_b21771cd_uniq` (`myuser_id`,`group_id`),
  KEY `authmanagement_myuser_groups_group_id_88654dfc_fk_auth_group_id` (`group_id`),
  CONSTRAINT `authmanagement_myuse_myuser_id_dbbb177a_fk_authmanag` FOREIGN KEY (`myuser_id`) REFERENCES `authmanagement_myuser` (`id`),
  CONSTRAINT `authmanagement_myuser_groups_group_id_88654dfc_fk_auth_group_id` FOREIGN KEY (`group_id`) REFERENCES `auth_group` (`id`)
) ENGINE=InnoDB AUTO_INCREMENT=28 DEFAULT CHARSET=utf8mb4 COLLATE=utf8mb4_0900_ai_ci;

-- Dumping data for table bengomall.authmanagement_myuser_groups: ~3 rows (approximately)
INSERT IGNORE INTO `authmanagement_myuser_groups` (`id`, `myuser_id`, `group_id`) VALUES
	(7, 13, 1),
	(8, 15, 5),
	(27, 36, 5);

-- Dumping structure for table bengomall.authmanagement_myuser_user_permissions
CREATE TABLE IF NOT EXISTS `authmanagement_myuser_user_permissions` (
  `id` bigint NOT NULL AUTO_INCREMENT,
  `myuser_id` bigint NOT NULL,
  `permission_id` int NOT NULL,
  PRIMARY KEY (`id`),
  UNIQUE KEY `authmanagement_myuser_us_myuser_id_permission_id_38a8ab52_uniq` (`myuser_id`,`permission_id`),
  KEY `authmanagement_myuse_permission_id_0f992fcc_fk_auth_perm` (`permission_id`),
  CONSTRAINT `authmanagement_myuse_myuser_id_244bca6d_fk_authmanag` FOREIGN KEY (`myuser_id`) REFERENCES `authmanagement_myuser` (`id`),
  CONSTRAINT `authmanagement_myuse_permission_id_0f992fcc_fk_auth_perm` FOREIGN KEY (`permission_id`) REFERENCES `auth_permission` (`id`)
) ENGINE=InnoDB DEFAULT CHARSET=utf8mb4 COLLATE=utf8mb4_0900_ai_ci;

-- Dumping data for table bengomall.authmanagement_myuser_user_permissions: ~0 rows (approximately)

-- Dumping structure for table bengomall.authtoken_token
CREATE TABLE IF NOT EXISTS `authtoken_token` (
  `key` varchar(40) NOT NULL,
  `created` datetime(6) NOT NULL,
  `user_id` bigint NOT NULL,
  PRIMARY KEY (`key`),
  UNIQUE KEY `user_id` (`user_id`),
  CONSTRAINT `authtoken_token_user_id_35299eff_fk_authmanagement_myuser_id` FOREIGN KEY (`user_id`) REFERENCES `authmanagement_myuser` (`id`)
) ENGINE=InnoDB DEFAULT CHARSET=utf8mb4 COLLATE=utf8mb4_0900_ai_ci;

-- Dumping data for table bengomall.authtoken_token: ~3 rows (approximately)
INSERT IGNORE INTO `authtoken_token` (`key`, `created`, `user_id`) VALUES
	('2a49ab85cda508ce0087adb30e5b705dab6f9c2a', '2023-12-18 19:52:26.912505', 36),
	('69eb8b990742301655123a1f9a88bd6311c423a5', '2023-11-02 16:00:05.301753', 13),
	('c4c077860dbce97cc4f9f5dda918b537248004ca', '2023-11-02 16:10:55.110045', 15);

-- Dumping structure for table bengomall.auth_group
CREATE TABLE IF NOT EXISTS `auth_group` (
  `id` int NOT NULL AUTO_INCREMENT,
  `name` varchar(150) NOT NULL,
  PRIMARY KEY (`id`),
  UNIQUE KEY `name` (`name`)
) ENGINE=InnoDB AUTO_INCREMENT=7 DEFAULT CHARSET=utf8mb4 COLLATE=utf8mb4_0900_ai_ci;

-- Dumping data for table bengomall.auth_group: ~6 rows (approximately)
INSERT IGNORE INTO `auth_group` (`id`, `name`) VALUES
	(1, 'admin'),
	(5, 'customer'),
	(4, 'manager'),
	(3, 'staff'),
	(6, 'supplier'),
	(2, 'vendor');

-- Dumping structure for table bengomall.auth_group_permissions
CREATE TABLE IF NOT EXISTS `auth_group_permissions` (
  `id` bigint NOT NULL AUTO_INCREMENT,
  `group_id` int NOT NULL,
  `permission_id` int NOT NULL,
  PRIMARY KEY (`id`),
  UNIQUE KEY `auth_group_permissions_group_id_permission_id_0cd325b0_uniq` (`group_id`,`permission_id`),
  KEY `auth_group_permissio_permission_id_84c5c92e_fk_auth_perm` (`permission_id`),
  CONSTRAINT `auth_group_permissio_permission_id_84c5c92e_fk_auth_perm` FOREIGN KEY (`permission_id`) REFERENCES `auth_permission` (`id`),
  CONSTRAINT `auth_group_permissions_group_id_b120cbf9_fk_auth_group_id` FOREIGN KEY (`group_id`) REFERENCES `auth_group` (`id`)
) ENGINE=InnoDB DEFAULT CHARSET=utf8mb4 COLLATE=utf8mb4_0900_ai_ci;

-- Dumping data for table bengomall.auth_group_permissions: ~0 rows (approximately)

-- Dumping structure for table bengomall.auth_permission
CREATE TABLE IF NOT EXISTS `auth_permission` (
  `id` int NOT NULL AUTO_INCREMENT,
  `name` varchar(255) NOT NULL,
  `content_type_id` int NOT NULL,
  `codename` varchar(100) NOT NULL,
  PRIMARY KEY (`id`),
  UNIQUE KEY `auth_permission_content_type_id_codename_01ab375a_uniq` (`content_type_id`,`codename`),
  CONSTRAINT `auth_permission_content_type_id_2f476e4b_fk_django_co` FOREIGN KEY (`content_type_id`) REFERENCES `django_content_type` (`id`)
) ENGINE=InnoDB AUTO_INCREMENT=305 DEFAULT CHARSET=utf8mb4 COLLATE=utf8mb4_0900_ai_ci;

-- Dumping data for table bengomall.auth_permission: ~304 rows (approximately)
INSERT IGNORE INTO `auth_permission` (`id`, `name`, `content_type_id`, `codename`) VALUES
	(1, 'Can add log entry', 1, 'add_logentry'),
	(2, 'Can change log entry', 1, 'change_logentry'),
	(3, 'Can delete log entry', 1, 'delete_logentry'),
	(4, 'Can view log entry', 1, 'view_logentry'),
	(5, 'Can add permission', 2, 'add_permission'),
	(6, 'Can change permission', 2, 'change_permission'),
	(7, 'Can delete permission', 2, 'delete_permission'),
	(8, 'Can view permission', 2, 'view_permission'),
	(9, 'Can add group', 3, 'add_group'),
	(10, 'Can change group', 3, 'change_group'),
	(11, 'Can delete group', 3, 'delete_group'),
	(12, 'Can view group', 3, 'view_group'),
	(13, 'Can add content type', 4, 'add_contenttype'),
	(14, 'Can change content type', 4, 'change_contenttype'),
	(15, 'Can delete content type', 4, 'delete_contenttype'),
	(16, 'Can view content type', 4, 'view_contenttype'),
	(17, 'Can add session', 5, 'add_session'),
	(18, 'Can change session', 5, 'change_session'),
	(19, 'Can delete session', 5, 'delete_session'),
	(20, 'Can view session', 5, 'view_session'),
	(21, 'Can add Token', 6, 'add_token'),
	(22, 'Can change Token', 6, 'change_token'),
	(23, 'Can delete Token', 6, 'delete_token'),
	(24, 'Can view Token', 6, 'view_token'),
	(25, 'Can add token', 7, 'add_tokenproxy'),
	(26, 'Can change token', 7, 'change_tokenproxy'),
	(27, 'Can delete token', 7, 'delete_tokenproxy'),
	(28, 'Can view token', 7, 'view_tokenproxy'),
	(29, 'Can add email config', 8, 'add_emailconfig'),
	(30, 'Can change email config', 8, 'change_emailconfig'),
	(31, 'Can delete email config', 8, 'delete_emailconfig'),
	(32, 'Can view email config', 8, 'view_emailconfig'),
	(33, 'Can add user', 9, 'add_myuser'),
	(34, 'Can change user', 9, 'change_myuser'),
	(35, 'Can delete user', 9, 'delete_myuser'),
	(36, 'Can view user', 9, 'view_myuser'),
	(37, 'Can add Cart', 10, 'add_cart'),
	(38, 'Can change Cart', 10, 'change_cart'),
	(39, 'Can delete Cart', 10, 'delete_cart'),
	(40, 'Can view Cart', 10, 'view_cart'),
	(41, 'Can add Blog', 11, 'add_blog'),
	(42, 'Can change Blog', 11, 'change_blog'),
	(43, 'Can delete Blog', 11, 'delete_blog'),
	(44, 'Can view Blog', 11, 'view_blog'),
	(45, 'Can add Front Store Settings', 12, 'add_frontstore'),
	(46, 'Can change Front Store Settings', 12, 'change_frontstore'),
	(47, 'Can delete Front Store Settings', 12, 'delete_frontstore'),
	(48, 'Can view Front Store Settings', 12, 'view_frontstore'),
	(49, 'Can add Blog Post', 13, 'add_post'),
	(50, 'Can change Blog Post', 13, 'change_post'),
	(51, 'Can delete Blog Post', 13, 'delete_post'),
	(52, 'Can view Blog Post', 13, 'view_post'),
	(53, 'Can add business address', 14, 'add_businessaddress'),
	(54, 'Can change business address', 14, 'change_businessaddress'),
	(55, 'Can delete business address', 14, 'delete_businessaddress'),
	(56, 'Can view business address', 14, 'view_businessaddress'),
	(57, 'Can add delivery regions', 15, 'add_deliveryregions'),
	(58, 'Can change delivery regions', 15, 'change_deliveryregions'),
	(59, 'Can delete delivery regions', 15, 'delete_deliveryregions'),
	(60, 'Can view delivery regions', 15, 'view_deliveryregions'),
	(61, 'Can add supplier', 16, 'add_supplier'),
	(62, 'Can change supplier', 16, 'change_supplier'),
	(63, 'Can delete supplier', 16, 'delete_supplier'),
	(64, 'Can view supplier', 16, 'view_supplier'),
	(65, 'Can add pickup stations', 17, 'add_pickupstations'),
	(66, 'Can change pickup stations', 17, 'change_pickupstations'),
	(67, 'Can delete pickup stations', 17, 'delete_pickupstations'),
	(68, 'Can view pickup stations', 17, 'view_pickupstations'),
	(69, 'Can add employee', 18, 'add_employee'),
	(70, 'Can change employee', 18, 'change_employee'),
	(71, 'Can delete employee', 18, 'delete_employee'),
	(72, 'Can view employee', 18, 'view_employee'),
	(73, 'Can add customer', 19, 'add_customer'),
	(74, 'Can change customer', 19, 'change_customer'),
	(75, 'Can delete customer', 19, 'delete_customer'),
	(76, 'Can view customer', 19, 'view_customer'),
	(77, 'Can add address book', 20, 'add_addressbook'),
	(78, 'Can change address book', 20, 'change_addressbook'),
	(79, 'Can delete address book', 20, 'delete_addressbook'),
	(80, 'Can view address book', 20, 'view_addressbook'),
	(81, 'Can add transactions', 21, 'add_transactions'),
	(82, 'Can change transactions', 21, 'change_transactions'),
	(83, 'Can delete transactions', 21, 'delete_transactions'),
	(84, 'Can view transactions', 21, 'view_transactions'),
	(85, 'Can add Sales', 22, 'add_sales'),
	(86, 'Can change Sales', 22, 'change_sales'),
	(87, 'Can delete Sales', 22, 'delete_sales'),
	(88, 'Can view Sales', 22, 'view_sales'),
	(89, 'Can add Mpesa Transactions', 23, 'add_transaction'),
	(90, 'Can change Mpesa Transactions', 23, 'change_transaction'),
	(91, 'Can delete Mpesa Transactions', 23, 'delete_transaction'),
	(92, 'Can view Mpesa Transactions', 23, 'view_transaction'),
	(93, 'Can add Sales Items', 24, 'add_salesitems'),
	(94, 'Can change Sales Items', 24, 'change_salesitems'),
	(95, 'Can delete Sales Items', 24, 'delete_salesitems'),
	(96, 'Can view Sales Items', 24, 'view_salesitems'),
	(97, 'Can add category', 25, 'add_category'),
	(98, 'Can change category', 25, 'change_category'),
	(99, 'Can delete category', 25, 'delete_category'),
	(100, 'Can view category', 25, 'view_category'),
	(101, 'Can add main category', 26, 'add_maincategory'),
	(102, 'Can change main category', 26, 'change_maincategory'),
	(103, 'Can delete main category', 26, 'delete_maincategory'),
	(104, 'Can view main category', 26, 'view_maincategory'),
	(105, 'Can add Products', 27, 'add_products'),
	(106, 'Can change Products', 27, 'change_products'),
	(107, 'Can delete Products', 27, 'delete_products'),
	(108, 'Can view Products', 27, 'view_products'),
	(109, 'Can add subcategory', 28, 'add_subcategory'),
	(110, 'Can change subcategory', 28, 'change_subcategory'),
	(111, 'Can delete subcategory', 28, 'delete_subcategory'),
	(112, 'Can view subcategory', 28, 'view_subcategory'),
	(113, 'Can add unit', 29, 'add_unit'),
	(114, 'Can change unit', 29, 'change_unit'),
	(115, 'Can delete unit', 29, 'delete_unit'),
	(116, 'Can view unit', 29, 'view_unit'),
	(117, 'Can add Size Variation', 30, 'add_productsize'),
	(118, 'Can change Size Variation', 30, 'change_productsize'),
	(119, 'Can delete Size Variation', 30, 'delete_productsize'),
	(120, 'Can view Size Variation', 30, 'view_productsize'),
	(121, 'Can add product images', 31, 'add_productimages'),
	(122, 'Can change product images', 31, 'change_productimages'),
	(123, 'Can delete product images', 31, 'delete_productimages'),
	(124, 'Can view product images', 31, 'view_productimages'),
	(125, 'Can add Color Variation', 32, 'add_productcolor'),
	(126, 'Can change Color Variation', 32, 'change_productcolor'),
	(127, 'Can delete Color Variation', 32, 'delete_productcolor'),
	(128, 'Can view Color Variation', 32, 'view_productcolor'),
	(129, 'Can add Favourites', 33, 'add_favourites'),
	(130, 'Can change Favourites', 33, 'change_favourites'),
	(131, 'Can delete Favourites', 33, 'delete_favourites'),
	(132, 'Can view Favourites', 33, 'view_favourites'),
	(133, 'Can add order', 34, 'add_order'),
	(134, 'Can change order', 34, 'change_order'),
	(135, 'Can delete order', 34, 'delete_order'),
	(136, 'Can view order', 34, 'view_order'),
	(137, 'Can add order item', 35, 'add_orderitem'),
	(138, 'Can change order item', 35, 'change_orderitem'),
	(139, 'Can delete order item', 35, 'delete_orderitem'),
	(140, 'Can view order item', 35, 'view_orderitem'),
	(141, 'Can add invoice', 36, 'add_invoice'),
	(142, 'Can change invoice', 36, 'change_invoice'),
	(143, 'Can delete invoice', 36, 'delete_invoice'),
	(144, 'Can view invoice', 36, 'view_invoice'),
	(145, 'Can add Stock Inventory', 37, 'add_stockinventory'),
	(146, 'Can change Stock Inventory', 37, 'change_stockinventory'),
	(147, 'Can delete Stock Inventory', 37, 'delete_stockinventory'),
	(148, 'Can view Stock Inventory', 37, 'view_stockinventory'),
	(149, 'Can add review', 38, 'add_review'),
	(150, 'Can change review', 38, 'change_review'),
	(151, 'Can delete review', 38, 'delete_review'),
	(152, 'Can view review', 38, 'view_review'),
	(153, 'Can add vendor', 39, 'add_vendor'),
	(154, 'Can change vendor', 39, 'change_vendor'),
	(155, 'Can delete vendor', 39, 'delete_vendor'),
	(156, 'Can view vendor', 39, 'view_vendor'),
	(157, 'Can add review', 40, 'add_review'),
	(158, 'Can change review', 40, 'change_review'),
	(159, 'Can delete review', 40, 'delete_review'),
	(160, 'Can view review', 40, 'view_review'),
	(161, 'Can add Mpesa Transactions', 41, 'add_transaction'),
	(162, 'Can change Mpesa Transactions', 41, 'change_transaction'),
	(163, 'Can delete Mpesa Transactions', 41, 'delete_transaction'),
	(164, 'Can view Mpesa Transactions', 41, 'view_transaction'),
	(165, 'Can add Token', 9, 'add_token'),
	(166, 'Can change Token', 9, 'change_token'),
	(167, 'Can delete Token', 9, 'delete_token'),
	(168, 'Can view Token', 9, 'view_token'),
	(169, 'Can add token', 10, 'add_tokenproxy'),
	(170, 'Can change token', 10, 'change_tokenproxy'),
	(171, 'Can delete token', 10, 'delete_tokenproxy'),
	(172, 'Can view token', 10, 'view_tokenproxy'),
	(173, 'Can add user', 7, 'add_myuser'),
	(174, 'Can change user', 7, 'change_myuser'),
	(175, 'Can delete user', 7, 'delete_myuser'),
	(176, 'Can view user', 7, 'view_myuser'),
	(177, 'Can add Cart', 8, 'add_cart'),
	(178, 'Can change Cart', 8, 'change_cart'),
	(179, 'Can delete Cart', 8, 'delete_cart'),
	(180, 'Can view Cart', 8, 'view_cart'),
	(181, 'Can add Blog', 43, 'add_blog'),
	(182, 'Can change Blog', 43, 'change_blog'),
	(183, 'Can delete Blog', 43, 'delete_blog'),
	(184, 'Can view Blog', 43, 'view_blog'),
	(185, 'Can add Front Store Settings', 42, 'add_frontstore'),
	(186, 'Can change Front Store Settings', 42, 'change_frontstore'),
	(187, 'Can delete Front Store Settings', 42, 'delete_frontstore'),
	(188, 'Can view Front Store Settings', 42, 'view_frontstore'),
	(189, 'Can add Blog Post', 44, 'add_post'),
	(190, 'Can change Blog Post', 44, 'change_post'),
	(191, 'Can delete Blog Post', 44, 'delete_post'),
	(192, 'Can view Blog Post', 44, 'view_post'),
	(193, 'Can add email config', 45, 'add_emailconfig'),
	(194, 'Can change email config', 45, 'change_emailconfig'),
	(195, 'Can delete email config', 45, 'delete_emailconfig'),
	(196, 'Can view email config', 45, 'view_emailconfig'),
	(197, 'Can add business address', 11, 'add_businessaddress'),
	(198, 'Can change business address', 11, 'change_businessaddress'),
	(199, 'Can delete business address', 11, 'delete_businessaddress'),
	(200, 'Can view business address', 11, 'view_businessaddress'),
	(201, 'Can add delivery regions', 12, 'add_deliveryregions'),
	(202, 'Can change delivery regions', 12, 'change_deliveryregions'),
	(203, 'Can delete delivery regions', 12, 'delete_deliveryregions'),
	(204, 'Can view delivery regions', 12, 'view_deliveryregions'),
	(205, 'Can add supplier', 13, 'add_supplier'),
	(206, 'Can change supplier', 13, 'change_supplier'),
	(207, 'Can delete supplier', 13, 'delete_supplier'),
	(208, 'Can view supplier', 13, 'view_supplier'),
	(209, 'Can add pickup stations', 14, 'add_pickupstations'),
	(210, 'Can change pickup stations', 14, 'change_pickupstations'),
	(211, 'Can delete pickup stations', 14, 'delete_pickupstations'),
	(212, 'Can view pickup stations', 14, 'view_pickupstations'),
	(213, 'Can add employee', 15, 'add_employee'),
	(214, 'Can change employee', 15, 'change_employee'),
	(215, 'Can delete employee', 15, 'delete_employee'),
	(216, 'Can view employee', 15, 'view_employee'),
	(217, 'Can add customer', 16, 'add_customer'),
	(218, 'Can change customer', 16, 'change_customer'),
	(219, 'Can delete customer', 16, 'delete_customer'),
	(220, 'Can view customer', 16, 'view_customer'),
	(221, 'Can add address book', 17, 'add_addressbook'),
	(222, 'Can change address book', 17, 'change_addressbook'),
	(223, 'Can delete address book', 17, 'delete_addressbook'),
	(224, 'Can view address book', 17, 'view_addressbook'),
	(225, 'Can add transactions', 18, 'add_transactions'),
	(226, 'Can change transactions', 18, 'change_transactions'),
	(227, 'Can delete transactions', 18, 'delete_transactions'),
	(228, 'Can view transactions', 18, 'view_transactions'),
	(229, 'Can add Sales', 19, 'add_sales'),
	(230, 'Can change Sales', 19, 'change_sales'),
	(231, 'Can delete Sales', 19, 'delete_sales'),
	(232, 'Can view Sales', 19, 'view_sales'),
	(233, 'Can add Sales Items', 22, 'add_salesitems'),
	(234, 'Can change Sales Items', 22, 'change_salesitems'),
	(235, 'Can delete Sales Items', 22, 'delete_salesitems'),
	(236, 'Can view Sales Items', 22, 'view_salesitems'),
	(237, 'Can add category', 23, 'add_category'),
	(238, 'Can change category', 23, 'change_category'),
	(239, 'Can delete category', 23, 'delete_category'),
	(240, 'Can view category', 23, 'view_category'),
	(241, 'Can add main category', 24, 'add_maincategory'),
	(242, 'Can change main category', 24, 'change_maincategory'),
	(243, 'Can delete main category', 24, 'delete_maincategory'),
	(244, 'Can view main category', 24, 'view_maincategory'),
	(245, 'Can add Products', 25, 'add_products'),
	(246, 'Can change Products', 25, 'change_products'),
	(247, 'Can delete Products', 25, 'delete_products'),
	(248, 'Can view Products', 25, 'view_products'),
	(249, 'Can add subcategory', 26, 'add_subcategory'),
	(250, 'Can change subcategory', 26, 'change_subcategory'),
	(251, 'Can delete subcategory', 26, 'delete_subcategory'),
	(252, 'Can view subcategory', 26, 'view_subcategory'),
	(253, 'Can add unit', 27, 'add_unit'),
	(254, 'Can change unit', 27, 'change_unit'),
	(255, 'Can delete unit', 27, 'delete_unit'),
	(256, 'Can view unit', 27, 'view_unit'),
	(257, 'Can add Size Variation', 29, 'add_productsize'),
	(258, 'Can change Size Variation', 29, 'change_productsize'),
	(259, 'Can delete Size Variation', 29, 'delete_productsize'),
	(260, 'Can view Size Variation', 29, 'view_productsize'),
	(261, 'Can add product images', 30, 'add_productimages'),
	(262, 'Can change product images', 30, 'change_productimages'),
	(263, 'Can delete product images', 30, 'delete_productimages'),
	(264, 'Can view product images', 30, 'view_productimages'),
	(265, 'Can add Color Variation', 31, 'add_productcolor'),
	(266, 'Can change Color Variation', 31, 'change_productcolor'),
	(267, 'Can delete Color Variation', 31, 'delete_productcolor'),
	(268, 'Can view Color Variation', 31, 'view_productcolor'),
	(269, 'Can add Favourites', 32, 'add_favourites'),
	(270, 'Can change Favourites', 32, 'change_favourites'),
	(271, 'Can delete Favourites', 32, 'delete_favourites'),
	(272, 'Can view Favourites', 32, 'view_favourites'),
	(273, 'Can add order', 33, 'add_order'),
	(274, 'Can change order', 33, 'change_order'),
	(275, 'Can delete order', 33, 'delete_order'),
	(276, 'Can view order', 33, 'view_order'),
	(277, 'Can add order item', 34, 'add_orderitem'),
	(278, 'Can change order item', 34, 'change_orderitem'),
	(279, 'Can delete order item', 34, 'delete_orderitem'),
	(280, 'Can view order item', 34, 'view_orderitem'),
	(281, 'Can add invoice', 35, 'add_invoice'),
	(282, 'Can change invoice', 35, 'change_invoice'),
	(283, 'Can delete invoice', 35, 'delete_invoice'),
	(284, 'Can view invoice', 35, 'view_invoice'),
	(285, 'Can add Stock Inventory', 36, 'add_stockinventory'),
	(286, 'Can change Stock Inventory', 36, 'change_stockinventory'),
	(287, 'Can delete Stock Inventory', 36, 'delete_stockinventory'),
	(288, 'Can view Stock Inventory', 36, 'view_stockinventory'),
	(289, 'Can add review', 39, 'add_review'),
	(290, 'Can change review', 39, 'change_review'),
	(291, 'Can delete review', 39, 'delete_review'),
	(292, 'Can view review', 39, 'view_review'),
	(293, 'Can add vendor', 37, 'add_vendor'),
	(294, 'Can change vendor', 37, 'change_vendor'),
	(295, 'Can delete vendor', 37, 'delete_vendor'),
	(296, 'Can view vendor', 37, 'view_vendor'),
	(297, 'Can add site', 46, 'add_site'),
	(298, 'Can change site', 46, 'change_site'),
	(299, 'Can delete site', 46, 'delete_site'),
	(300, 'Can view site', 46, 'view_site'),
	(301, 'Can add Post Comment', 47, 'add_comments'),
	(302, 'Can change Post Comment', 47, 'change_comments'),
	(303, 'Can delete Post Comment', 47, 'delete_comments'),
	(304, 'Can view Post Comment', 47, 'view_comments');

-- Dumping structure for table bengomall.blog
CREATE TABLE IF NOT EXISTS `blog` (
  `id` bigint NOT NULL AUTO_INCREMENT,
  `title` varchar(255) NOT NULL,
  `date_created` datetime(6) NOT NULL,
  `published` tinyint(1) NOT NULL,
  `author_id` bigint DEFAULT NULL,
  `excerpt` longtext NOT NULL DEFAULT (_utf8mb3'Dive into the season of joy and mindfulness with Yogi\'s Delight! Explore our guide on maintaining serenity amidst the festive bustle. From calming yoga routines to mindful gift-giving, discover how you can infuse your holidays with peace and positivity.'),
  `featured_image` varchar(100) DEFAULT NULL,
  PRIMARY KEY (`id`),
  KEY `blog_author_id_125a421c_fk_authmanagement_myuser_id` (`author_id`),
  CONSTRAINT `blog_author_id_125a421c_fk_authmanagement_myuser_id` FOREIGN KEY (`author_id`) REFERENCES `authmanagement_myuser` (`id`)
) ENGINE=InnoDB AUTO_INCREMENT=4 DEFAULT CHARSET=utf8mb4 COLLATE=utf8mb4_0900_ai_ci;

-- Dumping data for table bengomall.blog: ~3 rows (approximately)
INSERT IGNORE INTO `blog` (`id`, `title`, `date_created`, `published`, `author_id`, `excerpt`, `featured_image`) VALUES
	(1, 'Yuletide Zen: Finding Balance in Festivity', '2023-12-19 17:41:31.000000', 1, 13, 'Dive into the season of joy and mindfulness with Yogi\'s Delight! Explore our guide on maintaining serenity amidst the festive bustle. From calming yoga routines to mindful gift-giving, discover how you can infuse your holidays with peace and positivity.', 'Blog/featured/yogisbanner.png'),
	(2, 'Nurturing Wellness: A December Retreat', '2023-12-19 19:17:51.000000', 1, 36, 'Join us on a virtual retreat this December as we delve into the art of self-care. Explore the wellness practices that can transform your month into a rejuvenating escape. Discover exclusive offers on our curated collection, designed to nurture your mind, body, and spirit.', 'Blog/featured/tisho1-removebg-preview.png'),
	(3, 'Unwrap Joy: Yogi\'s Delight Gift Guide 2023', '2023-12-19 19:17:51.000000', 1, 13, 'This festive season, embark on a journey of thoughtful gifting with Yogi\'s Delight! Our comprehensive gift guide is a treasure trove of unique ideas for every yogi on your list. From cozy apparel to wellness essentials, find the perfect present to spread joy and good vibes.', 'Blog/featured/mug.png');

-- Dumping structure for table bengomall.blog_posts
CREATE TABLE IF NOT EXISTS `blog_posts` (
  `id` bigint NOT NULL AUTO_INCREMENT,
  `title` varchar(255) NOT NULL,
  `image` varchar(100) NOT NULL,
  `blog_id` bigint NOT NULL,
  `content` longtext NOT NULL DEFAULT (_utf8mb3'Enter post content here'),
  PRIMARY KEY (`id`),
  KEY `blog_posts_blog_id_21fd6b99_fk_blog_id` (`blog_id`),
  CONSTRAINT `blog_posts_blog_id_21fd6b99_fk_blog_id` FOREIGN KEY (`blog_id`) REFERENCES `blog` (`id`)
) ENGINE=InnoDB AUTO_INCREMENT=5 DEFAULT CHARSET=utf8mb4 COLLATE=utf8mb4_0900_ai_ci;

-- Dumping data for table bengomall.blog_posts: ~3 rows (approximately)
INSERT IGNORE INTO `blog_posts` (`id`, `title`, `image`, `blog_id`, `content`) VALUES
	(2, 'Harmony in Threads: Serenity Sweater Collection', 'Blog/posts/tisho1-removebg-preview.png', 2, 'Wrap yourself in the warmth of serenity with our December-exclusive Serenity Sweater Collection. Each piece is a harmony of comfort and style, designed to elevate your winter wardrobe. Embrace the cozy allure of mindfulness with every stitch.'),
	(3, 'Essence of Tranquility: Aromatherapy Diffuser Set', 'Blog/posts/bag.png', 3, 'Immerse your space in the essence of tranquility with our Aromatherapy Diffuser Set. Handpicked scents, curated for relaxation, transform any room into a sanctuary. Elevate your mindfulness rituals and embrace the soothing aromas that define the spirit of Yogi\'s Delight.'),
	(4, 'Celestial Comfort: Luna Yoga Mat', 'Blog/posts/logo-light.png', 1, 'Elevate your practice with the Luna Yoga Mat from our December collection! Crafted for celestial comfort, this non-slip mat provides a serene foundation for your yoga journey. Immerse yourself in the tranquility of lunar-inspired design and experience the essence of Yogi\'s Delight.');

-- Dumping structure for table bengomall.business_addresses
CREATE TABLE IF NOT EXISTS `business_addresses` (
  `id` bigint NOT NULL AUTO_INCREMENT,
  `state` varchar(50) NOT NULL,
  `city` varchar(50) NOT NULL,
  `box` varchar(500) NOT NULL,
  `street_or_road` varchar(255) NOT NULL,
  `phone` varchar(15) DEFAULT NULL,
  `other_phone` varchar(15) DEFAULT NULL,
  PRIMARY KEY (`id`)
) ENGINE=InnoDB DEFAULT CHARSET=utf8mb4 COLLATE=utf8mb4_0900_ai_ci;

-- Dumping data for table bengomall.business_addresses: ~0 rows (approximately)

-- Dumping structure for table bengomall.cart
CREATE TABLE IF NOT EXISTS `cart` (
  `id` bigint NOT NULL AUTO_INCREMENT,
  `quantity` int unsigned NOT NULL,
  `tax` double NOT NULL,
  `retail_price` double NOT NULL,
  `item_subtotal` double NOT NULL,
  `item_total` double NOT NULL,
  `stock_id` bigint NOT NULL,
  `user_id` bigint NOT NULL,
  PRIMARY KEY (`id`),
  KEY `cart_stock_id_88e016ba_fk_inventory_id` (`stock_id`),
  KEY `cart_user_id_1361a739_fk_authmanagement_myuser_id` (`user_id`),
  CONSTRAINT `cart_stock_id_88e016ba_fk_inventory_id` FOREIGN KEY (`stock_id`) REFERENCES `inventory` (`id`),
  CONSTRAINT `cart_user_id_1361a739_fk_authmanagement_myuser_id` FOREIGN KEY (`user_id`) REFERENCES `authmanagement_myuser` (`id`),
  CONSTRAINT `cart_chk_1` CHECK ((`quantity` >= 0))
) ENGINE=InnoDB AUTO_INCREMENT=33 DEFAULT CHARSET=utf8mb4 COLLATE=utf8mb4_0900_ai_ci;

-- Dumping data for table bengomall.cart: ~1 rows (approximately)
INSERT IGNORE INTO `cart` (`id`, `quantity`, `tax`, `retail_price`, `item_subtotal`, `item_total`, `stock_id`, `user_id`) VALUES
	(32, 1, 0, 300, 300, 300, 2129, 13);

-- Dumping structure for table bengomall.categories
CREATE TABLE IF NOT EXISTS `categories` (
  `id` bigint NOT NULL AUTO_INCREMENT,
  `name` varchar(255) NOT NULL,
  `display_image` varchar(100) DEFAULT NULL,
  `status` int NOT NULL,
  PRIMARY KEY (`id`)
) ENGINE=InnoDB AUTO_INCREMENT=453 DEFAULT CHARSET=utf8mb4 COLLATE=utf8mb4_0900_ai_ci;

-- Dumping data for table bengomall.categories: ~109 rows (approximately)
INSERT IGNORE INTO `categories` (`id`, `name`, `display_image`, `status`) VALUES
	(344, 'Honey', '', 1),
	(345, 'Blueband', '', 1),
	(346, 'Broilers', '', 1),
	(347, 'Omo', '', 1),
	(348, 'Sausages', '', 1),
	(349, 'Coocking Fat', '', 1),
	(350, 'Jelly', '', 1),
	(351, 'Kamande', '', 1),
	(352, 'Powder', '', 1),
	(353, 'Sugar', '', 1),
	(354, 'Wheat Floor', '', 1),
	(355, 'Rice', '', 1),
	(356, 'Soda', '', 1),
	(357, 'Juice', '', 1),
	(358, 'Yellow Beans', '', 1),
	(359, 'Maize Floor', '', 1),
	(360, 'Quencher', '', 1),
	(361, 'Yoghurt', '', 1),
	(362, 'Bar Soap', '', 1),
	(363, 'Ndengu', '', 1),
	(364, 'Mala', '', 1),
	(365, 'Water', '', 1),
	(366, 'Bread', '', 1),
	(367, 'Mandazi', '', 1),
	(368, 'Ngumu', '', 1),
	(369, 'Always', '', 1),
	(370, 'Bella', '', 1),
	(371, 'Afia ', '', 1),
	(372, 'Milk', '', 1),
	(373, 'Softcare', '', 1),
	(374, 'Colgate', '', 1),
	(375, 'Spaghetti', '', 1),
	(376, 'Jam', '', 1),
	(377, 'Predator', '', 1),
	(378, 'Passion', '', 1),
	(379, 'Coke', '', 1),
	(380, 'Nuvita', '', 1),
	(381, 'Orange', '', 1),
	(382, 'Colada', '', 1),
	(383, 'Baking Powder', '', 1),
	(384, 'Tea', '', 1),
	(385, 'Crips', '', 1),
	(386, 'Cheese & Onion', '', 1),
	(387, 'Chilli', '', 1),
	(388, 'Salt & Vnegar', '', 1),
	(389, 'Tomato', '', 1),
	(390, 'Minute Maid ', '', 1),
	(391, 'Jooz Orange Juice', '', 1),
	(392, 'Juo Orange', '', 1),
	(393, 'Juo Ukwaju', '', 1),
	(394, 'Novida', '', 1),
	(395, 'Soda Plastic', '', 1),
	(396, 'Soda Glass', '', 1),
	(397, 'Indomie', '', 1),
	(398, 'Classic', '', 1),
	(399, 'Sossi', '', 1),
	(400, 'Beef Flavour', '', 1),
	(401, 'Biscuits', '', 1),
	(402, 'Mosquito Coil', '', 1),
	(403, 'Mboga', '', 1),
	(404, 'Toothbrush', '', 1),
	(405, 'Marie', '', 1),
	(406, 'Single', '', 1),
	(407, 'Eno', '', 1),
	(408, 'Menthol', '', 1),
	(409, 'Nuvita ', '', 1),
	(410, 'Nescafe', '', 1),
	(411, 'Krest', '', 1),
	(412, 'Pen', '', 1),
	(413, 'Salt', '', 1),
	(414, 'Switch', '', 1),
	(415, 'Exercise Book', '', 1),
	(416, 'Oreo', '', 1),
	(417, 'Kahawa', '', 1),
	(418, 'Sprite', '', 1),
	(419, 'Diaper', '', 1),
	(420, 'Bath Soap', '', 1),
	(421, 'Eggs', '', 1),
	(422, 'Glucose', '', 1),
	(423, 'KDF', '', 1),
	(424, 'SM', '', 1),
	(425, 'Sportsman', '', 1),
	(426, 'Panadol', '', 1),
	(427, 'Tuliza', '', 1),
	(428, 'Cocoa', '', 1),
	(429, 'Sweets', '', 1),
	(430, 'Bites', '', 1),
	(431, 'Chocolate', '', 1),
	(432, 'Ringoz', '', 1),
	(433, 'Safari', '', 1),
	(434, 'Candles', '', 1),
	(435, 'Curry Powder', '', 1),
	(436, 'Steelwool', '', 1),
	(437, 'Dormans', '', 1),
	(438, 'Hedex', '', 1),
	(439, 'Maramoja', '', 1),
	(440, 'Fresh', '', 1),
	(441, 'PK', '', 1),
	(442, 'Matchbox Rhino', '', 1),
	(443, 'Royco', '', 1),
	(444, 'Chicken Flavour', '', 1),
	(445, 'Ginger', '', 1),
	(446, 'Tropical', '', 1),
	(447, 'Patco', '', 1),
	(448, 'Koo', '', 1),
	(449, 'Omena', '', 1),
	(450, 'Potatoes', '', 1),
	(451, 'Other', '', 1),
	(452, 'Pork', '', 1);

-- Dumping structure for table bengomall.categories_subcategories
CREATE TABLE IF NOT EXISTS `categories_subcategories` (
  `id` bigint NOT NULL AUTO_INCREMENT,
  `category_id` bigint NOT NULL,
  `subcategory_id` bigint NOT NULL,
  PRIMARY KEY (`id`),
  UNIQUE KEY `categories_Subcategories_category_id_subcategory__99415ec0_uniq` (`category_id`,`subcategory_id`),
  KEY `categories_Subcatego_subcategory_id_3f874263_fk_subcatego` (`subcategory_id`),
  CONSTRAINT `categories_Subcatego_subcategory_id_3f874263_fk_subcatego` FOREIGN KEY (`subcategory_id`) REFERENCES `subcategories` (`id`),
  CONSTRAINT `categories_Subcategories_category_id_56271c2a_fk_categories_id` FOREIGN KEY (`category_id`) REFERENCES `categories` (`id`)
) ENGINE=InnoDB AUTO_INCREMENT=2239 DEFAULT CHARSET=utf8mb4 COLLATE=utf8mb4_0900_ai_ci;

-- Dumping data for table bengomall.categories_subcategories: ~132 rows (approximately)
INSERT IGNORE INTO `categories_subcategories` (`id`, `category_id`, `subcategory_id`) VALUES
	(1813, 344, 383),
	(1814, 345, 384),
	(1815, 346, 385),
	(1818, 347, 386),
	(1906, 347, 440),
	(1973, 347, 479),
	(1821, 348, 387),
	(1822, 349, 388),
	(1823, 349, 389),
	(2008, 349, 498),
	(1826, 350, 390),
	(1926, 350, 452),
	(1827, 351, 391),
	(1828, 352, 392),
	(1846, 352, 402),
	(1979, 352, 479),
	(1830, 353, 393),
	(1885, 353, 428),
	(1831, 354, 394),
	(1832, 355, 395),
	(1844, 355, 401),
	(1859, 355, 410),
	(1835, 356, 396),
	(1853, 356, 405),
	(2017, 356, 501),
	(1836, 357, 397),
	(1837, 358, 391),
	(1838, 359, 398),
	(1839, 360, 399),
	(1842, 361, 400),
	(1843, 362, 392),
	(1958, 362, 402),
	(1850, 363, 391),
	(1851, 364, 403),
	(1852, 365, 404),
	(1854, 366, 406),
	(1855, 367, 407),
	(1856, 368, 408),
	(1857, 369, 409),
	(1862, 370, 411),
	(1866, 371, 412),
	(1867, 372, 413),
	(1875, 372, 418),
	(1882, 372, 425),
	(1868, 373, 414),
	(1869, 374, 415),
	(1871, 375, 416),
	(1873, 376, 417),
	(1876, 377, 419),
	(1877, 378, 420),
	(1878, 379, 421),
	(1879, 380, 422),
	(1880, 381, 423),
	(1881, 382, 424),
	(1883, 383, 426),
	(1884, 384, 427),
	(1903, 384, 438),
	(1904, 384, 439),
	(1886, 385, 429),
	(1887, 386, 430),
	(1888, 387, 431),
	(1889, 388, 432),
	(1890, 389, 433),
	(1981, 389, 483),
	(1892, 390, 434),
	(1894, 391, 424),
	(1895, 392, 424),
	(1896, 393, 424),
	(1899, 394, 435),
	(1900, 395, 436),
	(1902, 396, 437),
	(1907, 397, 441),
	(1908, 398, 442),
	(1909, 399, 443),
	(1912, 400, 444),
	(1913, 401, 445),
	(1914, 401, 446),
	(1997, 401, 490),
	(1916, 402, 447),
	(1917, 403, 448),
	(1962, 403, 472),
	(1963, 403, 473),
	(1919, 404, 449),
	(1920, 405, 450),
	(1921, 406, 451),
	(1927, 407, 453),
	(1928, 408, 454),
	(1930, 409, 455),
	(1931, 410, 456),
	(1932, 411, 457),
	(1933, 412, 458),
	(1934, 413, 432),
	(1936, 414, 459),
	(1937, 415, 460),
	(1939, 416, 461),
	(1940, 417, 462),
	(1942, 418, 463),
	(1943, 419, 414),
	(1945, 420, 464),
	(1951, 421, 465),
	(1953, 422, 466),
	(1955, 423, 467),
	(1956, 424, 468),
	(1957, 425, 469),
	(1960, 426, 470),
	(1961, 427, 471),
	(1965, 428, 474),
	(1966, 429, 475),
	(1969, 430, 476),
	(1970, 431, 477),
	(1971, 432, 478),
	(1976, 433, 480),
	(1978, 434, 481),
	(1980, 435, 482),
	(1983, 436, 484),
	(1984, 437, 485),
	(1985, 438, 486),
	(1986, 439, 487),
	(1991, 440, 488),
	(1995, 441, 489),
	(2000, 442, 491),
	(2001, 443, 492),
	(2002, 444, 493),
	(2003, 445, 494),
	(2005, 446, 495),
	(2006, 447, 496),
	(2007, 448, 497),
	(2013, 449, 499),
	(2016, 450, 500),
	(2018, 451, 502),
	(2019, 451, 503),
	(2020, 452, 504);

-- Dumping structure for table bengomall.core_emailconfig
CREATE TABLE IF NOT EXISTS `core_emailconfig` (
  `id` bigint NOT NULL AUTO_INCREMENT,
  `from_email` varchar(100) NOT NULL,
  `email_password` varchar(128) NOT NULL,
  `email_host` varchar(50) NOT NULL,
  `email_port` varchar(5) NOT NULL,
  `use_tls` tinyint(1) NOT NULL,
  `fail_silently` tinyint(1) NOT NULL,
  PRIMARY KEY (`id`)
) ENGINE=InnoDB AUTO_INCREMENT=2 DEFAULT CHARSET=utf8mb4 COLLATE=utf8mb4_0900_ai_ci;

-- Dumping data for table bengomall.core_emailconfig: ~1 rows (approximately)
INSERT IGNORE INTO `core_emailconfig` (`id`, `from_email`, `email_password`, `email_host`, `email_port`, `use_tls`, `fail_silently`) VALUES
	(1, 'codevertexitsolutions@gmail.com', 'vgphtytkiqsneyqf', 'smtp.gmail.com', '587', 1, 0);

-- Dumping structure for table bengomall.customers
CREATE TABLE IF NOT EXISTS `customers` (
  `id` bigint NOT NULL AUTO_INCREMENT,
  `user_id` bigint NOT NULL,
  PRIMARY KEY (`id`),
  UNIQUE KEY `user_id` (`user_id`),
  CONSTRAINT `customers_user_id_28f6c6eb_fk_authmanagement_myuser_id` FOREIGN KEY (`user_id`) REFERENCES `authmanagement_myuser` (`id`)
) ENGINE=InnoDB DEFAULT CHARSET=utf8mb4 COLLATE=utf8mb4_0900_ai_ci;

-- Dumping data for table bengomall.customers: ~0 rows (approximately)

-- Dumping structure for table bengomall.delivery_regions
CREATE TABLE IF NOT EXISTS `delivery_regions` (
  `id` bigint NOT NULL AUTO_INCREMENT,
  `region` varchar(255) NOT NULL,
  `city` varchar(255) NOT NULL,
  `door_step_delivery` tinyint(1) NOT NULL,
  `door_step_delivery_charge` bigint unsigned DEFAULT NULL,
  PRIMARY KEY (`id`),
  CONSTRAINT `delivery_regions_chk_1` CHECK ((`door_step_delivery_charge` >= 0))
) ENGINE=InnoDB DEFAULT CHARSET=utf8mb4 COLLATE=utf8mb4_0900_ai_ci;

-- Dumping data for table bengomall.delivery_regions: ~0 rows (approximately)

-- Dumping structure for table bengomall.django_admin_log
CREATE TABLE IF NOT EXISTS `django_admin_log` (
  `id` int NOT NULL AUTO_INCREMENT,
  `action_time` datetime(6) NOT NULL,
  `object_id` longtext,
  `object_repr` varchar(200) NOT NULL,
  `action_flag` smallint unsigned NOT NULL,
  `change_message` longtext NOT NULL,
  `content_type_id` int DEFAULT NULL,
  `user_id` bigint NOT NULL,
  PRIMARY KEY (`id`),
  KEY `django_admin_log_content_type_id_c4bce8eb_fk_django_co` (`content_type_id`),
  KEY `django_admin_log_user_id_c564eba6_fk_authmanagement_myuser_id` (`user_id`),
  CONSTRAINT `django_admin_log_content_type_id_c4bce8eb_fk_django_co` FOREIGN KEY (`content_type_id`) REFERENCES `django_content_type` (`id`),
  CONSTRAINT `django_admin_log_user_id_c564eba6_fk_authmanagement_myuser_id` FOREIGN KEY (`user_id`) REFERENCES `authmanagement_myuser` (`id`),
  CONSTRAINT `django_admin_log_chk_1` CHECK ((`action_flag` >= 0))
) ENGINE=InnoDB AUTO_INCREMENT=5617 DEFAULT CHARSET=utf8mb4 COLLATE=utf8mb4_0900_ai_ci;

-- Dumping data for table bengomall.django_admin_log: ~5,616 rows (approximately)
INSERT IGNORE INTO `django_admin_log` (`id`, `action_time`, `object_id`, `object_repr`, `action_flag`, `change_message`, `content_type_id`, `user_id`) VALUES
	(1, '2023-11-02 15:59:40.687153', '15', 'johndoe@user.com', 1, '[{"added": {}}]', 7, 13),
	(2, '2023-11-03 10:37:00.769184', '1', '00100-397', 1, '[{"added": {}}]', 11, 13),
	(3, '2023-11-03 10:37:19.370795', '1', 'Kisumu', 1, '[{"added": {}}]', 12, 13),
	(4, '2023-11-03 10:37:21.618048', '1', 'YOGIS DELIGHT', 1, '[{"added": {}}]', 13, 13),
	(5, '2023-11-03 10:59:34.771728', '1', 'fresh milk', 1, '[{"added": {}}]', 26, 13),
	(6, '2023-11-03 11:01:30.999923', '2', 'delamere', 1, '[{"added": {}}]', 26, 13),
	(7, '2023-11-03 11:01:43.518447', '3', 'Delight', 1, '[{"added": {}}]', 26, 13),
	(8, '2023-11-03 11:02:04.182058', '1', 'Yoghurt', 1, '[{"added": {}}]', 23, 13),
	(9, '2023-11-03 11:02:21.129524', '1', 'Dairy Products', 1, '[{"added": {}}]', 24, 13),
	(10, '2023-11-03 11:22:37.042460', '1', '1 - Yogis thick yoghurt', 3, '', 25, 13),
	(11, '2023-11-03 11:22:44.326781', '2', '1 - Yogis thick yoghurt', 3, '', 25, 13),
	(12, '2023-11-03 11:29:59.178613', '3', '1 - Yogis thick yoghurt', 3, '', 25, 13),
	(13, '2023-11-03 14:32:02.104904', '35', '1 - Yogis thick yoghurt', 3, '', 25, 13),
	(14, '2023-11-03 14:32:02.109902', '34', '1 - Yogis thick yoghurt', 3, '', 25, 13),
	(15, '2023-11-03 14:32:02.112902', '33', '1 - Yogis thick yoghurt', 3, '', 25, 13),
	(16, '2023-11-03 14:32:02.116911', '32', '1 - Yogis thick yoghurt', 3, '', 25, 13),
	(17, '2023-11-03 14:32:02.121913', '31', '1 - Yogis thick yoghurt', 3, '', 25, 13),
	(18, '2023-11-03 14:32:02.124912', '30', '1 - Yogis thick yoghurt', 3, '', 25, 13),
	(19, '2023-11-03 14:32:02.128901', '29', '1 - Yogis thick yoghurt', 3, '', 25, 13),
	(20, '2023-11-03 14:32:02.133910', '28', '1 - Yogis thick yoghurt', 3, '', 25, 13),
	(21, '2023-11-03 14:32:02.136328', '27', '1 - Yogis thick yoghurt', 3, '', 25, 13),
	(22, '2023-11-03 14:32:02.136328', '26', '1 - Yogis thick yoghurt', 3, '', 25, 13),
	(23, '2023-11-03 14:32:02.136328', '25', '1 - Yogis thick yoghurt', 3, '', 25, 13),
	(24, '2023-11-03 14:32:02.136328', '24', '1 - Yogis thick yoghurt', 3, '', 25, 13),
	(25, '2023-11-03 14:32:02.153063', '23', '1 - Yogis thick yoghurt', 3, '', 25, 13),
	(26, '2023-11-03 14:32:02.156059', '22', '1 - Yogis thick yoghurt', 3, '', 25, 13),
	(27, '2023-11-03 14:32:02.160070', '21', '1 - Yogis thick yoghurt', 3, '', 25, 13),
	(28, '2023-11-03 14:32:02.163059', '20', '1 - Yogis thick yoghurt', 3, '', 25, 13),
	(29, '2023-11-03 14:32:02.167066', '19', '1 - Yogis thick yoghurt', 3, '', 25, 13),
	(30, '2023-11-03 14:32:02.172058', '18', '1 - Yogis thick yoghurt', 3, '', 25, 13),
	(31, '2023-11-03 14:32:02.175058', '17', '1 - Yogis thick yoghurt', 3, '', 25, 13),
	(32, '2023-11-03 14:32:02.179059', '16', '1 - Yogis thick yoghurt', 3, '', 25, 13),
	(33, '2023-11-03 14:32:02.182063', '15', '1 - Yogis thick yoghurt', 3, '', 25, 13),
	(34, '2023-11-03 14:32:02.185064', '14', '1 - Yogis thick yoghurt', 3, '', 25, 13),
	(35, '2023-11-03 14:32:02.189058', '13', '1 - Yogis thick yoghurt', 3, '', 25, 13),
	(36, '2023-11-03 14:32:02.192058', '12', '1 - Yogis thick yoghurt', 3, '', 25, 13),
	(37, '2023-11-03 14:32:02.195058', '11', '1 - Yogis thick yoghurt', 3, '', 25, 13),
	(38, '2023-11-03 14:32:02.199067', '10', '1 - Yogis thick yoghurt', 3, '', 25, 13),
	(39, '2023-11-03 14:32:02.203058', '9', '1 - Yogis thick yoghurt', 3, '', 25, 13),
	(40, '2023-11-03 14:32:02.206058', '8', '1 - Yogis thick yoghurt', 3, '', 25, 13),
	(41, '2023-11-03 14:32:02.210061', '7', '1 - Yogis thick yoghurt', 3, '', 25, 13),
	(42, '2023-11-03 14:32:02.213059', '6', '1 - Yogis thick yoghurt', 3, '', 25, 13),
	(43, '2023-11-03 14:32:02.217064', '5', '1 - Yogis thick yoghurt', 3, '', 25, 13),
	(44, '2023-11-03 14:32:02.221063', '4', '1 - Yogis thick yoghurt', 3, '', 25, 13),
	(45, '2023-11-03 14:34:10.558612', '2', 'Nairobi', 1, '[{"added": {}}, {"added": {"name": "pickup stations", "object": "Old Nation"}}]', 12, 13),
	(46, '2023-11-03 14:34:55.139877', '1', 'johndoe', 1, '[{"added": {}}]', 16, 13),
	(47, '2023-11-03 14:35:42.624899', '1', 'admin', 1, '[{"added": {}}]', 37, 13),
	(48, '2023-11-03 14:36:42.814724', '36', '1 - Yogis thick yoghurt', 2, '[{"changed": {"fields": ["Vendor", "Description"]}}]', 25, 13),
	(49, '2023-11-03 14:39:50.106878', '2', '1 - Yogis thick yoghurt (12)', 2, '[{"changed": {"fields": ["Supplier"]}}]', 36, 13),
	(50, '2023-11-03 14:42:24.140485', '36', '1 - Yogis thick yoghurt', 3, '', 25, 13),
	(51, '2023-11-03 14:53:57.142354', '37', '1 - Yogis thick yoghurt', 3, '', 25, 13),
	(52, '2023-11-03 15:00:38.086297', '38', '1 - Yogis thick yoghurt', 3, '', 25, 13),
	(53, '2023-11-03 17:01:30.466606', '1', 'Yoghurt', 2, '[{"changed": {"fields": ["Subcategories"]}}]', 23, 13),
	(54, '2023-11-04 06:00:36.356421', '6', 'supplier', 1, '[{"added": {}}]', 3, 13),
	(55, '2023-11-04 06:01:25.362468', '16', 'sup@gmail.com', 1, '[{"added": {}}]', 7, 13),
	(56, '2023-11-04 06:01:32.420046', '2', 'ALITECH', 1, '[{"added": {}}]', 13, 13),
	(57, '2023-11-04 06:02:41.880937', '1', 'admin', 2, '[{"changed": {"fields": ["Suppliers"]}}]', 37, 13),
	(58, '2023-11-04 06:12:20.291626', '8', 'Lenovo ThinkPad P14s Gen 2/ 14 FHD/ i7-1165 G7/ 16 GB/ 512 GB SSD/ NVIDIA Quadro T500 4 GB/ Windows 10 Pro/ Black/ PN: 20VX004RAD (6)', 2, '[{"changed": {"fields": ["Sku"]}}]', 36, 13),
	(59, '2023-11-04 07:50:15.335052', '7', 'Yogis thick yoghurt (10)', 2, '[{"changed": {"fields": ["Sku"]}}]', 36, 13),
	(60, '2023-11-04 07:51:26.132172', '40', 'Lenovo ThinkPad P14s', 2, '[{"changed": {"fields": ["Title"]}}]', 25, 13),
	(61, '2023-11-04 07:51:33.310919', '8', 'Lenovo ThinkPad P14s (6)', 2, '[{"changed": {"fields": ["Sku"]}}]', 36, 13),
	(62, '2023-11-04 14:41:28.331640', '1', 'Yogis thick yoghurt', 2, '[{"changed": {"fields": ["Sku"]}}]', 22, 13),
	(63, '2023-11-04 14:41:42.015931', '2', 'Yogis thick yoghurt', 2, '[{"changed": {"fields": ["Sku"]}}]', 22, 13),
	(64, '2023-11-04 14:43:01.447416', '7', 'Yogis thick yoghurt (9)', 2, '[{"changed": {"fields": ["Serial"]}}]', 36, 13),
	(65, '2023-11-04 14:43:26.440046', '9', 'Fresh Yogis milk (6)', 2, '[{"changed": {"fields": ["Serial"]}}]', 36, 13),
	(66, '2023-11-04 14:43:39.445244', '8', 'Lenovo ThinkPad P14s (6)', 2, '[{"changed": {"fields": ["Serial"]}}]', 36, 13),
	(67, '2023-11-04 14:44:02.074906', '6', 'Yogis thick yoghurt (5)', 2, '[{"changed": {"fields": ["Serial"]}}]', 36, 13),
	(68, '2023-11-05 05:57:23.764135', '2', 'Yogis thick yoghurt [3]', 3, '', 8, 13),
	(69, '2023-11-05 05:57:23.777041', '1', 'Yogis thick yoghurt [2]', 3, '', 8, 13),
	(70, '2023-11-05 06:00:37.096739', '3', 'Fresh Yogis milk [3]', 3, '', 8, 13),
	(71, '2023-11-05 06:03:18.873716', '4', 'Fresh Yogis milk [2]', 3, '', 8, 13),
	(72, '2023-11-05 06:09:17.909595', '1', 'John Doe', 1, '[{"added": {}}]', 17, 13),
	(73, '2023-11-05 06:36:54.893229', '6', 'Yogis thick yoghurt [2]', 3, '', 8, 13),
	(74, '2023-11-05 06:36:54.898767', '5', 'Fresh Yogis milk [7]', 3, '', 8, 13),
	(75, '2023-11-05 08:03:54.966899', '7', 'Lenovo ThinkPad P14s [2]', 3, '', 8, 13),
	(76, '2023-11-05 08:08:08.959815', '10', 'Yogis thick yoghurt [2]', 3, '', 8, 13),
	(77, '2023-11-05 08:08:08.965842', '9', 'Fresh Yogis milk [1]', 3, '', 8, 13),
	(78, '2023-11-05 08:08:08.970441', '8', 'Lenovo ThinkPad P14s [2]', 3, '', 8, 13),
	(79, '2023-11-05 09:53:43.535873', '13', 'Fresh Yogis milk [2]', 3, '', 8, 13),
	(80, '2023-11-05 09:53:43.548419', '12', 'Yogis thick yoghurt [1]', 3, '', 8, 13),
	(81, '2023-11-05 09:53:43.548419', '11', 'Yogis thick yoghurt [1]', 3, '', 8, 13),
	(82, '2023-11-05 12:26:43.959636', '15', 'Yogis thick yoghurt [1]', 3, '', 8, 13),
	(83, '2023-11-05 13:09:57.573863', '1', '1699188281890', 3, '', 33, 13),
	(84, '2023-11-05 13:10:29.325435', '3', '1699188281890', 3, '', 19, 13),
	(85, '2023-11-05 13:10:29.325435', '2', 'PUJO6DEWUA', 3, '', 19, 13),
	(86, '2023-11-05 13:10:29.325435', '1', 'IIKAIKON7Z', 3, '', 19, 13),
	(87, '2023-11-05 13:10:46.210345', '1', '1699188281890', 3, '', 35, 13),
	(88, '2023-11-05 13:55:37.285397', '2', '1699190962319', 2, '[{"changed": {"fields": ["Order"]}}]', 35, 13),
	(89, '2023-11-06 19:11:43.461223', '9', 'Fresh Yogis milk (3)', 2, '[{"changed": {"fields": ["Is deal of the day"]}}]', 36, 13),
	(90, '2023-11-06 19:11:59.100162', '8', 'Lenovo ThinkPad P14s (6)', 2, '[{"changed": {"fields": ["Is deal of the day"]}}]', 36, 13),
	(91, '2023-11-06 19:12:13.877399', '10', 'Dell XPS 13 vision (6)', 2, '[{"changed": {"fields": ["Is deal of the day"]}}]', 36, 13),
	(92, '2023-11-06 19:12:39.759479', '7', 'Yogis thick yoghurt (8)', 2, '[{"changed": {"fields": ["Is deal of the day"]}}]', 36, 13),
	(93, '2023-11-06 19:12:57.377078', '6', 'Yogis thick yoghurt (4)', 2, '[{"changed": {"fields": ["Is top pick"]}}]', 36, 13),
	(94, '2023-11-11 09:26:16.454948', '3', 'Whole milk', 2, '[{"changed": {"fields": ["Subcategories", "Display image"]}}]', 23, 13),
	(95, '2023-11-11 09:26:32.988958', '1', 'Yoghurt', 2, '[{"changed": {"fields": ["Subcategories", "Display image"]}}]', 23, 13),
	(96, '2023-11-11 09:26:53.620897', '2', 'Laptops', 2, '[{"changed": {"fields": ["Display image"]}}]', 23, 13),
	(97, '2023-11-11 10:14:19.020603', '9', 'Fresh Yogis milk (3)', 2, '[{"changed": {"fields": ["Is flash sale", "Flash sale end date"]}}]', 36, 13),
	(98, '2023-11-11 10:20:02.979814', '1', 'Front Store', 1, '[{"added": {}}]', 40, 13),
	(99, '2023-11-11 10:30:15.935402', '9', 'Fresh Yogis milk (3)', 2, '[{"changed": {"fields": ["Slider image"]}}]', 36, 13),
	(100, '2023-11-11 10:30:40.034176', '8', 'Lenovo ThinkPad P14s (6)', 2, '[{"changed": {"fields": ["Slider image"]}}]', 36, 13),
	(101, '2023-11-11 10:31:11.677902', '7', 'Yogis thick yoghurt (8)', 2, '[{"changed": {"fields": ["Slider image"]}}]', 36, 13),
	(102, '2023-11-11 10:31:23.672472', '7', 'Yogis thick yoghurt (8)', 2, '[{"changed": {"fields": ["Is flash sale"]}}]', 36, 13),
	(103, '2023-11-11 10:31:37.783484', '10', 'Dell XPS 13 vision (6)', 2, '[{"changed": {"fields": ["Is flash sale"]}}]', 36, 13),
	(104, '2023-11-11 10:31:51.130250', '10', 'Dell XPS 13 vision (6)', 2, '[{"changed": {"fields": ["Slider image"]}}]', 36, 13),
	(105, '2023-11-11 10:34:11.491737', '6', 'Yogis thick yoghurt (4)', 2, '[{"changed": {"fields": ["Slider image"]}}]', 36, 13),
	(106, '2023-11-11 11:06:16.314369', '9', 'Fresh Yogis milk (3)', 2, '[{"changed": {"fields": ["Is new arrival"]}}]', 36, 13),
	(107, '2023-11-12 13:33:41.967223', '16', 'TJPIHZDI8M', 3, '', 19, 13),
	(108, '2023-11-12 13:33:41.973253', '15', 'VHJ0KTZI03', 3, '', 19, 13),
	(109, '2023-11-12 13:33:41.976234', '14', 'I8WN7LV49V', 3, '', 19, 13),
	(110, '2023-11-12 13:33:41.980233', '13', 'ZMG9F38LRZ', 3, '', 19, 13),
	(111, '2023-11-12 13:33:41.984233', '12', 'KBDOKIVM9X', 3, '', 19, 13),
	(112, '2023-11-12 13:33:41.987701', '11', 'RZNZUXNUQF', 3, '', 19, 13),
	(113, '2023-11-12 13:33:41.990346', '9', 'RHD1EOSZZ7', 3, '', 19, 13),
	(114, '2023-11-12 13:33:41.990346', '6', '1699692768419', 3, '', 19, 13),
	(115, '2023-11-12 13:33:41.990346', '4', '1699190962319', 3, '', 19, 13),
	(116, '2023-11-12 13:38:13.504685', '4', '1699692768419', 3, '', 33, 13),
	(117, '2023-11-12 13:38:13.504685', '3', '1699282510241', 3, '', 33, 13),
	(118, '2023-11-12 13:38:13.504685', '2', '1699190962319', 3, '', 33, 13),
	(119, '2023-11-12 13:43:02.119668', '10', 'Dell XPS 13 vision (50)', 2, '[{"changed": {"fields": ["Stock level"]}}]', 36, 13),
	(120, '2023-11-12 13:43:02.123491', '9', 'Fresh Yogis milk (40)', 2, '[{"changed": {"fields": ["Stock level"]}}]', 36, 13),
	(121, '2023-11-12 13:43:02.126112', '8', 'Lenovo ThinkPad P14s (60)', 2, '[{"changed": {"fields": ["Stock level"]}}]', 36, 13),
	(122, '2023-11-12 13:43:02.129159', '7', 'Yogis thick yoghurt (30)', 2, '[{"changed": {"fields": ["Stock level"]}}]', 36, 13),
	(123, '2023-11-12 13:43:02.133272', '6', 'Yogis thick yoghurt (80)', 2, '[{"changed": {"fields": ["Stock level"]}}]', 36, 13),
	(124, '2023-11-13 10:49:29.698079', '1', 'G774H2822', 1, '[{"added": {}}]', 41, 13),
	(125, '2023-11-13 14:55:00.417552', '10', 'Dell XPS 13 vision (5)', 2, '[{"changed": {"fields": ["Stock level"]}}]', 36, 13),
	(126, '2023-11-13 20:41:38.690569', '41', 'Fresh Yogis milk', 2, '[{"changed": {"name": "Size Variation", "object": "250 ml", "fields": ["Retail price"]}}]', 25, 13),
	(127, '2023-11-13 20:42:07.390875', '40', 'Lenovo ThinkPad P14s', 2, '[{"changed": {"fields": ["Retail price"]}}]', 25, 13),
	(128, '2023-11-13 20:42:11.070840', '8', 'Lenovo ThinkPad P14s (60)', 2, '[]', 36, 13),
	(129, '2023-11-13 20:42:51.687095', '39', 'Yogis thick yoghurt', 2, '[{"changed": {"name": "Size Variation", "object": "250 ml", "fields": ["Retail price"]}}, {"changed": {"name": "Size Variation", "object": "500 ml", "fields": ["Retail price"]}}]', 25, 13),
	(130, '2023-11-13 20:42:54.065554', '7', 'Yogis thick yoghurt (26)', 2, '[]', 36, 13),
	(131, '2023-11-13 20:48:22.611249', '5', '1699898435565', 2, '[{"changed": {"fields": ["Order", "Updated at"]}}]', 35, 13),
	(132, '2023-11-14 14:39:21.835935', '10', '1699957527190', 3, '', 33, 13),
	(133, '2023-11-14 14:39:21.841018', '9', '1699957517955', 3, '', 33, 13),
	(134, '2023-11-14 14:39:21.845028', '8', '1699957385050', 3, '', 33, 13),
	(135, '2023-11-14 14:39:21.849031', '7', '1699957110535', 3, '', 33, 13),
	(136, '2023-11-14 14:39:21.853953', '6', '1699957059109', 3, '', 33, 13),
	(137, '2023-11-14 14:39:21.857013', '5', '1699898435565', 3, '', 33, 13),
	(138, '2023-11-14 14:39:40.993180', '30', '1699957527190', 3, '', 19, 13),
	(139, '2023-11-14 14:39:40.997246', '29', '1699957517955', 3, '', 19, 13),
	(140, '2023-11-14 14:39:41.001182', '28', '1699957385050', 3, '', 19, 13),
	(141, '2023-11-14 14:39:41.005284', '27', '1699957110535', 3, '', 19, 13),
	(142, '2023-11-14 14:39:41.009308', '26', '1699957059109', 3, '', 19, 13),
	(143, '2023-11-14 14:39:41.013221', '25', 'ZFC8TZFQ3Y', 3, '', 19, 13),
	(144, '2023-11-14 14:39:41.017182', '24', '1699898435565', 3, '', 19, 13),
	(145, '2023-11-14 14:39:41.021259', '23', 'QA4WUXXDU4', 3, '', 19, 13),
	(146, '2023-11-14 14:39:41.025235', '22', 'T6373H874G', 3, '', 19, 13),
	(147, '2023-11-14 14:39:41.029263', '21', 'JSUCVBYLUH', 3, '', 19, 13),
	(148, '2023-11-14 14:39:41.033179', '20', '6ZIGPQ5G5A', 3, '', 19, 13),
	(149, '2023-11-14 14:39:41.038204', '19', 'ZBSJ1IJEFV', 3, '', 19, 13),
	(150, '2023-11-14 14:39:41.042183', '18', 'OQLM3SY0C5', 3, '', 19, 13),
	(151, '2023-11-14 14:39:41.046184', '17', 'VZILFYICO6', 3, '', 19, 13),
	(152, '2023-11-19 14:00:03.149327', '11', 'Ketepa Tea Leaves (12)', 3, '', 36, 13),
	(153, '2023-11-19 14:23:33.267810', '43', 'Ketepa Tea Leaves', 3, '', 25, 13),
	(154, '2023-11-19 14:27:55.916146', '47', 'Cocoa Raha', 3, '', 25, 13),
	(155, '2023-11-19 14:27:55.916146', '46', 'Ketepa Tangawizi Tea Leaves', 3, '', 25, 13),
	(156, '2023-11-19 14:27:55.932380', '45', 'Eden Tea', 3, '', 25, 13),
	(157, '2023-11-19 14:27:55.932380', '44', 'Ketepa Tea Leaves', 3, '', 25, 13),
	(158, '2023-11-19 14:40:33.246694', '49', 'Eden Tea', 3, '', 25, 13),
	(159, '2023-11-19 14:40:33.246694', '48', 'Ketepa Tea Leaves', 3, '', 25, 13),
	(160, '2023-11-19 14:40:47.462250', '3', '[\'MAIN CATEGORY\']', 3, '', 24, 13),
	(161, '2023-11-19 14:47:43.813149', '4', '0    Tea\nName: CATEGORY, dtype: object', 3, '', 23, 13),
	(162, '2023-11-19 14:48:01.180957', '4', '0    Beverages\nName: MAIN CATEGORY, dtype: object', 3, '', 24, 13),
	(163, '2023-11-19 14:50:05.190238', '5', '0    Beverages\nName: MAIN CATEGORY, dtype: object', 3, '', 24, 13),
	(164, '2023-11-19 14:50:22.323612', '5', '0    Tea\nName: CATEGORY, dtype: object', 3, '', 23, 13),
	(165, '2023-11-19 14:50:35.653949', '7', '0    Ketepa\nName: SUB CATEGORY, dtype: object', 3, '', 26, 13),
	(166, '2023-11-19 14:50:58.869786', '4', 'new cat', 3, '', 26, 13),
	(167, '2023-11-19 14:55:41.233172', '51', 'Ketepa Tea Leaves', 3, '', 25, 13),
	(168, '2023-11-19 15:03:25.417332', '6', '0    Beverages\nName: MAIN CATEGORY, dtype: object', 3, '', 24, 13),
	(169, '2023-11-19 15:03:54.770853', '6', '0    Tea\nName: CATEGORY, dtype: object', 3, '', 23, 13),
	(170, '2023-11-19 15:04:10.314645', '8', '0    Ketepa\nName: SUB CATEGORY, dtype: object', 3, '', 26, 13),
	(171, '2023-11-19 15:08:58.411206', '15', '20', 3, '', 27, 13),
	(172, '2023-11-19 15:08:58.411206', '14', '10', 3, '', 27, 13),
	(173, '2023-11-19 15:08:58.411206', '13', '100', 3, '', 27, 13),
	(174, '2023-11-19 15:08:58.427287', '12', '15', 3, '', 27, 13),
	(175, '2023-11-19 15:08:58.427287', '11', '50', 3, '', 27, 13),
	(176, '2023-11-19 15:08:58.427287', '10', '50', 3, '', 27, 13),
	(177, '2023-11-19 15:08:58.427287', '9', '50', 3, '', 27, 13),
	(178, '2023-11-19 15:08:58.444236', '8', '50', 3, '', 27, 13),
	(179, '2023-11-19 15:08:58.444236', '7', '50', 3, '', 27, 13),
	(180, '2023-11-19 15:08:58.444236', '6', '50', 3, '', 27, 13),
	(181, '2023-11-19 15:08:58.444236', '5', '15', 3, '', 27, 13),
	(182, '2023-11-19 15:08:58.460371', '4', '50', 3, '', 27, 13),
	(183, '2023-11-19 15:08:58.460371', '3', '15', 3, '', 27, 13),
	(184, '2023-11-19 15:08:58.460371', '2', '50', 3, '', 27, 13),
	(185, '2023-11-19 15:10:23.921643', '53', 'Ketepa Tea Leaves', 2, '[{"changed": {"name": "Size Variation", "object": "500 ml", "fields": ["Size", "Unit"]}}]', 25, 13),
	(186, '2023-11-19 15:10:32.371031', '53', 'Ketepa Tea Leaves', 3, '', 25, 13),
	(187, '2023-11-19 15:35:16.964947', '41', 'Cocoa Raha (12)', 3, '', 36, 13),
	(188, '2023-11-19 15:52:23.794494', '66', 'Festive Classic Bread', 3, '', 25, 13),
	(189, '2023-11-19 15:52:23.811005', '65', 'Bites', 3, '', 25, 13),
	(190, '2023-11-19 15:52:23.811005', '64', 'Oreo Biscuits', 3, '', 25, 13),
	(191, '2023-11-19 15:52:23.811005', '63', 'Nuvita Break Time Biscuits', 3, '', 25, 13),
	(192, '2023-11-19 15:52:23.811005', '62', 'Golden Marie Biscuits', 3, '', 25, 13),
	(193, '2023-11-19 15:52:23.828031', '61', 'Biscuits', 3, '', 25, 13),
	(194, '2023-11-19 15:52:23.828031', '60', 'Nescafe', 3, '', 25, 13),
	(195, '2023-11-19 15:52:23.828031', '59', 'Kahawa No. 1', 3, '', 25, 13),
	(196, '2023-11-19 15:52:23.828031', '58', 'Drinking Chocolate Raha', 3, '', 25, 13),
	(197, '2023-11-19 15:52:23.828031', '57', 'Cocoa Raha', 3, '', 25, 13),
	(198, '2023-11-19 15:52:23.843992', '56', 'Ketepa Tangawizi Tea Leaves', 3, '', 25, 13),
	(199, '2023-11-19 15:52:23.848027', '55', 'Eden Tea', 3, '', 25, 13),
	(200, '2023-11-19 15:52:23.851816', '54', 'Ketepa Tea Leaves', 3, '', 25, 13),
	(201, '2023-11-19 15:52:23.855310', '42', 'Dell XPS 13 vision', 3, '', 25, 13),
	(202, '2023-11-19 15:52:23.859322', '40', 'Lenovo ThinkPad P14s', 3, '', 25, 13),
	(203, '2023-11-19 16:17:41.705869', '71', 'Drinking Chocolate Raha', 3, '', 25, 13),
	(204, '2023-11-19 16:17:41.722389', '70', 'Cocoa Raha', 3, '', 25, 13),
	(205, '2023-11-19 16:17:41.722389', '69', 'Ketepa Tangawizi Tea Leaves', 3, '', 25, 13),
	(206, '2023-11-19 16:17:41.722389', '68', 'Eden Tea', 3, '', 25, 13),
	(207, '2023-11-19 16:17:41.739235', '67', 'Ketepa Tea Leaves', 3, '', 25, 13),
	(208, '2023-11-19 16:19:26.844845', '121', 'Sausages', 3, '', 25, 13),
	(209, '2023-11-19 16:19:26.856433', '120', 'Indomie Jumbo Chicken', 3, '', 25, 13),
	(210, '2023-11-19 16:19:26.860432', '119', 'Spaghetti Daawat Green', 3, '', 25, 13),
	(211, '2023-11-19 16:19:26.863934', '118', 'Sossi', 3, '', 25, 13),
	(212, '2023-11-19 16:19:26.871933', '117', 'Family (packet) Nuvita Green', 3, '', 25, 13),
	(213, '2023-11-19 16:19:26.874932', '116', 'Champ Mango Colada', 3, '', 25, 13),
	(214, '2023-11-19 16:19:26.877931', '115', 'Savannah Cocopine Juice', 3, '', 25, 13),
	(215, '2023-11-19 16:19:26.881254', '114', 'Quencher Pineapple Juice', 3, '', 25, 13),
	(216, '2023-11-19 16:19:26.881254', '113', 'Predator', 3, '', 25, 13),
	(217, '2023-11-19 16:19:26.881254', '112', 'Jooz Orange Juice', 3, '', 25, 13),
	(218, '2023-11-19 16:19:26.881254', '111', 'Juo Orange Juice', 3, '', 25, 13),
	(219, '2023-11-19 16:19:26.881254', '110', 'Juo Ukwaju Juice', 3, '', 25, 13),
	(220, '2023-11-19 16:19:26.897371', '109', 'Minute Maid Mango', 3, '', 25, 13),
	(221, '2023-11-19 16:19:26.900369', '108', 'Afia Juice Mango', 3, '', 25, 13),
	(222, '2023-11-19 16:19:26.903369', '107', 'Afia Juice Mixed Fruit', 3, '', 25, 13),
	(223, '2023-11-19 16:19:26.906368', '106', 'Afia Mixed Fruit Juice', 3, '', 25, 13),
	(224, '2023-11-19 16:19:26.909369', '105', 'Novida', 3, '', 25, 13),
	(225, '2023-11-19 16:19:26.913425', '104', 'Soda', 3, '', 25, 13),
	(226, '2023-11-19 16:19:26.914330', '103', 'Water', 3, '', 25, 13),
	(227, '2023-11-19 16:19:26.914330', '102', 'Mala', 3, '', 25, 13),
	(228, '2023-11-19 16:19:26.914330', '101', 'Yoghurt', 3, '', 25, 13),
	(229, '2023-11-19 16:19:26.914330', '100', 'Fresh Milk - Njugunas', 3, '', 25, 13),
	(230, '2023-11-19 16:19:26.914330', '99', 'Fresh Milk - Kabete Dairies', 3, '', 25, 13),
	(231, '2023-11-19 16:19:26.932690', '98', 'Kinangop Milk', 3, '', 25, 13),
	(232, '2023-11-19 16:19:26.935690', '97', 'Crisps Assorted', 3, '', 25, 13),
	(233, '2023-11-19 16:19:26.938691', '96', 'Cowboy Cooking Fat', 3, '', 25, 13),
	(234, '2023-11-19 16:19:26.941690', '95', 'Kimbo Cooking Fat', 3, '', 25, 13),
	(235, '2023-11-19 16:19:26.944690', '94', 'Fresh Fri Cooking Oil', 3, '', 25, 13),
	(236, '2023-11-19 16:19:26.947748', '93', 'Cigarettes ', 3, '', 25, 13),
	(237, '2023-11-19 16:19:26.947748', '92', 'PK Chewing Gum', 3, '', 25, 13),
	(238, '2023-11-19 16:19:26.947748', '91', 'Fresh', 3, '', 25, 13),
	(239, '2023-11-19 16:19:26.947748', '90', 'Biryani Rice', 3, '', 25, 13),
	(240, '2023-11-19 16:19:26.947748', '89', 'Premium Imported Rice', 3, '', 25, 13),
	(241, '2023-11-19 16:19:26.964081', '88', 'Premium Pishori Rice', 3, '', 25, 13),
	(242, '2023-11-19 16:19:26.968075', '87', 'Candles Sumo', 3, '', 25, 13),
	(243, '2023-11-19 16:19:26.971078', '86', 'Toothbrush', 3, '', 25, 13),
	(244, '2023-11-19 16:19:26.975077', '85', 'Bread', 3, '', 25, 13),
	(245, '2023-11-19 16:19:26.978078', '84', 'Festive Classic Bread', 3, '', 25, 13),
	(246, '2023-11-19 16:19:26.981397', '83', 'Bites', 3, '', 25, 13),
	(247, '2023-11-19 16:19:26.984393', '82', 'Oreo Biscuits', 3, '', 25, 13),
	(248, '2023-11-19 16:19:26.987394', '81', 'Nuvita Break Time Biscuits', 3, '', 25, 13),
	(249, '2023-11-19 16:19:26.990393', '80', 'Golden Marie Biscuits', 3, '', 25, 13),
	(250, '2023-11-19 16:19:26.993394', '79', 'Biscuits', 3, '', 25, 13),
	(251, '2023-11-19 16:19:26.996670', '78', 'Nescafe', 3, '', 25, 13),
	(252, '2023-11-19 16:19:26.996670', '77', 'Kahawa No. 1', 3, '', 25, 13),
	(253, '2023-11-19 16:19:26.996670', '76', 'Drinking Chocolate Raha', 3, '', 25, 13),
	(254, '2023-11-19 16:19:26.996670', '75', 'Cocoa Raha', 3, '', 25, 13),
	(255, '2023-11-19 16:19:26.996670', '74', 'Ketepa Tangawizi Tea Leaves', 3, '', 25, 13),
	(256, '2023-11-19 16:19:27.013405', '73', 'Eden Tea', 3, '', 25, 13),
	(257, '2023-11-19 16:19:27.014535', '72', 'Ketepa Tea Leaves', 3, '', 25, 13),
	(258, '2023-11-19 16:32:05.107102', '166', 'Champ Mango Colada', 3, '', 25, 13),
	(259, '2023-11-19 16:32:05.111134', '165', 'Savannah Cocopine Juice', 3, '', 25, 13),
	(260, '2023-11-19 16:32:05.111646', '164', 'Quencher Pineapple Juice', 3, '', 25, 13),
	(261, '2023-11-19 16:32:05.111646', '163', 'Predator', 3, '', 25, 13),
	(262, '2023-11-19 16:32:05.111646', '162', 'Jooz Orange Juice', 3, '', 25, 13),
	(263, '2023-11-19 16:32:05.111646', '161', 'Juo Orange Juice', 3, '', 25, 13),
	(264, '2023-11-19 16:32:05.127143', '160', 'Juo Ukwaju Juice', 3, '', 25, 13),
	(265, '2023-11-19 16:32:05.130838', '159', 'Minute Maid Mango', 3, '', 25, 13),
	(266, '2023-11-19 16:32:05.133887', '158', 'Afia Juice Mango', 3, '', 25, 13),
	(267, '2023-11-19 16:32:05.136890', '157', 'Afia Juice Mixed Fruit', 3, '', 25, 13),
	(268, '2023-11-19 16:32:05.139889', '156', 'Afia Mixed Fruit Juice', 3, '', 25, 13),
	(269, '2023-11-19 16:32:05.143813', '155', 'Novida', 3, '', 25, 13),
	(270, '2023-11-19 16:32:05.144797', '154', 'Soda', 3, '', 25, 13),
	(271, '2023-11-19 16:32:05.144797', '153', 'Water', 3, '', 25, 13),
	(272, '2023-11-19 16:32:05.144797', '152', 'Mala', 3, '', 25, 13),
	(273, '2023-11-19 16:32:05.144797', '151', 'Yoghurt', 3, '', 25, 13),
	(274, '2023-11-19 16:32:05.144797', '150', 'Fresh Milk - Njugunas', 3, '', 25, 13),
	(275, '2023-11-19 16:32:05.161988', '149', 'Fresh Milk - Kabete Dairies', 3, '', 25, 13),
	(276, '2023-11-19 16:32:05.161988', '148', 'Kinangop Milk', 3, '', 25, 13),
	(277, '2023-11-19 16:32:05.161988', '147', 'Crisps Assorted', 3, '', 25, 13),
	(278, '2023-11-19 16:32:05.170002', '146', 'Cowboy Cooking Fat', 3, '', 25, 13),
	(279, '2023-11-19 16:32:05.170002', '145', 'Kimbo Cooking Fat', 3, '', 25, 13),
	(280, '2023-11-19 16:32:05.178487', '144', 'Fresh Fri Cooking Oil', 3, '', 25, 13),
	(281, '2023-11-19 16:32:05.178487', '143', 'Cigarettes ', 3, '', 25, 13),
	(282, '2023-11-19 16:32:05.178487', '142', 'PK Chewing Gum', 3, '', 25, 13),
	(283, '2023-11-19 16:32:05.178487', '141', 'Fresh', 3, '', 25, 13),
	(284, '2023-11-19 16:32:05.193819', '140', 'Biryani Rice', 3, '', 25, 13),
	(285, '2023-11-19 16:32:05.197329', '139', 'Premium Imported Rice', 3, '', 25, 13),
	(286, '2023-11-19 16:32:05.201333', '138', 'Premium Pishori Rice', 3, '', 25, 13),
	(287, '2023-11-19 16:32:05.204368', '137', 'Candles Sumo', 3, '', 25, 13),
	(288, '2023-11-19 16:32:05.207330', '136', 'Toothbrush', 3, '', 25, 13),
	(289, '2023-11-19 16:32:05.211586', '135', 'Bread', 3, '', 25, 13),
	(290, '2023-11-19 16:32:05.211586', '134', 'Festive Classic Bread', 3, '', 25, 13),
	(291, '2023-11-19 16:32:05.211586', '133', 'Bites', 3, '', 25, 13),
	(292, '2023-11-19 16:32:05.211586', '132', 'Oreo Biscuits', 3, '', 25, 13),
	(293, '2023-11-19 16:32:05.211586', '131', 'Nuvita Break Time Biscuits', 3, '', 25, 13),
	(294, '2023-11-19 16:32:05.228139', '130', 'Golden Marie Biscuits', 3, '', 25, 13),
	(295, '2023-11-19 16:32:05.232139', '129', 'Biscuits', 3, '', 25, 13),
	(296, '2023-11-19 16:32:05.235154', '128', 'Nescafe', 3, '', 25, 13),
	(297, '2023-11-19 16:32:05.238174', '127', 'Kahawa No. 1', 3, '', 25, 13),
	(298, '2023-11-19 16:32:05.241178', '126', 'Drinking Chocolate Raha', 3, '', 25, 13),
	(299, '2023-11-19 16:32:05.245129', '125', 'Cocoa Raha', 3, '', 25, 13),
	(300, '2023-11-19 16:32:05.248126', '124', 'Ketepa Tangawizi Tea Leaves', 3, '', 25, 13),
	(301, '2023-11-19 16:32:05.251165', '123', 'Eden Tea', 3, '', 25, 13),
	(302, '2023-11-19 16:32:05.255127', '122', 'Ketepa Tea Leaves', 3, '', 25, 13),
	(303, '2023-11-19 16:33:06.558188', '175', 'Golden Marie Biscuits', 3, '', 25, 13),
	(304, '2023-11-19 16:33:06.574665', '174', 'Biscuits', 3, '', 25, 13),
	(305, '2023-11-19 16:33:06.577705', '173', 'Nescafe', 3, '', 25, 13),
	(306, '2023-11-19 16:33:06.581137', '172', 'Kahawa No. 1', 3, '', 25, 13),
	(307, '2023-11-19 16:33:06.581137', '171', 'Drinking Chocolate Raha', 3, '', 25, 13),
	(308, '2023-11-19 16:33:06.591272', '170', 'Cocoa Raha', 3, '', 25, 13),
	(309, '2023-11-19 16:33:06.591272', '169', 'Ketepa Tangawizi Tea Leaves', 3, '', 25, 13),
	(310, '2023-11-19 16:33:06.591272', '168', 'Eden Tea', 3, '', 25, 13),
	(311, '2023-11-19 16:33:06.591272', '167', 'Ketepa Tea Leaves', 3, '', 25, 13),
	(312, '2023-11-19 16:35:51.520563', '220', 'Champ Mango Colada', 3, '', 25, 13),
	(313, '2023-11-19 16:35:51.523572', '219', 'Savannah Cocopine Juice', 3, '', 25, 13),
	(314, '2023-11-19 16:35:51.527563', '218', 'Quencher Pineapple Juice', 3, '', 25, 13),
	(315, '2023-11-19 16:35:51.529279', '217', 'Predator', 3, '', 25, 13),
	(316, '2023-11-19 16:35:51.529279', '216', 'Jooz Orange Juice', 3, '', 25, 13),
	(317, '2023-11-19 16:35:51.529279', '215', 'Juo Orange Juice', 3, '', 25, 13),
	(318, '2023-11-19 16:35:51.529279', '214', 'Juo Ukwaju Juice', 3, '', 25, 13),
	(319, '2023-11-19 16:35:51.529279', '213', 'Minute Maid Mango', 3, '', 25, 13),
	(320, '2023-11-19 16:35:51.546022', '212', 'Afia Juice Mango', 3, '', 25, 13),
	(321, '2023-11-19 16:35:51.546022', '211', 'Afia Juice Mixed Fruit', 3, '', 25, 13),
	(322, '2023-11-19 16:35:51.546022', '210', 'Afia Mixed Fruit Juice', 3, '', 25, 13),
	(323, '2023-11-19 16:35:51.546022', '209', 'Novida', 3, '', 25, 13),
	(324, '2023-11-19 16:35:51.546022', '208', 'Soda', 3, '', 25, 13),
	(325, '2023-11-19 16:35:51.562601', '207', 'Water', 3, '', 25, 13),
	(326, '2023-11-19 16:35:51.562601', '206', 'Mala', 3, '', 25, 13),
	(327, '2023-11-19 16:35:51.562601', '205', 'Yoghurt', 3, '', 25, 13),
	(328, '2023-11-19 16:35:51.562601', '204', 'Fresh Milk - Njugunas', 3, '', 25, 13),
	(329, '2023-11-19 16:35:51.579461', '203', 'Fresh Milk - Kabete Dairies', 3, '', 25, 13),
	(330, '2023-11-19 16:35:51.579461', '202', 'Kinangop Milk', 3, '', 25, 13),
	(331, '2023-11-19 16:35:51.579461', '201', 'Crisps Assorted', 3, '', 25, 13),
	(332, '2023-11-19 16:35:51.579461', '200', 'Cowboy Cooking Fat', 3, '', 25, 13),
	(333, '2023-11-19 16:35:51.594809', '199', 'Kimbo Cooking Fat', 3, '', 25, 13),
	(334, '2023-11-19 16:35:51.596218', '198', 'Fresh Fri Cooking Oil', 3, '', 25, 13),
	(335, '2023-11-19 16:35:51.596218', '197', 'Cigarettes ', 3, '', 25, 13),
	(336, '2023-11-19 16:35:51.596218', '196', 'PK Chewing Gum', 3, '', 25, 13),
	(337, '2023-11-19 16:35:51.596218', '195', 'Fresh', 3, '', 25, 13),
	(338, '2023-11-19 16:35:51.612679', '194', 'Biryani Rice', 3, '', 25, 13),
	(339, '2023-11-19 16:35:51.612679', '193', 'Premium Imported Rice', 3, '', 25, 13),
	(340, '2023-11-19 16:35:51.612679', '192', 'Premium Pishori Rice', 3, '', 25, 13),
	(341, '2023-11-19 16:35:51.612679', '191', 'Candles Sumo', 3, '', 25, 13),
	(342, '2023-11-19 16:35:51.629405', '190', 'Toothbrush', 3, '', 25, 13),
	(343, '2023-11-19 16:35:51.629405', '189', 'Bread', 3, '', 25, 13),
	(344, '2023-11-19 16:35:51.629405', '188', 'Festive Classic Bread', 3, '', 25, 13),
	(345, '2023-11-19 16:35:51.629405', '187', 'Bites', 3, '', 25, 13),
	(346, '2023-11-19 16:35:51.644886', '186', 'Oreo Biscuits', 3, '', 25, 13),
	(347, '2023-11-19 16:35:51.646501', '185', 'Nuvita Break Time Biscuits', 3, '', 25, 13),
	(348, '2023-11-19 16:35:51.646501', '184', 'Golden Marie Biscuits', 3, '', 25, 13),
	(349, '2023-11-19 16:35:51.646501', '183', 'Biscuits', 3, '', 25, 13),
	(350, '2023-11-19 16:35:51.646501', '182', 'Nescafe', 3, '', 25, 13),
	(351, '2023-11-19 16:35:51.664563', '181', 'Kahawa No. 1', 3, '', 25, 13),
	(352, '2023-11-19 16:35:51.668250', '180', 'Drinking Chocolate Raha', 3, '', 25, 13),
	(353, '2023-11-19 16:35:51.672233', '179', 'Cocoa Raha', 3, '', 25, 13),
	(354, '2023-11-19 16:35:51.676234', '178', 'Ketepa Tangawizi Tea Leaves', 3, '', 25, 13),
	(355, '2023-11-19 16:35:51.679362', '177', 'Eden Tea', 3, '', 25, 13),
	(356, '2023-11-19 16:35:51.682171', '176', 'Ketepa Tea Leaves', 3, '', 25, 13),
	(357, '2023-11-19 16:40:19.611624', '221', 'Ketepa Tea Leaves', 3, '', 25, 13),
	(358, '2023-11-19 16:42:52.450896', '238', 'Premium Pishori Rice', 3, '', 25, 13),
	(359, '2023-11-19 16:42:52.450896', '237', 'Candles Sumo', 3, '', 25, 13),
	(360, '2023-11-19 16:42:52.467173', '236', 'Toothbrush', 3, '', 25, 13),
	(361, '2023-11-19 16:42:52.467173', '235', 'Bread', 3, '', 25, 13),
	(362, '2023-11-19 16:42:52.467173', '234', 'Festive Classic Bread', 3, '', 25, 13),
	(363, '2023-11-19 16:42:52.467173', '233', 'Bites', 3, '', 25, 13),
	(364, '2023-11-19 16:42:52.484057', '232', 'Oreo Biscuits', 3, '', 25, 13),
	(365, '2023-11-19 16:42:52.484057', '231', 'Nuvita Break Time Biscuits', 3, '', 25, 13),
	(366, '2023-11-19 16:42:52.484057', '230', 'Golden Marie Biscuits', 3, '', 25, 13),
	(367, '2023-11-19 16:42:52.496270', '229', 'Biscuits', 3, '', 25, 13),
	(368, '2023-11-19 16:42:52.500674', '228', 'Nescafe', 3, '', 25, 13),
	(369, '2023-11-19 16:42:52.500674', '227', 'Kahawa No. 1', 3, '', 25, 13),
	(370, '2023-11-19 16:42:52.500674', '226', 'Drinking Chocolate Raha', 3, '', 25, 13),
	(371, '2023-11-19 16:42:52.500674', '225', 'Cocoa Raha', 3, '', 25, 13),
	(372, '2023-11-19 16:42:52.500674', '224', 'Ketepa Tangawizi Tea Leaves', 3, '', 25, 13),
	(373, '2023-11-19 16:42:52.517410', '223', 'Eden Tea', 3, '', 25, 13),
	(374, '2023-11-19 16:42:52.517410', '222', 'Ketepa Tea Leaves', 3, '', 25, 13),
	(375, '2023-11-19 16:44:14.645099', '763', 'Sugar (25)', 3, '', 36, 13),
	(376, '2023-11-19 16:45:27.281181', '764', 'Sugar (41)', 3, '', 36, 13),
	(377, '2023-11-19 16:49:05.941817', '737', 'Msafi Powder (1)', 3, '', 36, 13),
	(378, '2023-11-19 16:49:05.956875', '736', 'Msafi Powder (1)', 3, '', 36, 13),
	(379, '2023-11-19 16:50:15.269991', '676', 'Royco (40)', 3, '', 36, 13),
	(380, '2023-11-19 16:50:15.269991', '669', 'Soda (24)', 3, '', 36, 13),
	(381, '2023-11-19 16:50:15.269991', '668', 'Soda (24)', 3, '', 36, 13),
	(382, '2023-11-19 16:50:15.269991', '667', 'Soda (2)', 3, '', 36, 13),
	(383, '2023-11-19 16:50:15.286493', '666', 'Soda (4)', 3, '', 36, 13),
	(384, '2023-11-19 16:50:15.286493', '664', 'Soda (24)', 3, '', 36, 13),
	(385, '2023-11-19 16:50:15.286493', '661', 'Soda (12)', 3, '', 36, 13),
	(386, '2023-11-19 16:50:15.286493', '660', 'Soda (4)', 3, '', 36, 13),
	(387, '2023-11-19 16:53:19.457206', '650', 'Juo Orange Juice (12)', 3, '', 36, 13),
	(388, '2023-11-19 16:53:19.472953', '640', 'Soda (24)', 3, '', 36, 13),
	(389, '2023-11-19 16:53:19.473513', '639', 'Soda (24)', 3, '', 36, 13),
	(390, '2023-11-19 16:53:19.473513', '638', 'Soda (24)', 3, '', 36, 13),
	(391, '2023-11-19 16:53:19.473513', '637', 'Soda (24)', 3, '', 36, 13),
	(392, '2023-11-19 16:53:19.473513', '636', 'Soda (3)', 3, '', 36, 13),
	(393, '2023-11-19 16:53:19.490137', '635', 'Soda (1)', 3, '', 36, 13),
	(394, '2023-11-19 16:53:19.490137', '634', 'Soda (1)', 3, '', 36, 13),
	(395, '2023-11-19 16:53:19.490137', '633', 'Soda (2)', 3, '', 36, 13),
	(396, '2023-11-19 16:53:19.490137', '586', 'Biscuits (60)', 3, '', 36, 13),
	(397, '2023-11-19 16:53:19.490137', '584', 'Biscuits (12)', 3, '', 36, 13),
	(398, '2023-11-19 16:53:19.506451', '583', 'Biscuits (12)', 3, '', 36, 13),
	(399, '2023-11-19 16:53:19.506451', '581', 'Nescafe (12)', 3, '', 36, 13),
	(400, '2023-11-19 17:00:05.244446', '361', 'Yego Marie Biscuits', 3, '', 25, 13),
	(401, '2023-11-19 17:00:05.263480', '360', 'Weetabix Single Serve', 3, '', 25, 13),
	(402, '2023-11-19 17:00:05.277637', '359', 'Colgate', 3, '', 25, 13),
	(403, '2023-11-19 17:00:05.277637', '358', 'Toilet Paper  ', 3, '', 25, 13),
	(404, '2023-11-19 17:00:05.277637', '357', 'Bella Baby Wipes', 3, '', 25, 13),
	(405, '2023-11-19 17:00:05.277637', '356', 'Softcare Diaper Gold', 3, '', 25, 13),
	(406, '2023-11-19 17:00:05.277637', '355', 'Tropical Sweets', 3, '', 25, 13),
	(407, '2023-11-19 17:00:05.277637', '354', 'Sweets', 3, '', 25, 13),
	(408, '2023-11-19 17:00:05.294363', '353', 'Koo (Kenya Cuffy)', 3, '', 25, 13),
	(409, '2023-11-19 17:00:05.294363', '352', 'Patco Sweets', 3, '', 25, 13),
	(410, '2023-11-19 17:00:05.294363', '351', 'Honey', 3, '', 25, 13),
	(411, '2023-11-19 17:00:05.294363', '350', 'Sugar', 3, '', 25, 13),
	(412, '2023-11-19 17:00:05.309863', '349', 'Steelwool', 3, '', 25, 13),
	(413, '2023-11-19 17:00:05.310908', '348', 'Bic Razor', 3, '', 25, 13),
	(414, '2023-11-19 17:00:05.310908', '347', 'Twiga Exercise Book', 3, '', 25, 13),
	(415, '2023-11-19 17:00:05.310908', '346', 'Tropical Heat Ginger Spice', 3, '', 25, 13),
	(416, '2023-11-19 17:00:05.310908', '345', 'Tomato', 3, '', 25, 13),
	(417, '2023-11-19 17:00:05.328124', '344', 'Chilli Lemon', 3, '', 25, 13),
	(418, '2023-11-19 17:00:05.331146', '343', 'Salt & Vinegar', 3, '', 25, 13),
	(419, '2023-11-19 17:00:05.334143', '342', 'Cheese & Onion', 3, '', 25, 13),
	(420, '2023-11-19 17:00:05.338122', '341', 'Gilda Conc Tomato Paste', 3, '', 25, 13),
	(421, '2023-11-19 17:00:05.343967', '340', 'Tropical Heat Curry Powder', 3, '', 25, 13),
	(422, '2023-11-19 17:00:05.343967', '339', 'Kensalt Salt', 3, '', 25, 13),
	(423, '2023-11-19 17:00:05.343967', '338', 'White Wash 175g', 3, '', 25, 13),
	(424, '2023-11-19 17:00:05.343967', '337', 'Ariel', 3, '', 25, 13),
	(425, '2023-11-19 17:00:05.343967', '336', 'Omo', 3, '', 25, 13),
	(426, '2023-11-19 17:00:05.361556', '335', 'Ariel Powder Soap', 3, '', 25, 13),
	(427, '2023-11-19 17:00:05.365551', '334', 'Sunlight Powder', 3, '', 25, 13),
	(428, '2023-11-19 17:00:05.368589', '333', 'Sunlight Powder Yellow', 3, '', 25, 13),
	(429, '2023-11-19 17:00:05.372555', '332', 'Msafi Powder', 3, '', 25, 13),
	(430, '2023-11-19 17:00:05.375592', '331', 'Sawa Bath Soap', 3, '', 25, 13),
	(431, '2023-11-19 17:00:05.378786', '330', 'Sunlight Bar Soap', 3, '', 25, 13),
	(432, '2023-11-19 17:00:05.382786', '329', 'Msafi Bar Soap', 3, '', 25, 13),
	(433, '2023-11-19 17:00:05.385823', '328', 'Ringoz', 3, '', 25, 13),
	(434, '2023-11-19 17:00:05.388819', '327', 'Mosquito Coil', 3, '', 25, 13),
	(435, '2023-11-19 17:00:05.392797', '326', 'Safari Puffs', 3, '', 25, 13),
	(436, '2023-11-19 17:00:05.393050', '325', 'Baking Powder', 3, '', 25, 13),
	(437, '2023-11-19 17:00:05.393050', '324', 'Broilers', 3, '', 25, 13),
	(438, '2023-11-19 17:00:05.393050', '323', 'Eggs', 3, '', 25, 13),
	(439, '2023-11-19 17:00:05.393050', '322', 'Tuliza', 3, '', 25, 13),
	(440, '2023-11-19 17:00:05.408728', '321', 'Panado Extra', 3, '', 25, 13),
	(441, '2023-11-19 17:00:05.410870', '320', 'Dormans', 3, '', 25, 13),
	(442, '2023-11-19 17:00:05.410870', '319', 'Menthol King', 3, '', 25, 13),
	(443, '2023-11-19 17:00:05.410870', '318', 'Panadol', 3, '', 25, 13),
	(444, '2023-11-19 17:00:05.410870', '317', 'Hedex', 3, '', 25, 13),
	(445, '2023-11-19 17:00:05.426719', '316', 'Maramoja', 3, '', 25, 13),
	(446, '2023-11-19 17:00:05.429723', '315', 'Softcare Pads', 3, '', 25, 13),
	(447, '2023-11-19 17:00:05.434722', '314', 'Always', 3, '', 25, 13),
	(448, '2023-11-19 17:00:05.438719', '313', 'Omena', 3, '', 25, 13),
	(449, '2023-11-19 17:00:05.443465', '312', 'Potatoes', 3, '', 25, 13),
	(450, '2023-11-19 17:00:05.447462', '311', 'Ordinary Cuts', 3, '', 25, 13),
	(451, '2023-11-19 17:00:05.451464', '310', 'Ham/Shoulder/Belly/Picnic', 3, '', 25, 13),
	(452, '2023-11-19 17:00:05.454534', '309', 'Family (packet) Nuvita Orange', 3, '', 25, 13),
	(453, '2023-11-19 17:00:05.457548', '308', 'Ngumu', 3, '', 25, 13),
	(454, '2023-11-19 17:00:05.459752', '307', 'KDF', 3, '', 25, 13),
	(455, '2023-11-19 17:00:05.459752', '306', 'Pork - Ribs/Chops', 3, '', 25, 13),
	(456, '2023-11-19 17:00:05.459752', '305', 'Spinach', 3, '', 25, 13),
	(457, '2023-11-19 17:00:05.459752', '304', 'Sukuma Wiki', 3, '', 25, 13),
	(458, '2023-11-19 17:00:05.459752', '303', 'Cabbage', 3, '', 25, 13),
	(459, '2023-11-19 17:00:05.477667', '302', 'Matchbox', 3, '', 25, 13),
	(460, '2023-11-19 17:00:05.477667', '301', 'Mandazi', 3, '', 25, 13),
	(461, '2023-11-19 17:00:05.477667', '300', 'Yellow Beans', 3, '', 25, 13),
	(462, '2023-11-19 17:00:05.477667', '299', 'Ndengu', 3, '', 25, 13),
	(463, '2023-11-19 17:00:05.477667', '298', 'Kamande', 3, '', 25, 13),
	(464, '2023-11-19 17:00:05.496137', '297', 'Sumoja Milking Jelly', 3, '', 25, 13),
	(465, '2023-11-19 17:00:05.500055', '296', 'Arimis', 3, '', 25, 13),
	(466, '2023-11-19 17:00:05.503971', '295', 'Glucose Excel', 3, '', 25, 13),
	(467, '2023-11-19 17:00:05.507978', '294', 'Unga Chapati - Ajab', 3, '', 25, 13),
	(468, '2023-11-19 17:00:05.512251', '293', 'Unga Ugali - Pembe', 3, '', 25, 13),
	(469, '2023-11-19 17:00:05.518215', '292', 'Jam ', 3, '', 25, 13),
	(470, '2023-11-19 17:00:05.522849', '291', 'Blue band', 3, '', 25, 13),
	(471, '2023-11-19 17:00:05.526618', '290', 'Eno', 3, '', 25, 13),
	(472, '2023-11-19 17:00:05.526618', '289', 'Royco', 3, '', 25, 13),
	(473, '2023-11-19 17:00:05.526618', '288', 'Sausages', 3, '', 25, 13),
	(474, '2023-11-19 17:00:05.526618', '287', 'Indomie Jumbo Chicken', 3, '', 25, 13),
	(475, '2023-11-19 17:00:05.543219', '286', 'Spaghetti Daawat Green', 3, '', 25, 13),
	(476, '2023-11-19 17:00:05.544446', '285', 'Sossi', 3, '', 25, 13),
	(477, '2023-11-19 17:00:05.544446', '284', 'Family (packet) Nuvita Green', 3, '', 25, 13),
	(478, '2023-11-19 17:00:05.544446', '283', 'Champ Mango Colada', 3, '', 25, 13),
	(479, '2023-11-19 17:00:05.544446', '282', 'Savannah Cocopine Juice', 3, '', 25, 13),
	(480, '2023-11-19 17:00:05.563591', '281', 'Quencher Pineapple Juice', 3, '', 25, 13),
	(481, '2023-11-19 17:00:05.567130', '280', 'Predator', 3, '', 25, 13),
	(482, '2023-11-19 17:00:05.571128', '279', 'Jooz Orange Juice', 3, '', 25, 13),
	(483, '2023-11-19 17:00:05.575120', '278', 'Juo Orange Juice', 3, '', 25, 13),
	(484, '2023-11-19 17:00:05.579047', '277', 'Juo Ukwaju Juice', 3, '', 25, 13),
	(485, '2023-11-19 17:00:05.582996', '276', 'Minute Maid Mango', 3, '', 25, 13),
	(486, '2023-11-19 17:00:05.586842', '275', 'Afia Juice Mango', 3, '', 25, 13),
	(487, '2023-11-19 17:00:05.590752', '274', 'Afia Juice Mixed Fruit', 3, '', 25, 13),
	(488, '2023-11-19 17:00:05.593229', '273', 'Afia Mixed Fruit Juice', 3, '', 25, 13),
	(489, '2023-11-19 17:00:05.593229', '272', 'Novida', 3, '', 25, 13),
	(490, '2023-11-19 17:00:05.593229', '271', 'Soda', 3, '', 25, 13),
	(491, '2023-11-19 17:00:05.593229', '270', 'Water', 3, '', 25, 13),
	(492, '2023-11-19 17:00:05.610978', '269', 'Mala', 3, '', 25, 13),
	(493, '2023-11-19 17:00:05.611163', '268', 'Yoghurt', 3, '', 25, 13),
	(494, '2023-11-19 17:00:05.611163', '267', 'Fresh Milk - Njugunas', 3, '', 25, 13),
	(495, '2023-11-19 17:00:05.611163', '266', 'Fresh Milk - Kabete Dairies', 3, '', 25, 13),
	(496, '2023-11-19 17:00:05.626911', '265', 'Kinangop Milk', 3, '', 25, 13),
	(497, '2023-11-19 17:00:05.630647', '264', 'Crisps Assorted', 3, '', 25, 13),
	(498, '2023-11-19 17:00:05.634641', '263', 'Cowboy Cooking Fat', 3, '', 25, 13),
	(499, '2023-11-19 17:00:05.638607', '262', 'Kimbo Cooking Fat', 3, '', 25, 13),
	(500, '2023-11-19 17:00:20.210905', '261', 'Fresh Fri Cooking Oil', 3, '', 25, 13),
	(501, '2023-11-19 17:00:20.210905', '260', 'Cigarettes ', 3, '', 25, 13),
	(502, '2023-11-19 17:00:20.210905', '259', 'PK Chewing Gum', 3, '', 25, 13),
	(503, '2023-11-19 17:00:20.227469', '258', 'Fresh', 3, '', 25, 13),
	(504, '2023-11-19 17:00:20.227469', '257', 'Biryani Rice', 3, '', 25, 13),
	(505, '2023-11-19 17:00:20.227469', '256', 'Premium Imported Rice', 3, '', 25, 13),
	(506, '2023-11-19 17:00:20.227469', '255', 'Premium Pishori Rice', 3, '', 25, 13),
	(507, '2023-11-19 17:00:20.242862', '254', 'Candles Sumo', 3, '', 25, 13),
	(508, '2023-11-19 17:00:20.244286', '253', 'Toothbrush', 3, '', 25, 13),
	(509, '2023-11-19 17:00:20.244286', '252', 'Bread', 3, '', 25, 13),
	(510, '2023-11-19 17:00:20.244286', '251', 'Festive Classic Bread', 3, '', 25, 13),
	(511, '2023-11-19 17:00:20.244286', '250', 'Bites', 3, '', 25, 13),
	(512, '2023-11-19 17:00:20.260372', '249', 'Oreo Biscuits', 3, '', 25, 13),
	(513, '2023-11-19 17:00:20.264371', '248', 'Nuvita Break Time Biscuits', 3, '', 25, 13),
	(514, '2023-11-19 17:00:20.267369', '247', 'Golden Marie Biscuits', 3, '', 25, 13),
	(515, '2023-11-19 17:00:20.270379', '246', 'Biscuits', 3, '', 25, 13),
	(516, '2023-11-19 17:00:20.277086', '245', 'Nescafe', 3, '', 25, 13),
	(517, '2023-11-19 17:00:20.280645', '244', 'Kahawa No. 1', 3, '', 25, 13),
	(518, '2023-11-19 17:00:20.284878', '243', 'Drinking Chocolate Raha', 3, '', 25, 13),
	(519, '2023-11-19 17:00:20.287967', '242', 'Cocoa Raha', 3, '', 25, 13),
	(520, '2023-11-19 17:00:20.292553', '241', 'Ketepa Tangawizi Tea Leaves', 3, '', 25, 13),
	(521, '2023-11-19 17:00:20.293407', '240', 'Eden Tea', 3, '', 25, 13),
	(522, '2023-11-19 17:00:20.293407', '239', 'Ketepa Tea Leaves', 3, '', 25, 13),
	(523, '2023-11-19 17:13:37.101070', '10', '0    Ketepa\nName: SUB CATEGORY, dtype: object', 3, '', 26, 13),
	(524, '2023-11-19 17:13:47.486531', '9', 'Ketepa', 3, '', 26, 13),
	(525, '2023-11-19 17:14:40.182068', '8', '0        Beverages\n1        Beverages\n2        Beverages\n3        Beverages\n4        Beverages\n          ...     \n213       Toiletry\n214    Tooth Paste\n215    Tooth Paste\n216       Weetabix\n217       ', 3, '', 24, 13),
	(526, '2023-11-19 17:14:50.616913', '9', '0    Beverages\nName: MAIN CATEGORY, dtype: object', 3, '', 24, 13),
	(527, '2023-11-19 17:15:12.915263', '9', '0    Tea\nName: CATEGORY, dtype: object', 3, '', 23, 13),
	(528, '2023-11-19 17:15:12.915263', '8', '0          Tea\n1          Tea\n2          Tea\n3          Tea\n4          Tea\n        ...   \n213      Bella\n214    Colgate\n215    Colgate\n216     Single\n217      Marie\nName: CATEGORY, Length: 218, dtype:', 3, '', 23, 13),
	(529, '2023-11-19 17:16:09.894725', '10', '0    Tea\nName: CATEGORY, dtype: object', 3, '', 23, 13),
	(530, '2023-11-19 17:21:09.390233', '10', '0    Beverages\nName: MAIN CATEGORY, dtype: object', 3, '', 24, 13),
	(531, '2023-11-19 17:25:12.590150', '11', '0    Tea\nName: CATEGORY, dtype: object', 3, '', 23, 13),
	(532, '2023-11-19 17:25:20.462594', '7', 'Tea', 3, '', 23, 13),
	(533, '2023-11-19 17:26:56.867469', '12', '0    Tea\nName: CATEGORY, dtype: category\nCategories (109, object): [\'Afia \', \'Always\', \'Baking Powder\', \'Bar Soap\', ..., \'Water\',\n                           \'Wheat Floor\', \'Yellow Beans\', \'Yoghurt\']', 3, '', 23, 13),
	(534, '2023-11-19 17:32:08.478182', '364', 'Ketepa Tea Leaves', 3, '', 25, 13),
	(535, '2023-11-19 17:35:35.746862', '13', '0    Coocking Fat\nName: CATEGORY, dtype: object', 3, '', 23, 13),
	(536, '2023-11-19 17:35:49.695695', '12', '0    Cooking Oil\nName: MAIN CATEGORY, dtype: object', 3, '', 24, 13),
	(537, '2023-11-19 17:35:49.695695', '11', '0    Beverages\nName: MAIN CATEGORY, dtype: object', 3, '', 24, 13),
	(538, '2023-11-19 17:35:49.714102', '7', 'Beverages', 3, '', 24, 13),
	(539, '2023-11-19 17:36:03.645000', '12', '0    Kimbo\nName: SUB CATEGORY, dtype: object', 3, '', 26, 13),
	(540, '2023-11-19 17:36:03.660942', '11', '0    Ketepa\nName: SUB CATEGORY, dtype: object', 3, '', 26, 13),
	(541, '2023-11-19 17:40:22.493145', '13', '0    Cooking Oil\nName: MAIN CATEGORY, dtype: object', 3, '', 24, 13),
	(542, '2023-11-19 17:40:22.526381', '13', '0    Cooking Oil\nName: MAIN CATEGORY, dtype: object', 3, '', 24, 13),
	(543, '2023-11-19 17:40:45.841708', '14', 'Coocking Fat', 3, '', 23, 13),
	(544, '2023-11-19 17:41:01.940392', '13', '0    Kimbo\nName: SUB CATEGORY, dtype: object', 3, '', 26, 13),
	(545, '2023-11-19 17:43:16.097881', '367', 'Kimbo Cooking Fat', 3, '', 25, 13),
	(546, '2023-11-19 17:44:26.810493', '14', '0    Kimbo\nName: SUB CATEGORY, dtype: object', 3, '', 26, 13),
	(547, '2023-11-19 17:47:49.745343', '15', 'Coocking Fat', 3, '', 23, 13),
	(548, '2023-11-19 17:48:02.794409', '14', 'Cooking Oil', 3, '', 24, 13),
	(549, '2023-11-19 17:54:25.451496', '16', 'Honey', 3, '', 26, 13),
	(550, '2023-11-19 17:54:25.451496', '15', '0    Honey\nName: SUB CATEGORY, dtype: object', 3, '', 26, 13),
	(551, '2023-11-19 17:54:41.466256', '16', 'Sweeteners', 3, '', 24, 13),
	(552, '2023-11-19 17:54:41.466256', '15', '0    Sweeteners\nName: MAIN CATEGORY, dtype: object', 3, '', 24, 13),
	(553, '2023-11-19 17:54:57.948642', '17', 'Honey', 3, '', 23, 13),
	(554, '2023-11-19 17:54:57.948642', '16', '0    Honey\nName: CATEGORY, dtype: object', 3, '', 23, 13),
	(555, '2023-11-19 17:56:31.192441', '2', 'Computers', 3, '', 24, 13),
	(556, '2023-11-19 21:03:17.542579', '1016', 'Soda (2)', 3, '', 36, 13),
	(557, '2023-11-19 21:03:17.546577', '1015', 'Soda (4)', 3, '', 36, 13),
	(558, '2023-11-19 21:03:17.549610', '1014', 'Soda (1)', 3, '', 36, 13),
	(559, '2023-11-19 21:03:17.554422', '1001', 'Soda (2)', 3, '', 36, 13),
	(560, '2023-11-19 21:03:17.558072', '1000', 'Soda (3)', 3, '', 36, 13),
	(561, '2023-11-19 21:03:17.561072', '998', 'Soda (1)', 3, '', 36, 13),
	(562, '2023-11-19 21:03:17.565071', '950', 'Soda (24)', 3, '', 36, 13),
	(563, '2023-11-19 21:03:17.566108', '928', 'Soda (24)', 3, '', 36, 13),
	(564, '2023-11-19 21:03:17.571690', '918', 'Soda (24)', 3, '', 36, 13),
	(565, '2023-11-19 21:03:17.575689', '897', 'Soda (24)', 3, '', 36, 13),
	(566, '2023-11-19 21:03:17.579691', '886', 'Soda (24)', 3, '', 36, 13),
	(567, '2023-11-19 21:03:17.581723', '866', 'Soda (24)', 3, '', 36, 13),
	(568, '2023-11-19 21:03:17.586758', '864', 'Soda (24)', 3, '', 36, 13),
	(569, '2023-11-19 21:03:17.590406', '863', 'Soda (24)', 3, '', 36, 13),
	(570, '2023-11-19 21:03:17.594407', '839', 'Soda (12)', 3, '', 36, 13),
	(571, '2023-11-19 21:04:15.351654', '985', 'Biscuits (60)', 3, '', 36, 13),
	(572, '2023-11-19 21:04:15.351654', '900', 'Biscuits (12)', 3, '', 36, 13),
	(573, '2023-11-19 21:04:15.351654', '899', 'Biscuits (12)', 3, '', 36, 13),
	(574, '2023-11-19 21:04:56.980635', '1013', 'Sugar (2)', 3, '', 36, 13),
	(575, '2023-11-19 21:04:56.980635', '871', 'Sugar (10)', 3, '', 36, 13),
	(576, '2023-11-19 21:07:15.105837', '968', 'Safari Puffs (50)', 2, '[{"changed": {"fields": ["Is deal of the day"]}}]', 36, 13),
	(577, '2023-11-19 21:07:15.105837', '959', 'Ariel (12)', 2, '[{"changed": {"fields": ["Is deal of the day"]}}]', 36, 13),
	(578, '2023-11-19 21:07:15.105837', '812', 'Arimis (6)', 2, '[{"changed": {"fields": ["Is deal of the day"]}}]', 36, 13),
	(579, '2023-11-19 21:08:19.283459', '1012', 'Sugar (41)', 2, '[{"changed": {"fields": ["Is deal of the day"]}}]', 36, 13),
	(580, '2023-11-19 21:08:19.283459', '1009', 'Sugar (8)', 2, '[{"changed": {"fields": ["Is deal of the day"]}}]', 36, 13),
	(581, '2023-11-19 21:08:19.283459', '1002', 'Potatoes (2)', 2, '[{"changed": {"fields": ["Is deal of the day"]}}]', 36, 13),
	(582, '2023-11-19 21:08:19.300119', '979', 'Fresh (50)', 2, '[{"changed": {"fields": ["Is deal of the day"]}}]', 36, 13),
	(583, '2023-11-19 21:08:19.300119', '976', 'Sweets (50)', 2, '[{"changed": {"fields": ["Is deal of the day"]}}]', 36, 13),
	(584, '2023-11-19 21:08:19.300119', '972', 'Maramoja (50)', 2, '[{"changed": {"fields": ["Is deal of the day"]}}]', 36, 13),
	(585, '2023-11-19 21:08:19.300119', '971', 'Hedex (50)', 2, '[{"changed": {"fields": ["Is favorite"]}}]', 36, 13),
	(586, '2023-11-19 21:08:19.300119', '955', 'Bites (50)', 2, '[{"changed": {"fields": ["Is favorite"]}}]', 36, 13),
	(587, '2023-11-19 21:08:19.300119', '953', 'Ketepa Tea Leaves (12)', 2, '[{"changed": {"fields": ["Is deal of the day"]}}]', 36, 13),
	(588, '2023-11-19 21:08:19.300119', '951', 'Cocoa Raha (12)', 2, '[{"changed": {"fields": ["Is flash sale"]}}]', 36, 13),
	(589, '2023-11-19 21:08:19.318206', '949', 'Spinach (5)', 2, '[{"changed": {"fields": ["Is top pick"]}}]', 36, 13),
	(590, '2023-11-19 21:08:19.320202', '947', 'Tuliza (50)', 2, '[{"changed": {"fields": ["Is favorite"]}}]', 36, 13),
	(591, '2023-11-19 21:08:19.323198', '944', 'Sunlight Bar Soap (12)', 2, '[{"changed": {"fields": ["Is deal of the day"]}}]', 36, 13),
	(592, '2023-11-19 21:08:19.325201', '942', 'Cigarettes  (20)', 2, '[{"changed": {"fields": ["Is favorite"]}}]', 36, 13),
	(593, '2023-11-19 21:08:19.328202', '941', 'KDF (12)', 2, '[{"changed": {"fields": ["Is deal of the day"]}}]', 36, 13),
	(594, '2023-11-19 21:08:19.330200', '940', 'Glucose Excel (12)', 2, '[{"changed": {"fields": ["Is flash sale", "Is top pick"]}}]', 36, 13),
	(595, '2023-11-19 21:08:19.333383', '927', 'Water (24)', 2, '[{"changed": {"fields": ["Is deal of the day", "Is top pick"]}}]', 36, 13),
	(596, '2023-11-19 21:08:19.333383', '925', 'Oreo Biscuits (36)', 2, '[{"changed": {"fields": ["Is flash sale"]}}]', 36, 13),
	(597, '2023-11-19 21:08:19.333383', '916', 'Family (packet) Nuvita Green (36)', 2, '[{"changed": {"fields": ["Is top pick"]}}]', 36, 13),
	(598, '2023-11-19 21:08:19.333383', '914', 'Menthol King (50)', 2, '[{"changed": {"fields": ["Is favorite"]}}]', 36, 13),
	(599, '2023-11-19 21:08:19.333383', '910', 'Sunlight Powder (12)', 2, '[{"changed": {"fields": ["Is deal of the day"]}}]', 36, 13),
	(600, '2023-11-19 21:08:19.333383', '908', 'Msafi Bar Soap (6)', 2, '[{"changed": {"fields": ["Is favorite"]}}]', 36, 13),
	(601, '2023-11-19 21:08:19.333383', '906', 'Golden Marie Biscuits (24)', 2, '[{"changed": {"fields": ["Is top pick"]}}]', 36, 13),
	(602, '2023-11-20 16:38:18.454277', '491', 'Pork - Ribs/Chops', 3, '', 25, 13),
	(603, '2023-11-20 16:38:18.474680', '490', 'Ordinary Cuts', 3, '', 25, 13),
	(604, '2023-11-20 16:38:18.490915', '489', 'Ham/Shoulder/Belly/Picnic', 3, '', 25, 13),
	(605, '2023-11-20 16:38:18.494911', '488', 'Potatoes', 3, '', 25, 13),
	(606, '2023-11-20 16:38:18.498912', '487', 'Omena', 3, '', 25, 13),
	(607, '2023-11-20 16:38:18.502911', '486', 'Cowboy Cooking Fat', 3, '', 25, 13),
	(608, '2023-11-20 16:38:18.507243', '485', 'Koo (Kenya Cuffy)', 3, '', 25, 13),
	(609, '2023-11-20 16:38:18.511243', '484', 'Patco Sweets', 3, '', 25, 13),
	(610, '2023-11-20 16:38:18.515241', '483', 'Tropical Sweets', 3, '', 25, 13),
	(611, '2023-11-20 16:38:18.518240', '482', 'Tropical Heat Ginger Spice', 3, '', 25, 13),
	(612, '2023-11-20 16:38:18.520979', '481', 'Matchbox', 3, '', 25, 13),
	(613, '2023-11-20 16:38:18.520979', '480', 'PK Chewing Gum', 3, '', 25, 13),
	(614, '2023-11-20 16:38:18.520979', '479', 'Fresh', 3, '', 25, 13),
	(615, '2023-11-20 16:38:18.520979', '478', 'Panadol', 3, '', 25, 13),
	(616, '2023-11-20 16:38:18.538635', '477', 'Maramoja', 3, '', 25, 13),
	(617, '2023-11-20 16:38:18.538635', '476', 'Hedex', 3, '', 25, 13),
	(618, '2023-11-20 16:38:18.538635', '475', 'Dormans', 3, '', 25, 13),
	(619, '2023-11-20 16:38:18.538635', '474', 'Steelwool', 3, '', 25, 13),
	(620, '2023-11-20 16:38:18.554609', '473', 'Safari Puffs', 3, '', 25, 13),
	(621, '2023-11-20 16:38:18.558619', '472', 'Gilda Conc Tomato Paste', 3, '', 25, 13),
	(622, '2023-11-20 16:38:18.562618', '471', 'Tropical Heat Curry Powder', 3, '', 25, 13),
	(623, '2023-11-20 16:38:18.566608', '470', 'Ariel Powder Soap', 3, '', 25, 13),
	(624, '2023-11-20 16:38:18.570610', '469', 'Candles Sumo', 3, '', 25, 13),
	(625, '2023-11-20 16:38:18.574364', '468', 'Ariel', 3, '', 25, 13),
	(626, '2023-11-20 16:38:18.578355', '467', 'Ringoz', 3, '', 25, 13),
	(627, '2023-11-20 16:38:18.582355', '466', 'Drinking Chocolate Raha', 3, '', 25, 13),
	(628, '2023-11-20 16:38:18.586356', '465', 'Bites', 3, '', 25, 13),
	(629, '2023-11-20 16:38:18.587613', '464', 'Sweets', 3, '', 25, 13),
	(630, '2023-11-20 16:38:18.587613', '463', 'Cocoa Raha', 3, '', 25, 13),
	(631, '2023-11-20 16:38:18.587613', '462', 'Spinach', 3, '', 25, 13),
	(632, '2023-11-20 16:38:18.587613', '461', 'Sukuma Wiki', 3, '', 25, 13),
	(633, '2023-11-20 16:38:18.605464', '460', 'Tuliza', 3, '', 25, 13),
	(634, '2023-11-20 16:38:18.605464', '459', 'Panado Extra', 3, '', 25, 13),
	(635, '2023-11-20 16:38:18.605464', '458', 'Sunlight Bar Soap', 3, '', 25, 13),
	(636, '2023-11-20 16:38:18.605464', '457', 'KDF', 3, '', 25, 13),
	(637, '2023-11-20 16:38:18.622065', '456', 'Glucose Excel', 3, '', 25, 13),
	(638, '2023-11-20 16:38:18.626081', '455', 'Eggs', 3, '', 25, 13),
	(639, '2023-11-20 16:38:18.629970', '454', 'Yego Marie Biscuits', 3, '', 25, 13),
	(640, '2023-11-20 16:38:18.634044', '453', 'Sawa Bath Soap', 3, '', 25, 13),
	(641, '2023-11-20 16:38:18.638713', '452', 'Softcare Diaper Gold', 3, '', 25, 13),
	(642, '2023-11-20 16:38:18.642807', '451', 'Kahawa No. 1', 3, '', 25, 13),
	(643, '2023-11-20 16:38:18.647204', '450', 'Oreo Biscuits', 3, '', 25, 13),
	(644, '2023-11-20 16:38:18.652114', '449', 'Twiga Exercise Book', 3, '', 25, 13),
	(645, '2023-11-20 16:38:18.655392', '448', 'Cigarettes ', 3, '', 25, 13),
	(646, '2023-11-20 16:38:18.655392', '447', 'Kensalt Salt', 3, '', 25, 13),
	(647, '2023-11-20 16:38:18.655392', '446', 'Bic Razor', 3, '', 25, 13),
	(648, '2023-11-20 16:38:18.655392', '445', 'Nescafe', 3, '', 25, 13),
	(649, '2023-11-20 16:38:18.672331', '444', 'Family (packet) Nuvita Green', 3, '', 25, 13),
	(650, '2023-11-20 16:38:18.672331', '443', 'Family (packet) Nuvita Orange', 3, '', 25, 13),
	(651, '2023-11-20 16:38:18.672331', '442', 'Menthol King', 3, '', 25, 13),
	(652, '2023-11-20 16:38:18.689450', '441', 'Eno', 3, '', 25, 13),
	(653, '2023-11-20 16:38:18.693833', '440', 'Sumoja Milking Jelly', 3, '', 25, 13),
	(654, '2023-11-20 16:38:18.698669', '439', 'Sunlight Powder', 3, '', 25, 13),
	(655, '2023-11-20 16:38:18.702853', '438', 'Weetabix Single Serve', 3, '', 25, 13),
	(656, '2023-11-20 16:38:18.712877', '437', 'Golden Marie Biscuits', 3, '', 25, 13),
	(657, '2023-11-20 16:38:18.719183', '436', 'Toothbrush', 3, '', 25, 13),
	(658, '2023-11-20 16:38:18.720953', '435', 'Cabbage', 3, '', 25, 13),
	(659, '2023-11-20 16:38:18.720953', '434', 'Mosquito Coil', 3, '', 25, 13),
	(660, '2023-11-20 16:38:18.720953', '433', 'Biscuits', 3, '', 25, 13),
	(661, '2023-11-20 16:38:18.736603', '432', 'Royco', 3, '', 25, 13),
	(662, '2023-11-20 16:38:18.738677', '431', 'Toilet Paper  ', 3, '', 25, 13),
	(663, '2023-11-20 16:38:18.738677', '430', 'Sossi', 3, '', 25, 13),
	(664, '2023-11-20 16:38:18.738677', '429', 'Festive Classic Bread', 3, '', 25, 13),
	(665, '2023-11-20 16:38:18.756048', '428', 'Indomie Jumbo Chicken', 3, '', 25, 13),
	(666, '2023-11-20 16:38:18.760095', '427', 'White Wash 175g', 3, '', 25, 13),
	(667, '2023-11-20 16:38:18.764921', '426', 'Eden Tea', 3, '', 25, 13),
	(668, '2023-11-20 16:38:18.769042', '425', 'Ketepa Tea Leaves', 3, '', 25, 13),
	(669, '2023-11-20 16:38:18.773507', '424', 'Novida', 3, '', 25, 13),
	(670, '2023-11-20 16:38:18.777762', '423', 'Afia Mixed Fruit Juice', 3, '', 25, 13),
	(671, '2023-11-20 16:38:18.781779', '422', 'Juo Ukwaju Juice', 3, '', 25, 13),
	(672, '2023-11-20 16:38:18.786589', '421', 'Juo Orange Juice', 3, '', 25, 13),
	(673, '2023-11-20 16:38:18.788170', '420', 'Jooz Orange Juice', 3, '', 25, 13),
	(674, '2023-11-20 16:38:18.788170', '419', 'Minute Maid Mango', 3, '', 25, 13),
	(675, '2023-11-20 16:38:18.788170', '418', 'Afia Juice Mango', 3, '', 25, 13),
	(676, '2023-11-20 16:38:18.804355', '417', 'Tomato', 3, '', 25, 13),
	(677, '2023-11-20 16:38:18.805591', '416', 'Salt & Vinegar', 3, '', 25, 13),
	(678, '2023-11-20 16:38:18.805591', '415', 'Chilli Lemon', 3, '', 25, 13),
	(679, '2023-11-20 16:38:18.805591', '414', 'Cheese & Onion', 3, '', 25, 13),
	(680, '2023-11-20 16:38:18.822585', '413', 'Crisps Assorted', 3, '', 25, 13),
	(681, '2023-11-20 16:38:18.826542', '412', 'Ketepa Tangawizi Tea Leaves', 3, '', 25, 13),
	(682, '2023-11-20 16:38:18.831354', '411', 'Baking Powder', 3, '', 25, 13),
	(683, '2023-11-20 16:38:18.836355', '410', 'Kinangop Milk', 3, '', 25, 13),
	(684, '2023-11-20 16:38:18.842376', '409', 'Champ Mango Colada', 3, '', 25, 13),
	(685, '2023-11-20 16:38:18.848509', '408', 'Nuvita Break Time Biscuits', 3, '', 25, 13),
	(686, '2023-11-20 16:38:18.852502', '407', 'Predator', 3, '', 25, 13),
	(687, '2023-11-20 16:38:18.858608', '406', 'Fresh Milk - Kabete Dairies', 3, '', 25, 13),
	(688, '2023-11-20 16:38:18.860750', '405', 'Jam ', 3, '', 25, 13),
	(689, '2023-11-20 16:38:18.866754', '404', 'Spaghetti Daawat Green', 3, '', 25, 13),
	(690, '2023-11-20 16:38:18.871224', '403', 'Colgate', 3, '', 25, 13),
	(691, '2023-11-20 16:38:18.876720', '402', 'Softcare Pads', 3, '', 25, 13),
	(692, '2023-11-20 16:38:18.881612', '401', 'Fresh Milk - Njugunas', 3, '', 25, 13),
	(693, '2023-11-20 16:38:18.885633', '400', 'Afia Juice Mixed Fruit', 3, '', 25, 13),
	(694, '2023-11-20 16:38:18.890603', '399', 'Bella Baby Wipes', 3, '', 25, 13),
	(695, '2023-11-20 16:38:18.894690', '398', 'Biryani Rice', 3, '', 25, 13),
	(696, '2023-11-20 16:38:18.898873', '397', 'Always', 3, '', 25, 13),
	(697, '2023-11-20 16:38:18.903830', '396', 'Ngumu', 3, '', 25, 13),
	(698, '2023-11-20 16:38:18.908835', '395', 'Mandazi', 3, '', 25, 13),
	(699, '2023-11-20 16:38:18.913022', '394', 'Bread', 3, '', 25, 13),
	(700, '2023-11-20 16:38:18.916999', '393', 'Water', 3, '', 25, 13),
	(701, '2023-11-20 16:38:18.921631', '392', 'Mala', 3, '', 25, 13),
	(702, '2023-11-20 16:38:18.921631', '391', 'Ndengu', 3, '', 25, 13),
	(703, '2023-11-20 16:38:18.938713', '390', 'Sunlight Powder Yellow', 3, '', 25, 13),
	(704, '2023-11-20 16:38:18.938713', '389', 'Premium Imported Rice', 3, '', 25, 13),
	(705, '2023-11-20 16:38:18.955579', '388', 'Msafi Bar Soap', 3, '', 25, 13),
	(706, '2023-11-20 16:38:18.962318', '387', 'Yoghurt', 3, '', 25, 13),
	(707, '2023-11-20 16:38:18.968496', '386', 'Quencher Pineapple Juice', 3, '', 25, 13),
	(708, '2023-11-20 16:38:18.973757', '385', 'Unga Ugali - Pembe', 3, '', 25, 13),
	(709, '2023-11-20 16:38:18.980267', '384', 'Yellow Beans', 3, '', 25, 13),
	(710, '2023-11-20 16:38:18.986471', '383', 'Savannah Cocopine Juice', 3, '', 25, 13),
	(711, '2023-11-20 16:38:18.988181', '382', 'Soda', 3, '', 25, 13),
	(712, '2023-11-20 16:38:18.988181', '381', 'Premium Pishori Rice', 3, '', 25, 13),
	(713, '2023-11-20 16:38:19.005360', '380', 'Unga Chapati - Ajab', 3, '', 25, 13),
	(714, '2023-11-20 16:38:19.021095', '379', 'Sugar', 3, '', 25, 13),
	(715, '2023-11-20 16:38:19.030351', '378', 'Msafi Powder', 3, '', 25, 13),
	(716, '2023-11-20 16:38:19.036346', '377', 'Kamande', 3, '', 25, 13),
	(717, '2023-11-20 16:38:19.043127', '376', 'Arimis', 3, '', 25, 13),
	(718, '2023-11-20 16:38:19.049860', '375', 'Kimbo Cooking Fat', 3, '', 25, 13),
	(719, '2023-11-20 16:38:19.055079', '374', 'Fresh Fri Cooking Oil', 3, '', 25, 13),
	(720, '2023-11-20 16:38:19.055079', '373', 'Sausages', 3, '', 25, 13),
	(721, '2023-11-20 16:38:19.055079', '372', 'Omo', 3, '', 25, 13),
	(722, '2023-11-20 16:38:19.072025', '371', 'Broilers', 3, '', 25, 13),
	(723, '2023-11-20 16:38:19.072025', '370', 'Blue band', 3, '', 25, 13),
	(724, '2023-11-20 16:38:19.090292', '369', 'Honey', 3, '', 25, 13),
	(725, '2023-11-20 16:38:19.097193', '41', 'Fresh Yogis milk', 3, '', 25, 13),
	(726, '2023-11-20 16:38:19.106903', '39', 'Yogis thick yoghurt', 3, '', 25, 13),
	(727, '2023-11-20 16:52:02.700973', '492', 'Honey', 2, '[{"deleted": {"name": "product images", "object": "/media/products/20231120/other.png"}}, {"deleted": {"name": "product images", "object": "/media/products/20231120/other_l2kkTeP.png"}}]', 25, 13),
	(728, '2023-11-20 16:53:01.278040', '492', 'Honey', 3, '', 25, 13),
	(729, '2023-11-20 17:01:00.468794', '493', 'Honey', 3, '', 25, 13),
	(730, '2023-11-20 17:05:54.737975', '494', 'Honey', 3, '', 25, 13),
	(731, '2023-11-20 17:07:44.274869', '495', 'Honey', 3, '', 25, 13),
	(732, '2023-11-20 17:10:53.318896', '496', 'Honey', 3, '', 25, 13),
	(733, '2023-11-20 17:13:22.893365', '497', 'Honey', 3, '', 25, 13),
	(734, '2023-11-20 17:16:43.479252', '498', 'Honey', 3, '', 25, 13),
	(735, '2023-11-20 17:18:44.923676', '1242', 'Soda (2)', 3, '', 36, 13),
	(736, '2023-11-20 17:18:44.937976', '1241', 'Soda (4)', 3, '', 36, 13),
	(737, '2023-11-20 17:18:44.937976', '1240', 'Soda (1)', 3, '', 36, 13),
	(738, '2023-11-20 17:18:44.937976', '1227', 'Soda (2)', 3, '', 36, 13),
	(739, '2023-11-20 17:18:44.956153', '1226', 'Soda (3)', 3, '', 36, 13),
	(740, '2023-11-20 17:18:44.956153', '1224', 'Soda (1)', 3, '', 36, 13),
	(741, '2023-11-20 17:18:44.956153', '1176', 'Soda (24)', 3, '', 36, 13),
	(742, '2023-11-20 17:18:44.956153', '1154', 'Soda (24)', 3, '', 36, 13),
	(743, '2023-11-20 17:18:44.974855', '1144', 'Soda (24)', 3, '', 36, 13),
	(744, '2023-11-20 17:18:44.977854', '1112', 'Soda (24)', 3, '', 36, 13),
	(745, '2023-11-20 17:18:44.981856', '1092', 'Soda (24)', 3, '', 36, 13),
	(746, '2023-11-20 17:18:44.984856', '1090', 'Soda (24)', 3, '', 36, 13),
	(747, '2023-11-20 17:19:11.471056', '356', '1.25 Liters', 2, '[{"changed": {"fields": ["Size"]}}]', 29, 13),
	(748, '2023-11-20 17:19:14.336108', '1065', 'Soda (12)', 2, '[]', 36, 13),
	(749, '2023-11-20 17:19:36.218390', '1065', 'Soda (12)', 2, '[{"changed": {"fields": ["Is flash sale", "Is deal of the day", "Is top pick"]}}]', 36, 13),
	(750, '2023-11-20 17:20:35.682101', '1238', 'Sugar (41)', 3, '', 36, 13),
	(751, '2023-11-20 17:20:35.698746', '1097', 'Sugar (10)', 3, '', 36, 13),
	(752, '2023-11-20 17:21:17.317887', '1210', 'Biscuits (60)', 3, '', 36, 13),
	(753, '2023-11-20 17:21:17.321884', '1126', 'Biscuits (12)', 3, '', 36, 13),
	(754, '2023-11-20 17:21:17.325637', '1125', 'Biscuits (12)', 3, '', 36, 13),
	(755, '2023-11-20 17:25:14.978255', '1143', 'Nescafe (6)', 3, '', 36, 13),
	(756, '2023-11-20 17:26:19.708192', '1214', 'Royco (40)', 2, '[{"changed": {"fields": ["Is top pick"]}}]', 36, 13),
	(757, '2023-11-20 17:26:19.708192', '1196', 'Dormans (50)', 2, '[{"changed": {"fields": ["Is flash sale", "Is deal of the day"]}}]', 36, 13),
	(758, '2023-11-20 17:26:19.708192', '1180', 'Nescafe (12)', 2, '[{"changed": {"fields": ["Is top pick"]}}]', 36, 13),
	(759, '2023-11-20 17:26:19.723809', '1124', 'Royco (40)', 2, '[{"changed": {"fields": ["Is new arrival"]}}]', 36, 13),
	(760, '2023-11-20 17:31:16.761128', '1239', 'Sugar (2)', 2, '[{"changed": {"fields": ["Is new arrival", "Is flash sale", "Is deal of the day"]}}]', 36, 13),
	(761, '2023-11-20 17:31:16.764136', '1237', 'Sossi (12)', 2, '[{"changed": {"fields": ["Is deal of the day"]}}]', 36, 13),
	(762, '2023-11-20 17:31:16.767289', '1236', 'Soda (4)', 2, '[{"changed": {"fields": ["Is new arrival", "Is deal of the day", "Is top pick"]}}]', 36, 13),
	(763, '2023-11-20 17:31:16.768303', '1235', 'Sugar (8)', 2, '[{"changed": {"fields": ["Is deal of the day", "Is top pick"]}}]', 36, 13),
	(764, '2023-11-20 17:31:16.768303', '1234', 'Sugar (8)', 2, '[{"changed": {"fields": ["Is new arrival", "Is deal of the day"]}}]', 36, 13),
	(765, '2023-11-20 17:31:16.768303', '1233', 'Cocoa Raha (12)', 2, '[{"changed": {"fields": ["Is flash sale", "Is deal of the day"]}}]', 36, 13),
	(766, '2023-11-20 17:31:16.768303', '1232', 'Pork - Ribs/Chops (3)', 2, '[{"changed": {"fields": ["Is new arrival", "Is deal of the day"]}}]', 36, 13),
	(767, '2023-11-20 17:31:16.768303', '1231', 'Ordinary Cuts (2)', 2, '[{"changed": {"fields": ["Is deal of the day"]}}]', 36, 13),
	(768, '2023-11-20 17:31:16.768303', '1230', 'Ham/Shoulder/Belly/Picnic (2)', 2, '[{"changed": {"fields": ["Is deal of the day"]}}]', 36, 13),
	(769, '2023-11-20 17:31:16.786412', '1229', 'Soda (5)', 2, '[{"changed": {"fields": ["Is deal of the day"]}}]', 36, 13),
	(770, '2023-11-20 17:31:16.788415', '1228', 'Potatoes (2)', 2, '[{"changed": {"fields": ["Is deal of the day"]}}]', 36, 13),
	(771, '2023-11-20 17:31:16.791412', '1225', 'Omena (2)', 2, '[{"changed": {"fields": ["Is deal of the day"]}}]', 36, 13),
	(772, '2023-11-20 17:31:16.793415', '1223', 'Cowboy Cooking Fat (480)', 2, '[{"changed": {"fields": ["Is deal of the day"]}}]', 36, 13),
	(773, '2023-11-20 17:31:16.796428', '1222', 'Cowboy Cooking Fat (480)', 2, '[{"changed": {"fields": ["Is deal of the day"]}}]', 36, 13),
	(774, '2023-11-20 17:31:16.798414', '1221', 'Kimbo Cooking Fat (480)', 2, '[{"changed": {"fields": ["Is deal of the day"]}}]', 36, 13),
	(775, '2023-11-20 17:31:16.801645', '1220', 'Cowboy Cooking Fat (480)', 2, '[{"changed": {"fields": ["Is deal of the day"]}}]', 36, 13),
	(776, '2023-11-20 17:31:16.801645', '1219', 'Koo (Kenya Cuffy) (114)', 2, '[{"changed": {"fields": ["Is deal of the day"]}}]', 36, 13),
	(777, '2023-11-20 17:31:16.801645', '1218', 'Patco Sweets (107)', 2, '[{"changed": {"fields": ["Is deal of the day"]}}]', 36, 13),
	(778, '2023-11-20 17:31:16.801645', '1202', 'Sweets (50)', 2, '[{"changed": {"fields": ["Is deal of the day"]}}]', 36, 13),
	(779, '2023-11-20 17:31:16.801645', '1201', 'Sweets (50)', 2, '[{"changed": {"fields": ["Is top pick"]}}]', 36, 13),
	(780, '2023-11-20 17:31:16.801645', '1199', 'Panadol (50)', 2, '[{"changed": {"fields": ["Is deal of the day"]}}]', 36, 13),
	(781, '2023-11-20 17:31:16.817692', '1191', 'Ariel Powder Soap (12)', 2, '[{"changed": {"fields": ["Is deal of the day"]}}]', 36, 13),
	(782, '2023-11-20 17:31:16.820707', '1188', 'Cigarettes  (20)', 2, '[{"changed": {"fields": ["Is deal of the day", "Is top pick"]}}]', 36, 13),
	(783, '2023-11-20 17:31:16.822694', '1185', 'Ariel (12)', 2, '[{"changed": {"fields": ["Is deal of the day", "Is top pick"]}}]', 36, 13),
	(784, '2023-11-20 17:31:16.824693', '1183', 'Ringoz (50)', 2, '[{"changed": {"fields": ["Is top pick"]}}]', 36, 13),
	(785, '2023-11-20 17:31:16.827694', '1182', 'Drinking Chocolate Raha (12)', 2, '[{"changed": {"fields": ["Is deal of the day"]}}]', 36, 13),
	(786, '2023-11-20 17:31:16.829692', '1162', 'Yego Marie Biscuits (36)', 2, '[{"changed": {"fields": ["Is deal of the day", "Is top pick"]}}]', 36, 13),
	(787, '2023-11-20 17:31:16.831693', '1160', 'Softcare Diaper Gold (42)', 2, '[{"changed": {"fields": ["Is top pick"]}}]', 36, 13),
	(788, '2023-11-20 17:31:16.834808', '1159', 'Softcare Diaper Gold (42)', 2, '[{"changed": {"fields": ["Is deal of the day"]}}]', 36, 13),
	(789, '2023-11-20 17:31:16.834808', '1158', 'Sawa Bath Soap (6)', 2, '[{"changed": {"fields": ["Is top pick"]}}]', 36, 13),
	(790, '2023-11-20 17:31:16.834808', '1157', 'Sawa Bath Soap (6)', 2, '[{"changed": {"fields": ["Is deal of the day"]}}]', 36, 13),
	(791, '2023-11-20 17:31:16.834808', '1156', 'Msafi Powder (6)', 2, '[{"changed": {"fields": ["Is top pick"]}}]', 36, 13),
	(792, '2023-11-20 17:31:16.834808', '1155', 'Softcare Diaper Gold (40)', 2, '[{"changed": {"fields": ["Is deal of the day"]}}]', 36, 13),
	(793, '2023-11-20 17:31:16.834808', '1149', 'Twiga Exercise Book (12)', 2, '[{"changed": {"fields": ["Is deal of the day"]}}]', 36, 13),
	(794, '2023-11-20 17:31:16.834808', '1148', 'Cigarettes  (20)', 2, '[{"changed": {"fields": ["Is top pick"]}}]', 36, 13),
	(795, '2023-11-20 17:31:16.852250', '1147', 'Kensalt Salt (40)', 2, '[{"changed": {"fields": ["Is deal of the day"]}}]', 36, 13),
	(796, '2023-11-20 17:31:16.855249', '1142', 'Family (packet) Nuvita Green (36)', 2, '[{"changed": {"fields": ["Is deal of the day", "Is top pick"]}}]', 36, 13),
	(797, '2023-11-20 17:31:16.857252', '1141', 'Family (packet) Nuvita Orange (36)', 2, '[{"changed": {"fields": ["Is deal of the day", "Is top pick"]}}]', 36, 13),
	(798, '2023-11-20 17:31:16.860251', '1139', 'Eno (50)', 2, '[{"changed": {"fields": ["Is deal of the day", "Is top pick"]}}]', 36, 13),
	(799, '2023-11-20 17:31:16.862250', '1138', 'Sumoja Milking Jelly (12)', 2, '[{"changed": {"fields": ["Is top pick"]}}]', 36, 13),
	(800, '2023-11-20 17:31:16.864251', '1137', 'Kinangop Milk (21)', 2, '[{"changed": {"fields": ["Is deal of the day", "Is top pick"]}}]', 36, 13),
	(801, '2023-11-20 17:31:16.867202', '1135', 'Ketepa Tangawizi Tea Leaves (10)', 2, '[{"changed": {"fields": ["Is deal of the day", "Is top pick"]}}]', 36, 13),
	(802, '2023-11-20 17:31:16.868141', '1133', 'Weetabix Single Serve (12)', 2, '[{"changed": {"fields": ["Is deal of the day", "Is top pick"]}}]', 36, 13),
	(803, '2023-11-20 17:31:16.868141', '1132', 'Golden Marie Biscuits (24)', 2, '[{"changed": {"fields": ["Is deal of the day"]}}]', 36, 13),
	(804, '2023-11-20 17:33:54.998399', '621', 'Pork - Ribs/Chops', 3, '', 25, 13),
	(805, '2023-11-20 17:33:55.010205', '620', 'Ordinary Cuts', 3, '', 25, 13),
	(806, '2023-11-20 17:33:55.016624', '619', 'Ham/Shoulder/Belly/Picnic', 3, '', 25, 13),
	(807, '2023-11-20 17:33:55.024430', '618', 'Potatoes', 3, '', 25, 13),
	(808, '2023-11-20 17:33:55.027432', '617', 'Omena', 3, '', 25, 13),
	(809, '2023-11-20 17:33:55.030430', '616', 'Cowboy Cooking Fat', 3, '', 25, 13),
	(810, '2023-11-20 17:33:55.034429', '615', 'Koo (Kenya Cuffy)', 3, '', 25, 13),
	(811, '2023-11-20 17:33:55.037432', '614', 'Patco Sweets', 3, '', 25, 13),
	(812, '2023-11-20 17:33:55.041066', '613', 'Tropical Sweets', 3, '', 25, 13),
	(813, '2023-11-20 17:33:55.045067', '612', 'Tropical Heat Ginger Spice', 3, '', 25, 13),
	(814, '2023-11-20 17:33:55.048067', '611', 'Matchbox', 3, '', 25, 13),
	(815, '2023-11-20 17:33:55.051067', '610', 'PK Chewing Gum', 3, '', 25, 13),
	(816, '2023-11-20 17:33:55.054880', '609', 'Fresh', 3, '', 25, 13),
	(817, '2023-11-20 17:33:55.058879', '608', 'Panadol', 3, '', 25, 13),
	(818, '2023-11-20 17:33:55.061879', '607', 'Maramoja', 3, '', 25, 13),
	(819, '2023-11-20 17:33:55.064878', '606', 'Hedex', 3, '', 25, 13),
	(820, '2023-11-20 17:33:55.068878', '605', 'Dormans', 3, '', 25, 13),
	(821, '2023-11-20 17:33:55.071878', '604', 'Steelwool', 3, '', 25, 13),
	(822, '2023-11-20 17:33:55.075879', '603', 'Safari Puffs', 3, '', 25, 13),
	(823, '2023-11-20 17:33:55.078880', '602', 'Gilda Conc Tomato Paste', 3, '', 25, 13),
	(824, '2023-11-20 17:33:55.082879', '601', 'Tropical Heat Curry Powder', 3, '', 25, 13),
	(825, '2023-11-20 17:33:55.085877', '600', 'Ariel Powder Soap', 3, '', 25, 13),
	(826, '2023-11-20 17:33:55.091213', '599', 'Candles Sumo', 3, '', 25, 13),
	(827, '2023-11-20 17:33:55.094212', '598', 'Ariel', 3, '', 25, 13),
	(828, '2023-11-20 17:33:55.097212', '597', 'Ringoz', 3, '', 25, 13),
	(829, '2023-11-20 17:33:55.101214', '596', 'Drinking Chocolate Raha', 3, '', 25, 13),
	(830, '2023-11-20 17:33:55.105216', '595', 'Bites', 3, '', 25, 13),
	(831, '2023-11-20 17:33:55.109141', '594', 'Sweets', 3, '', 25, 13),
	(832, '2023-11-20 17:33:55.113141', '593', 'Cocoa Raha', 3, '', 25, 13),
	(833, '2023-11-20 17:33:55.116944', '592', 'Spinach', 3, '', 25, 13),
	(834, '2023-11-20 17:33:55.120947', '591', 'Sukuma Wiki', 3, '', 25, 13),
	(835, '2023-11-20 17:33:55.124057', '590', 'Tuliza', 3, '', 25, 13),
	(836, '2023-11-20 17:33:55.128058', '589', 'Panado Extra', 3, '', 25, 13),
	(837, '2023-11-20 17:33:55.131055', '588', 'Sunlight Bar Soap', 3, '', 25, 13),
	(838, '2023-11-20 17:33:55.134055', '587', 'KDF', 3, '', 25, 13),
	(839, '2023-11-20 17:33:55.137055', '586', 'Glucose Excel', 3, '', 25, 13),
	(840, '2023-11-20 17:33:55.140668', '585', 'Eggs', 3, '', 25, 13),
	(841, '2023-11-20 17:33:55.144666', '584', 'Yego Marie Biscuits', 3, '', 25, 13),
	(842, '2023-11-20 17:33:55.147662', '583', 'Sawa Bath Soap', 3, '', 25, 13),
	(843, '2023-11-20 17:33:55.150664', '582', 'Softcare Diaper Gold', 3, '', 25, 13),
	(844, '2023-11-20 17:33:55.154664', '581', 'Kahawa No. 1', 3, '', 25, 13),
	(845, '2023-11-20 17:33:55.156220', '580', 'Oreo Biscuits', 3, '', 25, 13),
	(846, '2023-11-20 17:33:55.156220', '579', 'Twiga Exercise Book', 3, '', 25, 13),
	(847, '2023-11-20 17:33:55.156220', '578', 'Cigarettes ', 3, '', 25, 13),
	(848, '2023-11-20 17:33:55.156220', '577', 'Kensalt Salt', 3, '', 25, 13),
	(849, '2023-11-20 17:33:55.156220', '576', 'Bic Razor', 3, '', 25, 13),
	(850, '2023-11-20 17:33:55.173799', '575', 'Nescafe', 3, '', 25, 13),
	(851, '2023-11-20 17:33:55.173799', '574', 'Family (packet) Nuvita Green', 3, '', 25, 13),
	(852, '2023-11-20 17:33:55.173799', '573', 'Family (packet) Nuvita Orange', 3, '', 25, 13),
	(853, '2023-11-20 17:33:55.173799', '572', 'Menthol King', 3, '', 25, 13),
	(854, '2023-11-20 17:33:55.173799', '571', 'Eno', 3, '', 25, 13),
	(855, '2023-11-20 17:33:55.190741', '570', 'Sumoja Milking Jelly', 3, '', 25, 13),
	(856, '2023-11-20 17:33:55.193730', '569', 'Sunlight Powder', 3, '', 25, 13),
	(857, '2023-11-20 17:33:55.196729', '568', 'Weetabix Single Serve', 3, '', 25, 13),
	(858, '2023-11-20 17:33:55.200731', '567', 'Golden Marie Biscuits', 3, '', 25, 13),
	(859, '2023-11-20 17:33:55.203729', '566', 'Toothbrush', 3, '', 25, 13),
	(860, '2023-11-20 17:33:55.206512', '565', 'Cabbage', 3, '', 25, 13),
	(861, '2023-11-20 17:33:55.210512', '564', 'Mosquito Coil', 3, '', 25, 13),
	(862, '2023-11-20 17:33:55.213512', '563', 'Biscuits', 3, '', 25, 13),
	(863, '2023-11-20 17:33:55.216512', '562', 'Royco', 3, '', 25, 13),
	(864, '2023-11-20 17:33:55.219512', '561', 'Toilet Paper  ', 3, '', 25, 13),
	(865, '2023-11-20 17:33:55.222746', '560', 'Sossi', 3, '', 25, 13),
	(866, '2023-11-20 17:33:55.222746', '559', 'Festive Classic Bread', 3, '', 25, 13),
	(867, '2023-11-20 17:33:55.222746', '558', 'Indomie Jumbo Chicken', 3, '', 25, 13),
	(868, '2023-11-20 17:33:55.222746', '557', 'White Wash 175g', 3, '', 25, 13),
	(869, '2023-11-20 17:33:55.222746', '556', 'Eden Tea', 3, '', 25, 13),
	(870, '2023-11-20 17:33:55.239499', '555', 'Ketepa Tea Leaves', 3, '', 25, 13),
	(871, '2023-11-20 17:33:55.240537', '554', 'Novida', 3, '', 25, 13),
	(872, '2023-11-20 17:33:55.240537', '553', 'Afia Mixed Fruit Juice', 3, '', 25, 13),
	(873, '2023-11-20 17:33:55.240537', '552', 'Juo Ukwaju Juice', 3, '', 25, 13),
	(874, '2023-11-20 17:33:55.240537', '551', 'Juo Orange Juice', 3, '', 25, 13),
	(875, '2023-11-20 17:33:55.257145', '550', 'Jooz Orange Juice', 3, '', 25, 13),
	(876, '2023-11-20 17:33:55.260140', '549', 'Minute Maid Mango', 3, '', 25, 13),
	(877, '2023-11-20 17:33:55.264153', '548', 'Afia Juice Mango', 3, '', 25, 13),
	(878, '2023-11-20 17:33:55.267141', '547', 'Tomato', 3, '', 25, 13),
	(879, '2023-11-20 17:33:55.270141', '546', 'Salt & Vinegar', 3, '', 25, 13),
	(880, '2023-11-20 17:33:55.273142', '545', 'Chilli Lemon', 3, '', 25, 13),
	(881, '2023-11-20 17:33:55.277142', '544', 'Cheese & Onion', 3, '', 25, 13),
	(882, '2023-11-20 17:33:55.280140', '543', 'Crisps Assorted', 3, '', 25, 13),
	(883, '2023-11-20 17:33:55.284141', '542', 'Ketepa Tangawizi Tea Leaves', 3, '', 25, 13),
	(884, '2023-11-20 17:33:55.287141', '541', 'Baking Powder', 3, '', 25, 13),
	(885, '2023-11-20 17:33:55.289422', '540', 'Kinangop Milk', 3, '', 25, 13),
	(886, '2023-11-20 17:33:55.289422', '539', 'Champ Mango Colada', 3, '', 25, 13),
	(887, '2023-11-20 17:33:55.289422', '538', 'Nuvita Break Time Biscuits', 3, '', 25, 13),
	(888, '2023-11-20 17:33:55.289422', '537', 'Predator', 3, '', 25, 13),
	(889, '2023-11-20 17:33:55.289422', '536', 'Fresh Milk - Kabete Dairies', 3, '', 25, 13),
	(890, '2023-11-20 17:33:55.306145', '535', 'Jam ', 3, '', 25, 13),
	(891, '2023-11-20 17:33:55.307143', '534', 'Spaghetti Daawat Green', 3, '', 25, 13),
	(892, '2023-11-20 17:33:55.307143', '533', 'Colgate', 3, '', 25, 13),
	(893, '2023-11-20 17:33:55.307143', '532', 'Softcare Pads', 3, '', 25, 13),
	(894, '2023-11-20 17:33:55.307143', '531', 'Fresh Milk - Njugunas', 3, '', 25, 13),
	(895, '2023-11-20 17:33:55.307143', '530', 'Afia Juice Mixed Fruit', 3, '', 25, 13),
	(896, '2023-11-20 17:33:55.325246', '529', 'Bella Baby Wipes', 3, '', 25, 13),
	(897, '2023-11-20 17:33:55.328244', '528', 'Biryani Rice', 3, '', 25, 13),
	(898, '2023-11-20 17:33:55.331244', '527', 'Always', 3, '', 25, 13),
	(899, '2023-11-20 17:33:55.334246', '526', 'Ngumu', 3, '', 25, 13),
	(900, '2023-11-20 17:33:55.338244', '525', 'Mandazi', 3, '', 25, 13),
	(901, '2023-11-20 17:33:55.341790', '524', 'Bread', 3, '', 25, 13),
	(902, '2023-11-20 17:33:55.344787', '523', 'Water', 3, '', 25, 13),
	(903, '2023-11-20 17:33:55.348787', '522', 'Mala', 3, '', 25, 13),
	(904, '2023-11-20 17:33:55.351787', '521', 'Ndengu', 3, '', 25, 13),
	(905, '2023-11-20 17:33:55.354790', '520', 'Sunlight Powder Yellow', 3, '', 25, 13),
	(906, '2023-11-20 17:33:55.356093', '519', 'Premium Imported Rice', 3, '', 25, 13),
	(907, '2023-11-20 17:33:55.356093', '518', 'Msafi Bar Soap', 3, '', 25, 13),
	(908, '2023-11-20 17:33:55.356093', '517', 'Yoghurt', 3, '', 25, 13),
	(909, '2023-11-20 17:33:55.356093', '516', 'Quencher Pineapple Juice', 3, '', 25, 13),
	(910, '2023-11-20 17:33:55.356093', '515', 'Unga Ugali - Pembe', 3, '', 25, 13),
	(911, '2023-11-20 17:33:55.373820', '514', 'Yellow Beans', 3, '', 25, 13),
	(912, '2023-11-20 17:33:55.373820', '513', 'Savannah Cocopine Juice', 3, '', 25, 13),
	(913, '2023-11-20 17:33:55.373820', '512', 'Soda', 3, '', 25, 13),
	(914, '2023-11-20 17:33:55.373820', '511', 'Premium Pishori Rice', 3, '', 25, 13),
	(915, '2023-11-20 17:33:55.373820', '510', 'Unga Chapati - Ajab', 3, '', 25, 13),
	(916, '2023-11-20 17:33:55.389686', '509', 'Sugar', 3, '', 25, 13),
	(917, '2023-11-20 17:33:55.392684', '508', 'Msafi Powder', 3, '', 25, 13),
	(918, '2023-11-20 17:33:55.395684', '507', 'Kamande', 3, '', 25, 13),
	(919, '2023-11-20 17:33:55.398684', '506', 'Arimis', 3, '', 25, 13),
	(920, '2023-11-20 17:33:55.402683', '505', 'Kimbo Cooking Fat', 3, '', 25, 13),
	(921, '2023-11-20 17:33:55.405686', '504', 'Fresh Fri Cooking Oil', 3, '', 25, 13),
	(922, '2023-11-20 17:33:55.409469', '503', 'Sausages', 3, '', 25, 13),
	(923, '2023-11-20 17:33:55.412468', '502', 'Omo', 3, '', 25, 13),
	(924, '2023-11-20 17:33:55.415468', '501', 'Broilers', 3, '', 25, 13),
	(925, '2023-11-20 17:33:55.419468', '500', 'Blue band', 3, '', 25, 13),
	(926, '2023-11-20 17:33:55.422745', '499', 'Honey', 3, '', 25, 13),
	(927, '2023-11-20 17:34:23.655579', '1904', '/media/products/20231120/soda_plastic_TrBN43k.jpg', 3, '', 30, 13),
	(928, '2023-11-20 17:34:23.655579', '1903', '/media/products/20231120/soda_plastic_4_onyHvx9.jpg', 3, '', 30, 13),
	(929, '2023-11-20 17:34:23.672146', '1902', '/media/products/20231120/soda_plastic_3_p3x7cIC.jpg', 3, '', 30, 13),
	(930, '2023-11-20 17:34:23.672604', '1901', '/media/products/20231120/soda_plastic_2_D9uXt0F.jpg', 3, '', 30, 13),
	(931, '2023-11-20 17:34:23.687546', '1900', '/media/products/20231120/soda_passion_E6gP6Fe.jpg', 3, '', 30, 13),
	(932, '2023-11-20 17:34:23.689127', '1899', '/media/products/20231120/soda_krest_l9bu5oD.jpg', 3, '', 30, 13),
	(933, '2023-11-20 17:34:23.689127', '1898', '/media/products/20231120/soda_coke_CIxfoCH.jpg', 3, '', 30, 13),
	(934, '2023-11-20 17:34:23.689127', '1897', '/media/products/20231120/soda_black_currant_yEJip9P.jpg', 3, '', 30, 13),
	(935, '2023-11-20 17:34:23.689127', '1896', '/media/products/20231120/soda_plastic_rCxLwRG.jpg', 3, '', 30, 13),
	(936, '2023-11-20 17:34:23.705622', '1895', '/media/products/20231120/soda_plastic_4_0ZhINSw.jpg', 3, '', 30, 13),
	(937, '2023-11-20 17:34:23.706087', '1894', '/media/products/20231120/soda_plastic_3_YSdV0ku.jpg', 3, '', 30, 13),
	(938, '2023-11-20 17:34:23.706087', '1893', '/media/products/20231120/soda_plastic_2_c5L5hdc.jpg', 3, '', 30, 13),
	(939, '2023-11-20 17:34:23.706087', '1892', '/media/products/20231120/soda_passion_eq3Og4S.jpg', 3, '', 30, 13),
	(940, '2023-11-20 17:34:23.720869', '1891', '/media/products/20231120/soda_krest_4iBuKXZ.jpg', 3, '', 30, 13),
	(941, '2023-11-20 17:34:23.722392', '1890', '/media/products/20231120/soda_coke_MaGUc3a.jpg', 3, '', 30, 13),
	(942, '2023-11-20 17:34:23.722392', '1889', '/media/products/20231120/soda_black_currant_C3wcJ4c.jpg', 3, '', 30, 13),
	(943, '2023-11-20 17:34:23.722392', '1888', '/media/products/20231120/soda_plastic_K8NXm5Y.jpg', 3, '', 30, 13),
	(944, '2023-11-20 17:34:23.722392', '1887', '/media/products/20231120/soda_plastic_4_00kIaEd.jpg', 3, '', 30, 13),
	(945, '2023-11-20 17:34:23.737586', '1886', '/media/products/20231120/soda_plastic_3_KUNHH5V.jpg', 3, '', 30, 13),
	(946, '2023-11-20 17:34:23.739686', '1885', '/media/products/20231120/soda_plastic_2_mlcCaEu.jpg', 3, '', 30, 13),
	(947, '2023-11-20 17:34:23.739686', '1884', '/media/products/20231120/soda_passion_BdqhjcK.jpg', 3, '', 30, 13),
	(948, '2023-11-20 17:34:23.739686', '1883', '/media/products/20231120/soda_krest_PyeMQQr.jpg', 3, '', 30, 13),
	(949, '2023-11-20 17:34:23.739686', '1882', '/media/products/20231120/soda_coke_0vZWIE9.jpg', 3, '', 30, 13),
	(950, '2023-11-20 17:34:23.755227', '1881', '/media/products/20231120/soda_black_currant_VDmg3R9.jpg', 3, '', 30, 13),
	(951, '2023-11-20 17:34:23.755666', '1880', '/media/products/20231120/other_9O4V6Mm.png', 3, '', 30, 13),
	(952, '2023-11-20 17:34:23.755666', '1879', '/media/products/20231120/other_NBBKfTY.png', 3, '', 30, 13),
	(953, '2023-11-20 17:34:23.755666', '1878', '/media/products/20231120/other_re7egl7.png', 3, '', 30, 13),
	(954, '2023-11-20 17:34:23.755666', '1877', '/media/products/20231120/soda_plastic_6UMotDI.jpg', 3, '', 30, 13),
	(955, '2023-11-20 17:34:23.772364', '1876', '/media/products/20231120/soda_plastic_4_lpAuSNi.jpg', 3, '', 30, 13),
	(956, '2023-11-20 17:34:23.776361', '1875', '/media/products/20231120/soda_plastic_3_LRAKcy3.jpg', 3, '', 30, 13),
	(957, '2023-11-20 17:34:23.779383', '1874', '/media/products/20231120/soda_plastic_2_OXEbZEG.jpg', 3, '', 30, 13),
	(958, '2023-11-20 17:34:23.782431', '1873', '/media/products/20231120/soda_passion_uCxaXbc.jpg', 3, '', 30, 13),
	(959, '2023-11-20 17:34:23.786368', '1872', '/media/products/20231120/soda_krest_lLNDYOl.jpg', 3, '', 30, 13),
	(960, '2023-11-20 17:34:23.789918', '1871', '/media/products/20231120/soda_coke_yoKX3dy.jpg', 3, '', 30, 13),
	(961, '2023-11-20 17:34:23.793948', '1870', '/media/products/20231120/soda_black_currant_Kx5ptPR.jpg', 3, '', 30, 13),
	(962, '2023-11-20 17:34:23.797944', '1869', '/media/products/20231120/other_xmbXyTN.png', 3, '', 30, 13),
	(963, '2023-11-20 17:34:23.801927', '1868', '/media/products/20231120/other_yGoW7il.png', 3, '', 30, 13),
	(964, '2023-11-20 17:34:23.805393', '1867', '/media/products/20231120/other_j3G0WYM.png', 3, '', 30, 13),
	(965, '2023-11-20 17:34:23.805393', '1866', '/media/products/20231120/other_63ehZJC.png', 3, '', 30, 13),
	(966, '2023-11-20 17:34:23.805393', '1865', '/media/products/20231120/other_ftxYkcW.png', 3, '', 30, 13),
	(967, '2023-11-20 17:34:23.805393', '1864', '/media/products/20231120/other_Qz2o2SQ.png', 3, '', 30, 13),
	(968, '2023-11-20 17:34:23.820991', '1863', '/media/products/20231120/soda_plastic_bBpn26K.jpg', 3, '', 30, 13),
	(969, '2023-11-20 17:34:23.822378', '1862', '/media/products/20231120/soda_plastic_4_61uvcwV.jpg', 3, '', 30, 13),
	(970, '2023-11-20 17:34:23.822378', '1861', '/media/products/20231120/soda_plastic_3_xUf3Yk1.jpg', 3, '', 30, 13),
	(971, '2023-11-20 17:34:23.822378', '1860', '/media/products/20231120/soda_plastic_2_2ZHpWri.jpg', 3, '', 30, 13),
	(972, '2023-11-20 17:34:23.837576', '1859', '/media/products/20231120/soda_passion_HpQSRnm.jpg', 3, '', 30, 13),
	(973, '2023-11-20 17:34:23.838795', '1858', '/media/products/20231120/soda_krest_4DvHi8R.jpg', 3, '', 30, 13),
	(974, '2023-11-20 17:34:23.838795', '1857', '/media/products/20231120/soda_coke_VTDaFmc.jpg', 3, '', 30, 13),
	(975, '2023-11-20 17:34:23.838795', '1856', '/media/products/20231120/soda_black_currant_xLxvi6r.jpg', 3, '', 30, 13),
	(976, '2023-11-20 17:34:23.854223', '1855', '/media/products/20231120/Sweet_Potatoes.jpg', 3, '', 30, 13),
	(977, '2023-11-20 17:34:23.855388', '1854', '/media/products/20231120/Irish_Potatoes.jpg', 3, '', 30, 13),
	(978, '2023-11-20 17:34:23.855388', '1853', '/media/products/20231120/soda_plastic_vDzGFC7.jpg', 3, '', 30, 13),
	(979, '2023-11-20 17:34:23.855388', '1852', '/media/products/20231120/soda_plastic_4_QOynXlw.jpg', 3, '', 30, 13),
	(980, '2023-11-20 17:34:23.855388', '1851', '/media/products/20231120/soda_plastic_3_VLK16v4.jpg', 3, '', 30, 13),
	(981, '2023-11-20 17:34:23.872127', '1850', '/media/products/20231120/soda_plastic_2_CHNF4wL.jpg', 3, '', 30, 13),
	(982, '2023-11-20 17:34:23.872127', '1849', '/media/products/20231120/soda_passion_6QneWsb.jpg', 3, '', 30, 13),
	(983, '2023-11-20 17:34:23.872127', '1848', '/media/products/20231120/soda_krest_Kt8zOxL.jpg', 3, '', 30, 13),
	(984, '2023-11-20 17:34:23.872127', '1847', '/media/products/20231120/soda_coke_2vNsITW.jpg', 3, '', 30, 13),
	(985, '2023-11-20 17:34:23.888963', '1846', '/media/products/20231120/soda_black_currant_jETvmiq.jpg', 3, '', 30, 13),
	(986, '2023-11-20 17:34:23.888963', '1845', '/media/products/20231120/soda_plastic_UP9LGs7.jpg', 3, '', 30, 13),
	(987, '2023-11-20 17:34:23.905875', '1844', '/media/products/20231120/soda_plastic_4_ocWacDw.jpg', 3, '', 30, 13),
	(988, '2023-11-20 17:34:23.905875', '1843', '/media/products/20231120/soda_plastic_3_fGBYYOE.jpg', 3, '', 30, 13),
	(989, '2023-11-20 17:34:23.922541', '1842', '/media/products/20231120/soda_plastic_2_ESZO2Hm.jpg', 3, '', 30, 13),
	(990, '2023-11-20 17:34:23.927099', '1841', '/media/products/20231120/soda_passion_F2cU19F.jpg', 3, '', 30, 13),
	(991, '2023-11-20 17:34:23.933767', '1840', '/media/products/20231120/soda_krest_wiBXqXT.jpg', 3, '', 30, 13),
	(992, '2023-11-20 17:34:23.938587', '1839', '/media/products/20231120/soda_coke_cNduABf.jpg', 3, '', 30, 13),
	(993, '2023-11-20 17:34:23.943586', '1838', '/media/products/20231120/soda_black_currant_LZ59ntA.jpg', 3, '', 30, 13),
	(994, '2023-11-20 17:34:23.947922', '1837', '/media/products/20231120/Omena.jpg', 3, '', 30, 13),
	(995, '2023-11-20 17:34:23.952100', '1836', '/media/products/20231120/Omena_2.jpg', 3, '', 30, 13),
	(996, '2023-11-20 17:34:23.956922', '1835', '/media/products/20231120/soda_plastic_2NF3xb5.jpg', 3, '', 30, 13),
	(997, '2023-11-20 17:34:23.961091', '1834', '/media/products/20231120/soda_plastic_4_erefcyC.jpg', 3, '', 30, 13),
	(998, '2023-11-20 17:34:23.967576', '1833', '/media/products/20231120/soda_plastic_3_Fd1J8So.jpg', 3, '', 30, 13),
	(999, '2023-11-20 17:34:23.972408', '1832', '/media/products/20231120/soda_plastic_2_WiWQglc.jpg', 3, '', 30, 13),
	(1000, '2023-11-20 17:34:23.976570', '1831', '/media/products/20231120/soda_passion_dsTkF7s.jpg', 3, '', 30, 13),
	(1001, '2023-11-20 17:34:23.981114', '1830', '/media/products/20231120/soda_krest_yERJ5Cu.jpg', 3, '', 30, 13),
	(1002, '2023-11-20 17:34:23.985580', '1829', '/media/products/20231120/soda_coke_HYDgduD.jpg', 3, '', 30, 13),
	(1003, '2023-11-20 17:34:23.987656', '1828', '/media/products/20231120/soda_black_currant_WihD9uq.jpg', 3, '', 30, 13),
	(1004, '2023-11-20 17:34:23.987656', '1827', '/media/products/20231120/other_NP4CMMM.png', 3, '', 30, 13),
	(1005, '2023-11-20 17:34:24.004386', '1826', '/media/products/20231120/other_UE6wC2W.png', 3, '', 30, 13),
	(1006, '2023-11-20 17:34:24.005520', '1825', '/media/products/20231120/other_ym75ZUI.png', 3, '', 30, 13),
	(1007, '2023-11-20 17:34:24.005520', '1824', '/media/products/20231120/other_WceNVhW.png', 3, '', 30, 13),
	(1008, '2023-11-20 17:34:24.022750', '1823', '/media/products/20231120/other_DTbc9O2.png', 3, '', 30, 13),
	(1009, '2023-11-20 17:34:24.026436', '1822', '/media/products/20231120/other_K3sXjY4.png', 3, '', 30, 13),
	(1010, '2023-11-20 17:34:24.030432', '1821', '/media/products/20231120/other_z2xojqV.png', 3, '', 30, 13),
	(1011, '2023-11-20 17:34:24.034414', '1820', '/media/products/20231120/other_KSoBDx0.png', 3, '', 30, 13),
	(1012, '2023-11-20 17:34:24.038179', '1819', '/media/products/20231120/other_lPmrRpo.png', 3, '', 30, 13),
	(1013, '2023-11-20 17:34:24.041986', '1818', '/media/products/20231120/other_ZEDz1V2.png', 3, '', 30, 13),
	(1014, '2023-11-20 17:34:24.045965', '1817', '/media/products/20231120/other_iCyVQbu.png', 3, '', 30, 13),
	(1015, '2023-11-20 17:34:24.049955', '1816', '/media/products/20231120/other_a2khA3U.png', 3, '', 30, 13),
	(1016, '2023-11-20 17:34:24.054209', '1815', '/media/products/20231120/Nuvita_Biscuits_xM4YUxF.jpg', 3, '', 30, 13),
	(1017, '2023-11-20 17:34:24.055259', '1814', '/media/products/20231120/Manji_Ginger_Biscuits_ii2L1NH.jpg', 3, '', 30, 13),
	(1018, '2023-11-20 17:34:24.055259', '1813', '/media/products/20231120/Nuvita_Biscuits_EsJJmj8.jpg', 3, '', 30, 13),
	(1019, '2023-11-20 17:34:24.055259', '1812', '/media/products/20231120/Manji_Ginger_Biscuits_aqZcm1J.jpg', 3, '', 30, 13),
	(1020, '2023-11-20 17:34:24.070889', '1811', '/media/products/20231120/Nuvita_Biscuits_48K3byT.jpg', 3, '', 30, 13),
	(1021, '2023-11-20 17:34:24.073314', '1810', '/media/products/20231120/Manji_Ginger_Biscuits_vhbjSd5.jpg', 3, '', 30, 13),
	(1022, '2023-11-20 17:34:24.073314', '1809', '/media/products/20231120/other_D7Sf4Jl.png', 3, '', 30, 13),
	(1023, '2023-11-20 17:34:24.073314', '1808', '/media/products/20231120/other_ng7WKaK.png', 3, '', 30, 13),
	(1024, '2023-11-20 17:34:24.087756', '1807', '/media/products/20231120/Fresh_pk_bdzqoA8.jpg', 3, '', 30, 13),
	(1025, '2023-11-20 17:34:24.092212', '1806', '/media/products/20231120/fresh_p.k_hl85P9B.jpg', 3, '', 30, 13),
	(1026, '2023-11-20 17:34:24.096587', '1805', '/media/products/20231120/fresh_p.k_1_2KceqDV.jpg', 3, '', 30, 13),
	(1027, '2023-11-20 17:34:43.262504', '1804', '/media/products/20231120/Fresh_Milk_HjElKXW.jpg', 3, '', 30, 13),
	(1028, '2023-11-20 17:34:43.265549', '1803', '/media/products/20231120/Fresh_Milk_3_T2lcLfe.jpg', 3, '', 30, 13),
	(1029, '2023-11-20 17:34:43.270629', '1802', '/media/products/20231120/Fresh_Milk_2_V7WIXNf.jpg', 3, '', 30, 13),
	(1030, '2023-11-20 17:34:43.274631', '1801', '/media/products/20231120/fresh_fri_oil_3aQIrKL.jpg', 3, '', 30, 13),
	(1031, '2023-11-20 17:34:43.278629', '1800', '/media/products/20231120/Fresh_pk_M3iLaTL.jpg', 3, '', 30, 13),
	(1032, '2023-11-20 17:34:43.280665', '1799', '/media/products/20231120/fresh_p.k_NmD2iIF.jpg', 3, '', 30, 13),
	(1033, '2023-11-20 17:34:43.280665', '1798', '/media/products/20231120/fresh_p.k_1_Lg6HsTu.jpg', 3, '', 30, 13),
	(1034, '2023-11-20 17:34:43.290326', '1797', '/media/products/20231120/Fresh_Milk_i5S6agj.jpg', 3, '', 30, 13),
	(1035, '2023-11-20 17:34:43.297324', '1796', '/media/products/20231120/Fresh_Milk_3_cjpMM71.jpg', 3, '', 30, 13),
	(1036, '2023-11-20 17:34:43.298376', '1795', '/media/products/20231120/Fresh_Milk_2_JV4bN4W.jpg', 3, '', 30, 13),
	(1037, '2023-11-20 17:34:43.305024', '1794', '/media/products/20231120/fresh_fri_oil_xJzXC7N.jpg', 3, '', 30, 13),
	(1038, '2023-11-20 17:34:43.308023', '1793', '/media/products/20231120/Fresh_pk_nMK04Id.jpg', 3, '', 30, 13),
	(1039, '2023-11-20 17:34:43.311020', '1792', '/media/products/20231120/fresh_p.k_Q3HLXnF.jpg', 3, '', 30, 13),
	(1040, '2023-11-20 17:34:43.314020', '1791', '/media/products/20231120/fresh_p.k_1_ey78elN.jpg', 3, '', 30, 13),
	(1041, '2023-11-20 17:34:43.315071', '1790', '/media/products/20231120/Fresh_Milk_6llANpv.jpg', 3, '', 30, 13),
	(1042, '2023-11-20 17:34:43.321689', '1789', '/media/products/20231120/Fresh_Milk_3_S1jBfRO.jpg', 3, '', 30, 13),
	(1043, '2023-11-20 17:34:43.324687', '1788', '/media/products/20231120/Fresh_Milk_2_wQlQxUi.jpg', 3, '', 30, 13),
	(1044, '2023-11-20 17:34:43.328689', '1787', '/media/products/20231120/fresh_fri_oil_si1MMr2.jpg', 3, '', 30, 13),
	(1045, '2023-11-20 17:34:43.330757', '1786', '/media/products/20231120/Fresh_pk.jpg', 3, '', 30, 13),
	(1046, '2023-11-20 17:34:43.330757', '1785', '/media/products/20231120/fresh_p.k.jpg', 3, '', 30, 13),
	(1047, '2023-11-20 17:34:43.341236', '1784', '/media/products/20231120/fresh_p.k_1.jpg', 3, '', 30, 13),
	(1048, '2023-11-20 17:34:43.344235', '1783', '/media/products/20231120/Fresh_Milk.jpg', 3, '', 30, 13),
	(1049, '2023-11-20 17:34:43.347234', '1782', '/media/products/20231120/Fresh_Milk_3.jpg', 3, '', 30, 13),
	(1050, '2023-11-20 17:34:43.348294', '1781', '/media/products/20231120/Fresh_Milk_2.jpg', 3, '', 30, 13),
	(1051, '2023-11-20 17:34:43.354628', '1780', '/media/products/20231120/fresh_fri_oil.jpg', 3, '', 30, 13),
	(1052, '2023-11-20 17:34:43.355901', '1779', '/media/products/20231120/sweets_jurtuZZ.jpg', 3, '', 30, 13),
	(1053, '2023-11-20 17:34:43.355901', '1778', '/media/products/20231120/sweets_patco_SgZ8J5J.jpg', 3, '', 30, 13),
	(1054, '2023-11-20 17:34:43.355901', '1777', '/media/products/20231120/sweets_koo_yAaoW89.jpg', 3, '', 30, 13),
	(1055, '2023-11-20 17:34:43.355901', '1776', '/media/products/20231120/sweets_gJsmFq0.jpg', 3, '', 30, 13),
	(1056, '2023-11-20 17:34:43.370692', '1775', '/media/products/20231120/sweets_patco_pV6QzzW.jpg', 3, '', 30, 13),
	(1057, '2023-11-20 17:34:43.370692', '1774', '/media/products/20231120/sweets_koo_YNE8tdU.jpg', 3, '', 30, 13),
	(1058, '2023-11-20 17:34:43.370692', '1773', '/media/products/20231120/other_Ocjt3gl.png', 3, '', 30, 13),
	(1059, '2023-11-20 17:34:43.370692', '1772', '/media/products/20231120/other_4eUMmu4.png', 3, '', 30, 13),
	(1060, '2023-11-20 17:34:43.370692', '1771', '/media/products/20231120/other_DE3D7Cv.png', 3, '', 30, 13),
	(1061, '2023-11-20 17:34:43.389385', '1770', '/media/products/20231120/other_d65K6vO.png', 3, '', 30, 13),
	(1062, '2023-11-20 17:34:43.392384', '1769', '/media/products/20231120/other_Fa79Iuk.png', 3, '', 30, 13),
	(1063, '2023-11-20 17:34:43.395384', '1768', '/media/products/20231120/other_qAh2eFJ.png', 3, '', 30, 13),
	(1064, '2023-11-20 17:34:43.399387', '1767', '/media/products/20231120/other_i6Gcf8F.png', 3, '', 30, 13),
	(1065, '2023-11-20 17:34:43.403070', '1766', '/media/products/20231120/other_Ij3Yopv.png', 3, '', 30, 13),
	(1066, '2023-11-20 17:34:43.403921', '1765', '/media/products/20231120/other_xSaaGT8.png', 3, '', 30, 13),
	(1067, '2023-11-20 17:34:43.403921', '1764', '/media/products/20231120/other_WXMpL6d.png', 3, '', 30, 13),
	(1068, '2023-11-20 17:34:43.403921', '1763', '/media/products/20231120/other_cBqt7F4.png', 3, '', 30, 13),
	(1069, '2023-11-20 17:34:43.403921', '1762', '/media/products/20231120/other_CTBUkw8.png', 3, '', 30, 13),
	(1070, '2023-11-20 17:34:43.419513', '1761', '/media/products/20231120/other_cF3rL9b.png', 3, '', 30, 13),
	(1071, '2023-11-20 17:34:43.420658', '1760', '/media/products/20231120/ariel_g2X3yj8.jpg', 3, '', 30, 13),
	(1072, '2023-11-20 17:34:43.420658', '1759', '/media/products/20231120/ariel_J0GFLtN.jpg', 3, '', 30, 13),
	(1073, '2023-11-20 17:34:43.420658', '1758', '/media/products/20231120/ariel.jpg', 3, '', 30, 13),
	(1074, '2023-11-20 17:34:43.420658', '1757', '/media/products/20231120/omo_U9lwxnm.jpg', 3, '', 30, 13),
	(1075, '2023-11-20 17:34:43.436175', '1756', '/media/products/20231120/other_u4yrwlk.png', 3, '', 30, 13),
	(1076, '2023-11-20 17:34:43.437334', '1755', '/media/products/20231120/other_YBshaXJ.png', 3, '', 30, 13),
	(1077, '2023-11-20 17:34:43.437334', '1754', '/media/products/20231120/Bites_2.jpg', 3, '', 30, 13),
	(1078, '2023-11-20 17:34:43.437334', '1753', '/media/products/20231120/Bites_1.jpg', 3, '', 30, 13),
	(1079, '2023-11-20 17:34:43.437334', '1752', '/media/products/20231120/other_XTKf1oO.png', 3, '', 30, 13),
	(1080, '2023-11-20 17:34:43.453942', '1751', '/media/products/20231120/other_fFZCEOe.png', 3, '', 30, 13),
	(1081, '2023-11-20 17:34:43.453942', '1750', '/media/products/20231120/sweets.jpg', 3, '', 30, 13),
	(1082, '2023-11-20 17:34:43.453942', '1749', '/media/products/20231120/sweets_patco.jpg', 3, '', 30, 13),
	(1083, '2023-11-20 17:34:43.453942', '1748', '/media/products/20231120/sweets_koo.jpg', 3, '', 30, 13),
	(1084, '2023-11-20 17:34:43.472117', '1747', '/media/products/20231120/other_LOnzYpz.png', 3, '', 30, 13),
	(1085, '2023-11-20 17:34:43.475668', '1746', '/media/products/20231120/soda_plastic_wm3IaQg.jpg', 3, '', 30, 13),
	(1086, '2023-11-20 17:34:43.478676', '1745', '/media/products/20231120/soda_plastic_4_DOSZJbA.jpg', 3, '', 30, 13),
	(1087, '2023-11-20 17:34:43.481676', '1744', '/media/products/20231120/soda_plastic_3_UTCYJX1.jpg', 3, '', 30, 13),
	(1088, '2023-11-20 17:34:43.484771', '1743', '/media/products/20231120/soda_plastic_2_B2W2wwm.jpg', 3, '', 30, 13),
	(1089, '2023-11-20 17:34:43.495932', '1742', '/media/products/20231120/soda_passion_FnAJ0fj.jpg', 3, '', 30, 13),
	(1090, '2023-11-20 17:34:43.499644', '1741', '/media/products/20231120/soda_krest_yQBqGgA.jpg', 3, '', 30, 13),
	(1091, '2023-11-20 17:34:43.502641', '1740', '/media/products/20231120/soda_coke_nunhZy0.jpg', 3, '', 30, 13),
	(1092, '2023-11-20 17:34:43.506625', '1739', '/media/products/20231120/soda_black_currant_5YDHThV.jpg', 3, '', 30, 13),
	(1093, '2023-11-20 17:34:43.509717', '1738', '/media/products/20231120/other_d3XjLVT.png', 3, '', 30, 13),
	(1094, '2023-11-20 17:34:43.513629', '1737', '/media/products/20231120/other_9FXwB4j.png', 3, '', 30, 13),
	(1095, '2023-11-20 17:34:43.516628', '1736', '/media/products/20231120/other_B6W3FA0.png', 3, '', 30, 13),
	(1096, '2023-11-20 17:34:43.519626', '1735', '/media/products/20231120/other_bzzjlvp.png', 3, '', 30, 13),
	(1097, '2023-11-20 17:34:43.523874', '1734', '/media/products/20231120/other_hJLS8zu.png', 3, '', 30, 13),
	(1098, '2023-11-20 17:34:43.527017', '1733', '/media/products/20231120/other_AOBuCU7.png', 3, '', 30, 13),
	(1099, '2023-11-20 17:34:43.530235', '1732', '/media/products/20231120/other_e1uxJ6S.png', 3, '', 30, 13),
	(1100, '2023-11-20 17:34:43.533261', '1731', '/media/products/20231120/other_FQwnCxo.png', 3, '', 30, 13),
	(1101, '2023-11-20 17:34:43.538425', '1730', '/media/products/20231120/other_e3U6e9w.png', 3, '', 30, 13),
	(1102, '2023-11-20 17:34:43.542428', '1729', '/media/products/20231120/other_FzxYkz3.png', 3, '', 30, 13),
	(1103, '2023-11-20 17:34:43.546429', '1728', '/media/products/20231120/other_QFrKc8m.png', 3, '', 30, 13),
	(1104, '2023-11-20 17:34:43.550394', '1727', '/media/products/20231120/other_bURcAVI.png', 3, '', 30, 13),
	(1105, '2023-11-20 17:34:43.554411', '1726', '/media/products/20231120/eggs.jpg', 3, '', 30, 13),
	(1106, '2023-11-20 17:34:43.558335', '1725', '/media/products/20231120/other_b6xs9U3.png', 3, '', 30, 13),
	(1107, '2023-11-20 17:34:43.563253', '1724', '/media/products/20231120/other_z07RXmL.png', 3, '', 30, 13),
	(1108, '2023-11-20 17:34:43.567258', '1723', '/media/products/20231120/other_1LHjdEA.png', 3, '', 30, 13),
	(1109, '2023-11-20 17:34:43.571253', '1722', '/media/products/20231120/other_ixWqdW4.png', 3, '', 30, 13),
	(1110, '2023-11-20 17:34:43.575091', '1721', '/media/products/20231120/sawa_bath_soap_MevdRLe.jpg', 3, '', 30, 13),
	(1111, '2023-11-20 17:34:43.578960', '1720', '/media/products/20231120/sawa_bath_soap.jpg', 3, '', 30, 13),
	(1112, '2023-11-20 17:34:43.582979', '1719', '/media/products/20231120/other_NsGbbTV.png', 3, '', 30, 13),
	(1113, '2023-11-20 17:34:43.587929', '1718', '/media/products/20231120/other_bHRbWmf.png', 3, '', 30, 13),
	(1114, '2023-11-20 17:34:43.590977', '1717', '/media/products/20231120/soda_plastic_9671K0g.jpg', 3, '', 30, 13),
	(1115, '2023-11-20 17:34:43.595325', '1716', '/media/products/20231120/soda_plastic_4_kZLs6CO.jpg', 3, '', 30, 13),
	(1116, '2023-11-20 17:34:43.599405', '1715', '/media/products/20231120/soda_plastic_3_cMUpX4K.jpg', 3, '', 30, 13),
	(1117, '2023-11-20 17:34:43.604245', '1714', '/media/products/20231120/soda_plastic_2_z5GZUnv.jpg', 3, '', 30, 13),
	(1118, '2023-11-20 17:34:43.608253', '1713', '/media/products/20231120/soda_passion_FaGVUEC.jpg', 3, '', 30, 13),
	(1119, '2023-11-20 17:34:43.611840', '1712', '/media/products/20231120/soda_krest_30LJZeM.jpg', 3, '', 30, 13),
	(1120, '2023-11-20 17:34:43.614913', '1711', '/media/products/20231120/soda_coke_9T3k1LZ.jpg', 3, '', 30, 13),
	(1121, '2023-11-20 17:34:43.618251', '1710', '/media/products/20231120/soda_black_currant_iogB0gm.jpg', 3, '', 30, 13),
	(1122, '2023-11-20 17:34:43.628367', '1709', '/media/products/20231120/other_b8SJp00.png', 3, '', 30, 13),
	(1123, '2023-11-20 17:34:43.632279', '1708', '/media/products/20231120/other_jamaHHi.png', 3, '', 30, 13),
	(1124, '2023-11-20 17:34:43.636729', '1707', '/media/products/20231120/other_20hKGS0.png', 3, '', 30, 13),
	(1125, '2023-11-20 17:34:43.640724', '1706', '/media/products/20231120/other_8mjNdan.png', 3, '', 30, 13),
	(1126, '2023-11-20 17:34:43.644727', '1705', '/media/products/20231120/other_xe34kv5.png', 3, '', 30, 13),
	(1127, '2023-11-20 17:34:50.322058', '1704', '/media/products/20231120/other_SxnncyJ.png', 3, '', 30, 13),
	(1128, '2023-11-20 17:34:50.322058', '1703', '/media/products/20231120/other_XXXdMNv.png', 3, '', 30, 13),
	(1129, '2023-11-20 17:34:50.329568', '1702', '/media/products/20231120/other_cSpBpUH.png', 3, '', 30, 13),
	(1130, '2023-11-20 17:34:50.335741', '1701', '/media/products/20231120/other_xppYlDW.png', 3, '', 30, 13),
	(1131, '2023-11-20 17:34:50.339738', '1700', '/media/products/20231120/soda_plastic_XgKK2q9.jpg', 3, '', 30, 13),
	(1132, '2023-11-20 17:34:50.342779', '1699', '/media/products/20231120/soda_plastic_4_QOBnsQB.jpg', 3, '', 30, 13),
	(1133, '2023-11-20 17:34:50.342779', '1698', '/media/products/20231120/soda_plastic_3_NQNL7XD.jpg', 3, '', 30, 13),
	(1134, '2023-11-20 17:34:50.342779', '1697', '/media/products/20231120/soda_plastic_2_FbxbUqR.jpg', 3, '', 30, 13),
	(1135, '2023-11-20 17:34:50.353636', '1696', '/media/products/20231120/soda_passion_XaRM1QH.jpg', 3, '', 30, 13),
	(1136, '2023-11-20 17:34:50.353636', '1695', '/media/products/20231120/soda_krest_Y4pNbuE.jpg', 3, '', 30, 13),
	(1137, '2023-11-20 17:34:50.353636', '1694', '/media/products/20231120/soda_coke_DKDDyMC.jpg', 3, '', 30, 13),
	(1138, '2023-11-20 17:34:50.353636', '1693', '/media/products/20231120/soda_black_currant_VCX74ic.jpg', 3, '', 30, 13),
	(1139, '2023-11-20 17:34:50.369023', '1692', '/media/products/20231120/other_lk4inX4.png', 3, '', 30, 13),
	(1140, '2023-11-20 17:34:50.370825', '1691', '/media/products/20231120/other_NucXHTo.png', 3, '', 30, 13),
	(1141, '2023-11-20 17:34:50.370825', '1690', '/media/products/20231120/other_JdThnnq.png', 3, '', 30, 13),
	(1142, '2023-11-20 17:34:50.370825', '1689', '/media/products/20231120/other_DThywqF.png', 3, '', 30, 13),
	(1143, '2023-11-20 17:34:50.370825', '1688', '/media/products/20231120/other_2Hnc0OM.png', 3, '', 30, 13),
	(1144, '2023-11-20 17:34:50.387068', '1687', '/media/products/20231120/other_Gvpj8Pg.png', 3, '', 30, 13),
	(1145, '2023-11-20 17:34:50.387068', '1686', '/media/products/20231120/other_rOKYTd1.png', 3, '', 30, 13),
	(1146, '2023-11-20 17:34:50.387068', '1685', '/media/products/20231120/other_tkbBSiz.png', 3, '', 30, 13),
	(1147, '2023-11-20 17:34:50.387068', '1684', '/media/products/20231120/other_ipmVizW.png', 3, '', 30, 13),
	(1148, '2023-11-20 17:34:50.404366', '1683', '/media/products/20231120/msafi_bar_soap_nGHxUmF.jpg', 3, '', 30, 13),
	(1149, '2023-11-20 17:34:50.404366', '1682', '/media/products/20231120/other_ToyCIxC.png', 3, '', 30, 13),
	(1150, '2023-11-20 17:34:50.404366', '1681', '/media/products/20231120/other_7jLfTuv.png', 3, '', 30, 13),
	(1151, '2023-11-20 17:34:50.404366', '1680', '/media/products/20231120/toothbrush.jpg', 3, '', 30, 13),
	(1152, '2023-11-20 17:34:50.420012', '1679', '/media/products/20231120/msafi_bar_soap_KI5ud7W.jpg', 3, '', 30, 13),
	(1153, '2023-11-20 17:34:50.420392', '1678', '/media/products/20231120/other_mQbXOoZ.png', 3, '', 30, 13),
	(1154, '2023-11-20 17:34:50.420392', '1677', '/media/products/20231120/other_6vgZLFV.png', 3, '', 30, 13),
	(1155, '2023-11-20 17:34:50.420392', '1676', '/media/products/20231120/other_1eJWkj7.png', 3, '', 30, 13),
	(1156, '2023-11-20 17:34:50.420392', '1675', '/media/products/20231120/Nuvita_Biscuits_sl7gych.jpg', 3, '', 30, 13),
	(1157, '2023-11-20 17:34:50.437178', '1674', '/media/products/20231120/Manji_Ginger_Biscuits_PQ0VsLV.jpg', 3, '', 30, 13),
	(1158, '2023-11-20 17:34:50.440174', '1673', '/media/products/20231120/Nuvita_Biscuits.jpg', 3, '', 30, 13),
	(1159, '2023-11-20 17:34:50.443173', '1672', '/media/products/20231120/Manji_Ginger_Biscuits.jpg', 3, '', 30, 13),
	(1160, '2023-11-20 17:34:50.446173', '1671', '/media/products/20231120/other_FFBaNQx.png', 3, '', 30, 13),
	(1161, '2023-11-20 17:34:50.449173', '1670', '/media/products/20231120/soda_plastic_nhU3rqc.jpg', 3, '', 30, 13),
	(1162, '2023-11-20 17:34:50.452675', '1669', '/media/products/20231120/soda_plastic_4_h3fOU3F.jpg', 3, '', 30, 13),
	(1163, '2023-11-20 17:34:50.456676', '1668', '/media/products/20231120/soda_plastic_3_0WEWgsy.jpg', 3, '', 30, 13),
	(1164, '2023-11-20 17:34:50.459673', '1667', '/media/products/20231120/soda_plastic_2_L8IqEG1.jpg', 3, '', 30, 13),
	(1165, '2023-11-20 17:34:50.463675', '1666', '/media/products/20231120/soda_passion_YEE2roX.jpg', 3, '', 30, 13),
	(1166, '2023-11-20 17:34:50.466673', '1665', '/media/products/20231120/soda_krest_38GVqKD.jpg', 3, '', 30, 13),
	(1167, '2023-11-20 17:34:50.470167', '1664', '/media/products/20231120/soda_coke_3z8IjAG.jpg', 3, '', 30, 13),
	(1168, '2023-11-20 17:34:50.473162', '1663', '/media/products/20231120/soda_black_currant_olM9Wwe.jpg', 3, '', 30, 13),
	(1169, '2023-11-20 17:34:50.477163', '1662', '/media/products/20231120/other_biPdxQR.png', 3, '', 30, 13),
	(1170, '2023-11-20 17:34:50.480166', '1661', '/media/products/20231120/other_QAP9W0B.png', 3, '', 30, 13),
	(1171, '2023-11-20 17:34:50.483164', '1660', '/media/products/20231120/other_uyGRp2r.png', 3, '', 30, 13),
	(1172, '2023-11-20 17:34:50.486811', '1659', '/media/products/20231120/other_jLcCip5.png', 3, '', 30, 13),
	(1173, '2023-11-20 17:34:50.486811', '1658', '/media/products/20231120/other_fwCdggW.png', 3, '', 30, 13),
	(1174, '2023-11-20 17:34:50.486811', '1657', '/media/products/20231120/Eden_tea_MqL7yrg.jpg', 3, '', 30, 13),
	(1175, '2023-11-20 17:34:50.486811', '1656', '/media/products/20231120/Eden_tea.jpg', 3, '', 30, 13),
	(1176, '2023-11-20 17:34:50.486811', '1655', '/media/products/20231120/other_GCwf4Rh.png', 3, '', 30, 13),
	(1177, '2023-11-20 17:34:50.503443', '1654', '/media/products/20231120/soda_plastic_aTqoAoX.jpg', 3, '', 30, 13),
	(1178, '2023-11-20 17:34:50.503443', '1653', '/media/products/20231120/soda_plastic_4_dylJo3C.jpg', 3, '', 30, 13),
	(1179, '2023-11-20 17:34:50.503443', '1652', '/media/products/20231120/soda_plastic_3_0s8pQSE.jpg', 3, '', 30, 13),
	(1180, '2023-11-20 17:34:50.503443', '1651', '/media/products/20231120/soda_plastic_2_FeUOzps.jpg', 3, '', 30, 13),
	(1181, '2023-11-20 17:34:50.503443', '1650', '/media/products/20231120/soda_passion_k6HFOxf.jpg', 3, '', 30, 13),
	(1182, '2023-11-20 17:34:50.520207', '1649', '/media/products/20231120/soda_krest_w8fHf3A.jpg', 3, '', 30, 13),
	(1183, '2023-11-20 17:34:50.520207', '1648', '/media/products/20231120/soda_coke_2gWP9XV.jpg', 3, '', 30, 13),
	(1184, '2023-11-20 17:34:50.520207', '1647', '/media/products/20231120/soda_black_currant_KjsKBc1.jpg', 3, '', 30, 13),
	(1185, '2023-11-20 17:34:50.520207', '1646', '/media/products/20231120/other_6Q0d6Vg.png', 3, '', 30, 13),
	(1186, '2023-11-20 17:34:50.520207', '1645', '/media/products/20231120/soda_plastic_H6UaXbd.jpg', 3, '', 30, 13),
	(1187, '2023-11-20 17:34:50.536854', '1644', '/media/products/20231120/soda_plastic_4_mdCY4MY.jpg', 3, '', 30, 13),
	(1188, '2023-11-20 17:34:50.536854', '1643', '/media/products/20231120/soda_plastic_3_Gp6vI9h.jpg', 3, '', 30, 13),
	(1189, '2023-11-20 17:34:50.546211', '1642', '/media/products/20231120/soda_plastic_2_WODjUBo.jpg', 3, '', 30, 13),
	(1190, '2023-11-20 17:34:50.549209', '1641', '/media/products/20231120/soda_passion_3QtaUBI.jpg', 3, '', 30, 13),
	(1191, '2023-11-20 17:34:50.552571', '1640', '/media/products/20231120/soda_krest_HMVH1rb.jpg', 3, '', 30, 13),
	(1192, '2023-11-20 17:34:50.557573', '1639', '/media/products/20231120/soda_coke_uO6Hw6M.jpg', 3, '', 30, 13),
	(1193, '2023-11-20 17:34:50.560568', '1638', '/media/products/20231120/soda_black_currant_7sgVx25.jpg', 3, '', 30, 13),
	(1194, '2023-11-20 17:34:50.564573', '1637', '/media/products/20231120/other_OhoHLfd.png', 3, '', 30, 13),
	(1195, '2023-11-20 17:34:50.567673', '1636', '/media/products/20231120/other_tTvJNRX.png', 3, '', 30, 13),
	(1196, '2023-11-20 17:34:50.572281', '1635', '/media/products/20231120/other_PUxplW5.png', 3, '', 30, 13),
	(1197, '2023-11-20 17:34:50.576201', '1634', '/media/products/20231120/other_CU9LyXI.png', 3, '', 30, 13),
	(1198, '2023-11-20 17:34:50.579280', '1633', '/media/products/20231120/other_ZJttQ5X.png', 3, '', 30, 13),
	(1199, '2023-11-20 17:34:50.582890', '1632', '/media/products/20231120/other_iAR2K5t.png', 3, '', 30, 13),
	(1200, '2023-11-20 17:34:50.585889', '1631', '/media/products/20231120/other_Z2VmfFM.png', 3, '', 30, 13),
	(1201, '2023-11-20 17:34:50.589983', '1630', '/media/products/20231120/other_udbVTsl.png', 3, '', 30, 13),
	(1202, '2023-11-20 17:34:50.593888', '1629', '/media/products/20231120/other_Ko0cAyH.png', 3, '', 30, 13),
	(1203, '2023-11-20 17:34:50.596979', '1628', '/media/products/20231120/tomatoes.jpg', 3, '', 30, 13),
	(1204, '2023-11-20 17:34:50.600892', '1627', '/media/products/20231120/tomato_paste.jpg', 3, '', 30, 13),
	(1205, '2023-11-20 17:34:50.604157', '1626', '/media/products/20231120/other_3EEznR5.png', 3, '', 30, 13),
	(1206, '2023-11-20 17:34:50.607157', '1625', '/media/products/20231120/other_5lYLNDv.png', 3, '', 30, 13),
	(1207, '2023-11-20 17:34:50.611156', '1624', '/media/products/20231120/other_4YJOmdt.png', 3, '', 30, 13),
	(1208, '2023-11-20 17:34:50.614156', '1623', '/media/products/20231120/crisps_assorted.jpg', 3, '', 30, 13),
	(1209, '2023-11-20 17:34:50.617157', '1622', '/media/products/20231120/other_ulkzpGj.png', 3, '', 30, 13),
	(1210, '2023-11-20 17:34:50.620939', '1621', '/media/products/20231120/other_gtJstFg.png', 3, '', 30, 13),
	(1211, '2023-11-20 17:34:50.624067', '1620', '/media/products/20231120/Baking_Powder.jpg', 3, '', 30, 13),
	(1212, '2023-11-20 17:34:50.626977', '1619', '/media/products/20231120/Baking_Powder_2.jpg', 3, '', 30, 13),
	(1213, '2023-11-20 17:34:50.630069', '1618', '/media/products/20231120/other_mcEbKfZ.png', 3, '', 30, 13),
	(1214, '2023-11-20 17:34:50.633886', '1617', '/media/products/20231120/other_Y2Cccf3.png', 3, '', 30, 13),
	(1215, '2023-11-20 17:34:50.637579', '1616', '/media/products/20231120/soda_plastic_LGS0Jnl.jpg', 3, '', 30, 13),
	(1216, '2023-11-20 17:34:50.641582', '1615', '/media/products/20231120/soda_plastic_4_IK0WDtR.jpg', 3, '', 30, 13),
	(1217, '2023-11-20 17:34:50.645184', '1614', '/media/products/20231120/soda_plastic_3_Oigjdie.jpg', 3, '', 30, 13),
	(1218, '2023-11-20 17:34:50.648598', '1613', '/media/products/20231120/soda_plastic_2_lC3EGVr.jpg', 3, '', 30, 13),
	(1219, '2023-11-20 17:34:50.652698', '1612', '/media/products/20231120/soda_passion_vPiKqGC.jpg', 3, '', 30, 13),
	(1220, '2023-11-20 17:34:50.656726', '1611', '/media/products/20231120/soda_krest_sEQSUIy.jpg', 3, '', 30, 13),
	(1221, '2023-11-20 17:34:50.660787', '1610', '/media/products/20231120/soda_coke_lNLrFWw.jpg', 3, '', 30, 13),
	(1222, '2023-11-20 17:34:50.664788', '1609', '/media/products/20231120/soda_black_currant_ovGyrBo.jpg', 3, '', 30, 13),
	(1223, '2023-11-20 17:34:50.669454', '1608', '/media/products/20231120/other_Z1E08fG.png', 3, '', 30, 13),
	(1224, '2023-11-20 17:34:50.673645', '1607', '/media/products/20231120/soda_plastic_k7S1AE8.jpg', 3, '', 30, 13),
	(1225, '2023-11-20 17:34:50.677225', '1606', '/media/products/20231120/soda_plastic_4_hHZOXeo.jpg', 3, '', 30, 13),
	(1226, '2023-11-20 17:34:50.681137', '1605', '/media/products/20231120/soda_plastic_3_8uTfpPy.jpg', 3, '', 30, 13),
	(1227, '2023-11-20 17:34:58.704955', '1604', '/media/products/20231120/soda_plastic_2_eUJvSVx.jpg', 3, '', 30, 13),
	(1228, '2023-11-20 17:34:58.704955', '1603', '/media/products/20231120/soda_passion_2GVmwu5.jpg', 3, '', 30, 13),
	(1229, '2023-11-20 17:34:58.704955', '1602', '/media/products/20231120/soda_krest_KyGLtNG.jpg', 3, '', 30, 13),
	(1230, '2023-11-20 17:34:58.722182', '1601', '/media/products/20231120/soda_coke_doR2siZ.jpg', 3, '', 30, 13),
	(1231, '2023-11-20 17:34:58.725170', '1600', '/media/products/20231120/soda_black_currant_qn0H3Mx.jpg', 3, '', 30, 13),
	(1232, '2023-11-20 17:34:58.729173', '1599', '/media/products/20231120/soda_plastic_3AUcBi8.jpg', 3, '', 30, 13),
	(1233, '2023-11-20 17:34:58.730208', '1598', '/media/products/20231120/soda_plastic_4_66Ko6QW.jpg', 3, '', 30, 13),
	(1234, '2023-11-20 17:34:58.735188', '1597', '/media/products/20231120/soda_plastic_3_GOyc9ei.jpg', 3, '', 30, 13),
	(1235, '2023-11-20 17:34:58.739188', '1596', '/media/products/20231120/soda_plastic_2_xs9mNgC.jpg', 3, '', 30, 13),
	(1236, '2023-11-20 17:34:58.742187', '1595', '/media/products/20231120/soda_passion_qJP2MH0.jpg', 3, '', 30, 13),
	(1237, '2023-11-20 17:34:58.745186', '1594', '/media/products/20231120/soda_krest_YL6Wuae.jpg', 3, '', 30, 13),
	(1238, '2023-11-20 17:34:58.751186', '1593', '/media/products/20231120/soda_coke_iELxVYJ.jpg', 3, '', 30, 13),
	(1239, '2023-11-20 17:34:58.755052', '1592', '/media/products/20231120/soda_black_currant_p9oULMK.jpg', 3, '', 30, 13),
	(1240, '2023-11-20 17:34:58.759053', '1591', '/media/products/20231120/other_l1hEwsa.png', 3, '', 30, 13),
	(1241, '2023-11-20 17:34:58.762050', '1590', '/media/products/20231120/other_1SVZ72j.png', 3, '', 30, 13),
	(1242, '2023-11-20 17:34:58.766054', '1589', '/media/products/20231120/other_S2tCafr.png', 3, '', 30, 13),
	(1243, '2023-11-20 17:34:58.768482', '1588', '/media/products/20231120/other_h2tb6Ci.png', 3, '', 30, 13),
	(1244, '2023-11-20 17:34:58.768482', '1587', '/media/products/20231120/other_Wn81y8h.png', 3, '', 30, 13),
	(1245, '2023-11-20 17:34:58.768482', '1586', '/media/products/20231120/other_PPeB7ow.png', 3, '', 30, 13),
	(1246, '2023-11-20 17:34:58.768482', '1585', '/media/products/20231120/Colgate_x0Pb3r6.jpg', 3, '', 30, 13),
	(1247, '2023-11-20 17:34:58.768482', '1584', '/media/products/20231120/Colgate_1_mhXQ4KE.jpg', 3, '', 30, 13),
	(1248, '2023-11-20 17:34:58.784110', '1583', '/media/products/20231120/Colgate.jpg', 3, '', 30, 13),
	(1249, '2023-11-20 17:34:58.784110', '1582', '/media/products/20231120/Colgate_1.jpg', 3, '', 30, 13),
	(1250, '2023-11-20 17:34:58.784110', '1581', '/media/products/20231120/other_xXBcs6G.png', 3, '', 30, 13),
	(1251, '2023-11-20 17:34:58.784110', '1580', '/media/products/20231120/other_ndTII4U.png', 3, '', 30, 13),
	(1252, '2023-11-20 17:34:58.799735', '1579', '/media/products/20231120/other_6za7Att.png', 3, '', 30, 13),
	(1253, '2023-11-20 17:34:58.799735', '1578', '/media/products/20231120/other_YqYtOSX.png', 3, '', 30, 13),
	(1254, '2023-11-20 17:34:58.799735', '1577', '/media/products/20231120/other_CJpAUPx.png', 3, '', 30, 13),
	(1255, '2023-11-20 17:34:58.799735', '1576', '/media/products/20231120/other_ptnOZlY.png', 3, '', 30, 13),
	(1256, '2023-11-20 17:34:58.799735', '1575', '/media/products/20231120/bella_baby_wipes.jpg', 3, '', 30, 13),
	(1257, '2023-11-20 17:34:58.815357', '1574', '/media/products/20231120/biryani_rice_rrAYeri.jpg', 3, '', 30, 13),
	(1258, '2023-11-20 17:34:58.819459', '1573', '/media/products/20231120/biryani_rice_2_ry8F74c.jpg', 3, '', 30, 13),
	(1259, '2023-11-20 17:34:58.819459', '1572', '/media/products/20231120/biryani_rice_E3q62pm.jpg', 3, '', 30, 13),
	(1260, '2023-11-20 17:34:58.819459', '1571', '/media/products/20231120/biryani_rice_2_t5odp53.jpg', 3, '', 30, 13),
	(1261, '2023-11-20 17:34:58.836606', '1570', '/media/products/20231120/biryani_rice.jpg', 3, '', 30, 13),
	(1262, '2023-11-20 17:34:58.840604', '1569', '/media/products/20231120/biryani_rice_2.jpg', 3, '', 30, 13),
	(1263, '2023-11-20 17:34:58.843602', '1568', '/media/products/20231120/other_QEdNzO8.png', 3, '', 30, 13),
	(1264, '2023-11-20 17:34:58.847603', '1567', '/media/products/20231120/Always.jpg', 3, '', 30, 13),
	(1265, '2023-11-20 17:34:58.850603', '1566', '/media/products/20231120/Always_2.jpg', 3, '', 30, 13),
	(1266, '2023-11-20 17:34:58.852928', '1565', '/media/products/20231120/other_CKb3YKr.png', 3, '', 30, 13),
	(1267, '2023-11-20 17:34:58.852928', '1564', '/media/products/20231120/other_eT0uOLz.png', 3, '', 30, 13),
	(1268, '2023-11-20 17:34:58.852928', '1563', '/media/products/20231120/Festive_bread.jpg', 3, '', 30, 13),
	(1269, '2023-11-20 17:34:58.852928', '1562', '/media/products/20231120/Bread.jpg', 3, '', 30, 13),
	(1270, '2023-11-20 17:34:58.852928', '1561', '/media/products/20231120/soda_plastic_jygff4n.jpg', 3, '', 30, 13),
	(1271, '2023-11-20 17:34:58.871037', '1560', '/media/products/20231120/soda_plastic_4_BiVIWZQ.jpg', 3, '', 30, 13),
	(1272, '2023-11-20 17:34:58.875036', '1559', '/media/products/20231120/soda_plastic_3_Cqai9lw.jpg', 3, '', 30, 13),
	(1273, '2023-11-20 17:34:58.879035', '1558', '/media/products/20231120/soda_plastic_2_dRJbfgI.jpg', 3, '', 30, 13),
	(1274, '2023-11-20 17:34:58.882033', '1557', '/media/products/20231120/soda_passion_FZWByLD.jpg', 3, '', 30, 13),
	(1275, '2023-11-20 17:34:58.885081', '1556', '/media/products/20231120/soda_krest_aLZf1x4.jpg', 3, '', 30, 13),
	(1276, '2023-11-20 17:34:58.886230', '1555', '/media/products/20231120/soda_coke_99KUPEh.jpg', 3, '', 30, 13),
	(1277, '2023-11-20 17:34:58.886230', '1554', '/media/products/20231120/soda_black_currant_s9JJCv4.jpg', 3, '', 30, 13),
	(1278, '2023-11-20 17:34:58.886230', '1553', '/media/products/20231120/other_DyQRJ4B.png', 3, '', 30, 13),
	(1279, '2023-11-20 17:34:58.886230', '1552', '/media/products/20231120/other_LuNKtg3.png', 3, '', 30, 13),
	(1280, '2023-11-20 17:34:58.902771', '1551', '/media/products/20231120/other_zEYnZFi.png', 3, '', 30, 13),
	(1281, '2023-11-20 17:34:58.902771', '1550', '/media/products/20231120/other_zOlQHIc.png', 3, '', 30, 13),
	(1282, '2023-11-20 17:34:58.902771', '1549', '/media/products/20231120/other_JfyhJqF.png', 3, '', 30, 13),
	(1283, '2023-11-20 17:34:58.902771', '1548', '/media/products/20231120/other_xzdB6M2.png', 3, '', 30, 13),
	(1284, '2023-11-20 17:34:58.902771', '1547', '/media/products/20231120/other_lCmTpZJ.png', 3, '', 30, 13),
	(1285, '2023-11-20 17:34:58.920282', '1546', '/media/products/20231120/other_19PA3Yz.png', 3, '', 30, 13),
	(1286, '2023-11-20 17:34:58.920282', '1545', '/media/products/20231120/other_ZSnq7go.png', 3, '', 30, 13),
	(1287, '2023-11-20 17:34:58.920282', '1544', '/media/products/20231120/msafi_bar_soap.jpg', 3, '', 30, 13),
	(1288, '2023-11-20 17:34:58.920282', '1543', '/media/products/20231120/yoghurt.jpg', 3, '', 30, 13),
	(1289, '2023-11-20 17:34:58.920282', '1542', '/media/products/20231120/other_6VTEr9n.png', 3, '', 30, 13),
	(1290, '2023-11-20 17:34:58.939012', '1541', '/media/products/20231120/other_2KNmCVv.png', 3, '', 30, 13),
	(1291, '2023-11-20 17:34:58.942014', '1540', '/media/products/20231120/other_DLrHCvF.png', 3, '', 30, 13),
	(1292, '2023-11-20 17:34:58.945011', '1539', '/media/products/20231120/other_G04NzvH.png', 3, '', 30, 13),
	(1293, '2023-11-20 17:34:58.948014', '1538', '/media/products/20231120/other_5gnNMY2.png', 3, '', 30, 13),
	(1294, '2023-11-20 17:34:58.951806', '1537', '/media/products/20231120/other_9ZdT7Vs.png', 3, '', 30, 13),
	(1295, '2023-11-20 17:34:58.953023', '1536', '/media/products/20231120/soda_plastic.jpg', 3, '', 30, 13),
	(1296, '2023-11-20 17:34:58.953023', '1535', '/media/products/20231120/soda_plastic_4.jpg', 3, '', 30, 13),
	(1297, '2023-11-20 17:34:58.953023', '1534', '/media/products/20231120/soda_plastic_3.jpg', 3, '', 30, 13),
	(1298, '2023-11-20 17:34:58.953023', '1533', '/media/products/20231120/soda_plastic_2.jpg', 3, '', 30, 13),
	(1299, '2023-11-20 17:34:58.968397', '1532', '/media/products/20231120/soda_passion.jpg', 3, '', 30, 13),
	(1300, '2023-11-20 17:34:58.971399', '1531', '/media/products/20231120/soda_krest.jpg', 3, '', 30, 13),
	(1301, '2023-11-20 17:34:58.975814', '1530', '/media/products/20231120/soda_coke.jpg', 3, '', 30, 13),
	(1302, '2023-11-20 17:34:58.978812', '1529', '/media/products/20231120/soda_black_currant.jpg', 3, '', 30, 13),
	(1303, '2023-11-20 17:34:58.981811', '1528', '/media/products/20231120/other_NvbC9jK.png', 3, '', 30, 13),
	(1304, '2023-11-20 17:34:58.985853', '1527', '/media/products/20231120/other_gbJ9M4J.png', 3, '', 30, 13),
	(1305, '2023-11-20 17:34:58.988851', '1526', '/media/products/20231120/other_SkdCyZd.png', 3, '', 30, 13),
	(1306, '2023-11-20 17:34:58.991850', '1525', '/media/products/20231120/other_rFHzYQj.png', 3, '', 30, 13),
	(1307, '2023-11-20 17:34:58.994850', '1524', '/media/products/20231120/other_Op0ibSY.png', 3, '', 30, 13),
	(1308, '2023-11-20 17:34:58.998853', '1523', '/media/products/20231120/other_ohKiDCv.png', 3, '', 30, 13),
	(1309, '2023-11-20 17:34:59.002472', '1522', '/media/products/20231120/other_gcsGeNC.png', 3, '', 30, 13),
	(1310, '2023-11-20 17:34:59.005473', '1521', '/media/products/20231120/Kamande.jpg', 3, '', 30, 13),
	(1311, '2023-11-20 17:34:59.009475', '1520', '/media/products/20231120/Kamande_2.jpg', 3, '', 30, 13),
	(1312, '2023-11-20 17:34:59.013005', '1519', '/media/products/20231120/other_zGTntmc.png', 3, '', 30, 13),
	(1313, '2023-11-20 17:34:59.016002', '1518', '/media/products/20231120/Honey_2_QdMJoRO.jpeg', 3, '', 30, 13),
	(1314, '2023-11-20 17:34:59.019664', '1517', '/media/products/20231120/Honey_1_CwSBa7c.jpeg', 3, '', 30, 13),
	(1315, '2023-11-20 17:34:59.023696', '1516', '/media/products/20231120/other_tFAqFOx.png', 3, '', 30, 13),
	(1316, '2023-11-20 17:34:59.026676', '1515', '/media/products/20231120/other_kxPyVUP.png', 3, '', 30, 13),
	(1317, '2023-11-20 17:34:59.029677', '1514', '/media/products/20231120/other_yhy0z0Y.png', 3, '', 30, 13),
	(1318, '2023-11-20 17:34:59.032739', '1513', '/media/products/20231120/other_G52fNB8.png', 3, '', 30, 13),
	(1319, '2023-11-20 17:34:59.036660', '1512', '/media/products/20231120/Honey_2_k4csBmh.jpeg', 3, '', 30, 13),
	(1320, '2023-11-20 17:34:59.040659', '1511', '/media/products/20231120/Honey_1_3hO4JEQ.jpeg', 3, '', 30, 13),
	(1321, '2023-11-20 17:34:59.043655', '1510', '/media/products/20231120/omo_6KPnMbr.jpg', 3, '', 30, 13),
	(1322, '2023-11-20 17:34:59.046744', '1509', '/media/products/20231120/omo.jpg', 3, '', 30, 13),
	(1323, '2023-11-20 17:34:59.050726', '1508', '/media/products/20231120/other_K3HTg6Q.png', 3, '', 30, 13),
	(1324, '2023-11-20 17:34:59.054729', '1507', '/media/products/20231120/other_IpdQW6Q.png', 3, '', 30, 13),
	(1325, '2023-11-20 17:34:59.057655', '1506', '/media/products/20231120/other_1FIIXot.png', 3, '', 30, 13),
	(1326, '2023-11-20 17:34:59.061659', '1505', '/media/products/20231120/other.png', 3, '', 30, 13),
	(1327, '2023-11-20 17:35:05.069133', '1504', '/media/products/20231120/Honey_2.jpeg', 3, '', 30, 13),
	(1328, '2023-11-20 17:35:05.069133', '1503', '/media/products/20231120/Honey_1.jpeg', 3, '', 30, 13),
	(1329, '2023-11-20 17:35:05.087272', '1502', '/media/products/20231120/Honey_2.jpeg', 3, '', 30, 13),
	(1330, '2023-11-20 17:35:05.087272', '1501', '/media/products/20231120/Honey_1.jpeg', 3, '', 30, 13),
	(1331, '2023-11-20 17:35:05.102460', '1500', '/media/products/20231120/other.png', 3, '', 30, 13),
	(1332, '2023-11-20 17:35:05.102460', '1499', '/media/products/20231120/Honey_2.jpeg', 3, '', 30, 13),
	(1333, '2023-11-20 17:35:05.102460', '1498', '/media/products/20231120/Honey_1.jpeg', 3, '', 30, 13),
	(1334, '2023-11-20 17:35:05.102460', '1497', '/media/products/20231120/other_x4zJHCL.png', 3, '', 30, 13),
	(1335, '2023-11-20 17:35:05.102460', '1496', '/media/products/20231120/other_hudV9ww.png', 3, '', 30, 13),
	(1336, '2023-11-20 17:35:05.119179', '1495', '/media/products/20231120/other_tUNC1VL.png', 3, '', 30, 13),
	(1337, '2023-11-20 17:35:05.119179', '1494', '/media/products/20231120/other_LUHlGxe.png', 3, '', 30, 13),
	(1338, '2023-11-20 17:35:05.119179', '1493', '/media/products/20231120/other_g1SCsRE.png', 3, '', 30, 13),
	(1339, '2023-11-20 17:35:05.119179', '1492', '/media/products/20231120/other_wRcs5Lz.png', 3, '', 30, 13),
	(1340, '2023-11-20 17:35:05.136931', '1491', '/media/products/20231120/other_uzDfljY.png', 3, '', 30, 13),
	(1341, '2023-11-20 17:35:05.140918', '1490', '/media/products/20231120/other_nqxbkaQ.png', 3, '', 30, 13),
	(1342, '2023-11-20 17:35:05.143915', '1489', '/media/products/20231120/other_3jr3nnd.png', 3, '', 30, 13),
	(1343, '2023-11-20 17:35:05.147917', '1488', '/media/products/20231120/other_kEu0vSV.png', 3, '', 30, 13),
	(1344, '2023-11-20 17:35:05.151670', '1487', '/media/products/20231120/other_u6qIebf.png', 3, '', 30, 13),
	(1345, '2023-11-20 17:35:05.154671', '1486', '/media/products/20231120/other_NMln9aq.png', 3, '', 30, 13),
	(1346, '2023-11-20 17:35:05.157670', '1485', '/media/products/20231120/other_JBKOacl.png', 3, '', 30, 13),
	(1347, '2023-11-20 17:35:05.160672', '1484', '/media/products/20231120/other_D0SJgxs.png', 3, '', 30, 13),
	(1348, '2023-11-20 17:35:05.163670', '1483', '/media/products/20231120/other_RNIDF6N.png', 3, '', 30, 13),
	(1349, '2023-11-20 17:35:05.166669', '1482', '/media/products/20231120/other_UbVL0er.png', 3, '', 30, 13),
	(1350, '2023-11-20 17:35:05.170977', '1481', '/media/products/20231120/other_BQd04SE.png', 3, '', 30, 13),
	(1351, '2023-11-20 17:35:05.173976', '1480', '/media/products/20231120/other_yGpPnem.png', 3, '', 30, 13),
	(1352, '2023-11-20 17:35:05.176977', '1479', '/media/products/20231120/other_0fmVf65.png', 3, '', 30, 13),
	(1353, '2023-11-20 17:35:05.180977', '1478', '/media/products/20231120/other_7GlSaVe.png', 3, '', 30, 13),
	(1354, '2023-11-20 17:35:05.185831', '1477', '/media/products/20231120/other_vVwcaj6.png', 3, '', 30, 13),
	(1355, '2023-11-20 17:35:05.185831', '1476', '/media/products/20231120/other_qBV8mKa.png', 3, '', 30, 13),
	(1356, '2023-11-20 17:35:05.185831', '1475', '/media/products/20231120/other_ys2eo5E.png', 3, '', 30, 13),
	(1357, '2023-11-20 17:35:05.185831', '1474', '/media/products/20231120/other_XLJMshH.png', 3, '', 30, 13),
	(1358, '2023-11-20 17:35:05.199332', '1473', '/media/products/20231120/other_z1maKTN.png', 3, '', 30, 13),
	(1359, '2023-11-20 17:35:05.203333', '1472', '/media/products/20231120/other_ukqmn2t.png', 3, '', 30, 13),
	(1360, '2023-11-20 17:35:05.206329', '1471', '/media/products/20231120/other_akPfIBA.png', 3, '', 30, 13),
	(1361, '2023-11-20 17:35:05.214330', '1470', '/media/products/20231120/other_JsuUllg.png', 3, '', 30, 13),
	(1362, '2023-11-20 17:35:05.219331', '1469', '/media/products/20231120/other_kQtb8gp.png', 3, '', 30, 13),
	(1363, '2023-11-20 17:35:05.223331', '1468', '/media/products/20231120/other_h9iJ5rL.png', 3, '', 30, 13),
	(1364, '2023-11-20 17:35:05.227331', '1467', '/media/products/20231120/other_cL1KuHS.png', 3, '', 30, 13),
	(1365, '2023-11-20 17:35:05.230329', '1466', '/media/products/20231120/other_7gbkZaL.png', 3, '', 30, 13),
	(1366, '2023-11-20 17:35:05.233328', '1465', '/media/products/20231120/other_YJQweJS.png', 3, '', 30, 13),
	(1367, '2023-11-20 17:35:05.240330', '1464', '/media/products/20231120/other_B9ciFTW.png', 3, '', 30, 13),
	(1368, '2023-11-20 17:35:05.243328', '1463', '/media/products/20231120/other_dJm0iNk.png', 3, '', 30, 13),
	(1369, '2023-11-20 17:35:05.246328', '1462', '/media/products/20231120/other_TjFb8oF.png', 3, '', 30, 13),
	(1370, '2023-11-20 17:35:05.249334', '1461', '/media/products/20231120/other_6aVtu5l.png', 3, '', 30, 13),
	(1371, '2023-11-20 17:35:05.253334', '1460', '/media/products/20231120/other_nyfV02P.png', 3, '', 30, 13),
	(1372, '2023-11-20 17:35:05.256330', '1459', '/media/products/20231120/other_wvVG7NX.png', 3, '', 30, 13),
	(1373, '2023-11-20 17:35:05.259329', '1458', '/media/products/20231120/other_dakOXhi.png', 3, '', 30, 13),
	(1374, '2023-11-20 17:35:05.263330', '1457', '/media/products/20231120/other_LxIPhaA.png', 3, '', 30, 13),
	(1375, '2023-11-20 17:35:05.267330', '1456', '/media/products/20231120/other_crVJDTZ.png', 3, '', 30, 13),
	(1376, '2023-11-20 17:35:05.270986', '1455', '/media/products/20231120/Honey_2.jpeg', 3, '', 30, 13),
	(1377, '2023-11-20 17:35:05.275029', '1454', '/media/products/20231120/Honey_1.jpeg', 3, '', 30, 13),
	(1378, '2023-11-20 17:35:05.278029', '1453', '/media/products/20231120/other_O4FQtu3.png', 3, '', 30, 13),
	(1379, '2023-11-20 17:35:05.282028', '1452', '/media/products/20231120/other_RP21bL8.png', 3, '', 30, 13),
	(1380, '2023-11-20 17:35:05.285788', '1451', '/media/products/20231120/other_Lw6ZHDA.png', 3, '', 30, 13),
	(1381, '2023-11-20 17:35:05.288788', '1450', '/media/products/20231120/other_BkJlbQb.png', 3, '', 30, 13),
	(1382, '2023-11-20 17:35:05.292789', '1449', '/media/products/20231120/other_WA6qOW5.png', 3, '', 30, 13),
	(1383, '2023-11-20 17:35:05.295787', '1448', '/media/products/20231120/other_EiAWOma.png', 3, '', 30, 13),
	(1384, '2023-11-20 17:35:05.299794', '1447', '/media/products/20231120/other_NblXpPM.png', 3, '', 30, 13),
	(1385, '2023-11-20 17:35:05.303408', '1446', '/media/products/20231120/other_m5oUliK.png', 3, '', 30, 13),
	(1386, '2023-11-20 17:35:05.306406', '1445', '/media/products/20231120/other_8LWirNm.png', 3, '', 30, 13),
	(1387, '2023-11-20 17:35:05.310407', '1444', '/media/products/20231120/other_hb98Y3s.png', 3, '', 30, 13),
	(1388, '2023-11-20 17:35:05.314406', '1443', '/media/products/20231120/other_nPu57fV.png', 3, '', 30, 13),
	(1389, '2023-11-20 17:35:05.318181', '1442', '/media/products/20231120/other_IfL9z7X.png', 3, '', 30, 13),
	(1390, '2023-11-20 17:35:05.318181', '1441', '/media/products/20231120/other_BkTDkfs.png', 3, '', 30, 13),
	(1391, '2023-11-20 17:35:05.318181', '1440', '/media/products/20231120/other_kTFDcRe.png', 3, '', 30, 13),
	(1392, '2023-11-20 17:35:05.318181', '1439', '/media/products/20231120/other_9y4o057.png', 3, '', 30, 13),
	(1393, '2023-11-20 17:35:05.333806', '1438', '/media/products/20231120/other_FUUVxHO.png', 3, '', 30, 13),
	(1394, '2023-11-20 17:35:05.341242', '1437', '/media/products/20231120/other_ceo6jAt.png', 3, '', 30, 13),
	(1395, '2023-11-20 17:35:05.345242', '1436', '/media/products/20231120/other_JoorrAK.png', 3, '', 30, 13),
	(1396, '2023-11-20 17:35:05.348242', '1435', '/media/products/20231120/other_ypJtqjt.png', 3, '', 30, 13),
	(1397, '2023-11-20 17:35:05.358191', '1434', '/media/products/20231120/other_I4cmxJS.png', 3, '', 30, 13),
	(1398, '2023-11-20 17:35:05.368732', '1433', '/media/products/20231120/other_Af7OWTF.png', 3, '', 30, 13),
	(1399, '2023-11-20 17:35:05.372732', '1432', '/media/products/20231120/other_OIeUVBu.png', 3, '', 30, 13),
	(1400, '2023-11-20 17:35:05.375732', '1431', '/media/products/20231120/other_ZePAGWE.png', 3, '', 30, 13),
	(1401, '2023-11-20 17:35:05.379733', '1430', '/media/products/20231120/other_kP2rc7g.png', 3, '', 30, 13),
	(1402, '2023-11-20 17:35:05.382731', '1429', '/media/products/20231120/other_PcTxqSe.png', 3, '', 30, 13),
	(1403, '2023-11-20 17:35:05.385814', '1428', '/media/products/20231120/other_mlzRFdg.png', 3, '', 30, 13),
	(1404, '2023-11-20 17:35:05.389812', '1427', '/media/products/20231120/other_hVjG6Oy.png', 3, '', 30, 13),
	(1405, '2023-11-20 17:35:05.393811', '1426', '/media/products/20231120/other.png', 3, '', 30, 13),
	(1406, '2023-11-20 17:35:05.396810', '1425', '/media/products/20231120/Honey_1_cxJToY9.jpeg', 3, '', 30, 13),
	(1407, '2023-11-20 17:35:05.399810', '1424', '/media/products/20231120/Honey_1.jpeg', 3, '', 30, 13),
	(1408, '2023-11-20 17:35:05.403465', '1423', '/media/products/20231120/Honey_1_RzxoxH6.jpeg', 3, '', 30, 13),
	(1409, '2023-11-20 17:35:05.407464', '1422', '/media/products/20231120/Honey_1.jpeg', 3, '', 30, 13),
	(1410, '2023-11-20 17:35:05.411469', '1421', '/media/products/20231120/Honey_1.jpeg', 3, '', 30, 13),
	(1411, '2023-11-20 17:35:05.414464', '1418', '/media/products/20231119/other_sgdsisG.png', 3, '', 30, 13),
	(1412, '2023-11-20 17:35:05.418342', '1417', '/media/products/20231119/other_pTbdD6o.png', 3, '', 30, 13),
	(1413, '2023-11-20 17:35:05.421341', '1416', '/media/products/20231119/other_0EwGXWV.png', 3, '', 30, 13),
	(1414, '2023-11-20 17:35:05.425342', '1415', '/media/products/20231119/other_65oXGJz.png', 3, '', 30, 13),
	(1415, '2023-11-20 17:35:05.428341', '1414', '/media/products/20231119/other_XJwykU2.png', 3, '', 30, 13),
	(1416, '2023-11-20 17:35:05.432342', '1413', '/media/products/20231119/other_nkD6a4P.png', 3, '', 30, 13),
	(1417, '2023-11-20 17:35:05.435596', '1412', '/media/products/20231119/other_HwLWa8S.png', 3, '', 30, 13),
	(1418, '2023-11-20 17:35:05.435596', '1411', '/media/products/20231119/other_wNTVfdS.png', 3, '', 30, 13),
	(1419, '2023-11-20 17:35:05.435596', '1410', '/media/products/20231119/other_5sJ4kg0.png', 3, '', 30, 13),
	(1420, '2023-11-20 17:35:05.435596', '1409', '/media/products/20231119/other_17JGHgr.png', 3, '', 30, 13),
	(1421, '2023-11-20 17:35:05.435596', '1408', '/media/products/20231119/other_11qppEI.png', 3, '', 30, 13),
	(1422, '2023-11-20 17:35:05.452348', '1407', '/media/products/20231119/other_y4TKgKv.png', 3, '', 30, 13),
	(1423, '2023-11-20 17:35:05.452348', '1406', '/media/products/20231119/other_0gRMn5N.png', 3, '', 30, 13),
	(1424, '2023-11-20 17:35:05.452348', '1405', '/media/products/20231119/other_Kx3hKnd.png', 3, '', 30, 13),
	(1425, '2023-11-20 17:35:05.452348', '1404', '/media/products/20231119/other_iX7NNRK.png', 3, '', 30, 13),
	(1426, '2023-11-20 17:35:05.452348', '1403', '/media/products/20231119/other_c1Jqu5C.png', 3, '', 30, 13),
	(1427, '2023-11-20 17:35:10.828861', '1402', '/media/products/20231119/other_dzDjaRz.png', 3, '', 30, 13),
	(1428, '2023-11-20 17:35:10.835404', '1401', '/media/products/20231119/other_Ln1pc3J.png', 3, '', 30, 13),
	(1429, '2023-11-20 17:35:10.839403', '1400', '/media/products/20231119/other_PqCboSh.png', 3, '', 30, 13),
	(1430, '2023-11-20 17:35:10.842402', '1399', '/media/products/20231119/other_UlNPtIz.png', 3, '', 30, 13),
	(1431, '2023-11-20 17:35:10.845402', '1398', '/media/products/20231119/other_odGKu7K.png', 3, '', 30, 13),
	(1432, '2023-11-20 17:35:10.846459', '1397', '/media/products/20231119/other_SLjnIjO.png', 3, '', 30, 13),
	(1433, '2023-11-20 17:35:10.853102', '1396', '/media/products/20231119/other_Q5T3YG4.png', 3, '', 30, 13),
	(1434, '2023-11-20 17:35:10.856099', '1395', '/media/products/20231119/other_S7DPEiO.png', 3, '', 30, 13),
	(1435, '2023-11-20 17:35:10.859098', '1394', '/media/products/20231119/other_H8OGFhm.png', 3, '', 30, 13),
	(1436, '2023-11-20 17:35:10.863158', '1393', '/media/products/20231119/other_FSvIahH.png', 3, '', 30, 13),
	(1437, '2023-11-20 17:35:10.863158', '1392', '/media/products/20231119/other_u7ifbZP.png', 3, '', 30, 13),
	(1438, '2023-11-20 17:35:10.871101', '1391', '/media/products/20231119/other_kay02Ck.png', 3, '', 30, 13),
	(1439, '2023-11-20 17:35:10.875100', '1390', '/media/products/20231119/other_2PvxSGV.png', 3, '', 30, 13),
	(1440, '2023-11-20 17:35:10.878101', '1389', '/media/products/20231119/other_ZCSaYeS.png', 3, '', 30, 13),
	(1441, '2023-11-20 17:35:10.879155', '1388', '/media/products/20231119/other_ZtRDyj2.png', 3, '', 30, 13),
	(1442, '2023-11-20 17:35:10.885925', '1387', '/media/products/20231119/other_PsEI73X.png', 3, '', 30, 13),
	(1443, '2023-11-20 17:35:10.889926', '1386', '/media/products/20231119/other_HTktpmZ.png', 3, '', 30, 13),
	(1444, '2023-11-20 17:35:10.893925', '1385', '/media/products/20231119/other_kjnh3Xa.png', 3, '', 30, 13),
	(1445, '2023-11-20 17:35:10.895968', '1384', '/media/products/20231119/other_1AAhnAt.png', 3, '', 30, 13),
	(1446, '2023-11-20 17:35:10.895968', '1383', '/media/products/20231119/other_zvcln3C.png', 3, '', 30, 13),
	(1447, '2023-11-20 17:35:10.904829', '1382', '/media/products/20231119/other_IgalnOb.png', 3, '', 30, 13),
	(1448, '2023-11-20 17:35:10.907831', '1381', '/media/products/20231119/other_ZyxGgfP.png', 3, '', 30, 13),
	(1449, '2023-11-20 17:35:10.910359', '1380', '/media/products/20231119/other_QhRo0xk.png', 3, '', 30, 13),
	(1450, '2023-11-20 17:35:10.910359', '1379', '/media/products/20231119/other_2O1KTKn.png', 3, '', 30, 13),
	(1451, '2023-11-20 17:35:10.918839', '1378', '/media/products/20231119/other_SPEqAfO.png', 3, '', 30, 13),
	(1452, '2023-11-20 17:35:10.918839', '1377', '/media/products/20231119/other_nSi3xdb.png', 3, '', 30, 13),
	(1453, '2023-11-20 17:35:10.918839', '1376', '/media/products/20231119/other_rUz9Do0.png', 3, '', 30, 13),
	(1454, '2023-11-20 17:35:10.918839', '1375', '/media/products/20231119/other_CPA2UmN.png', 3, '', 30, 13),
	(1455, '2023-11-20 17:35:10.918839', '1374', '/media/products/20231119/other_wXJ3ktm.png', 3, '', 30, 13),
	(1456, '2023-11-20 17:35:10.935384', '1373', '/media/products/20231119/other_sWmKgxv.png', 3, '', 30, 13),
	(1457, '2023-11-20 17:35:10.935384', '1372', '/media/products/20231119/other_40sWhI0.png', 3, '', 30, 13),
	(1458, '2023-11-20 17:35:10.935384', '1371', '/media/products/20231119/other_7BTkFKx.png', 3, '', 30, 13),
	(1459, '2023-11-20 17:35:10.935384', '1370', '/media/products/20231119/other_7r60dQa.png', 3, '', 30, 13),
	(1460, '2023-11-20 17:35:10.935384', '1369', '/media/products/20231119/other_JlS8u1d.png', 3, '', 30, 13),
	(1461, '2023-11-20 17:35:10.953941', '1368', '/media/products/20231119/other_4e7FaHR.png', 3, '', 30, 13),
	(1462, '2023-11-20 17:35:10.956937', '1367', '/media/products/20231119/other_RGRwejU.png', 3, '', 30, 13),
	(1463, '2023-11-20 17:35:10.959937', '1366', '/media/products/20231119/other_0U0eMtR.png', 3, '', 30, 13),
	(1464, '2023-11-20 17:35:10.962937', '1365', '/media/products/20231119/other_Rirh4VB.png', 3, '', 30, 13),
	(1465, '2023-11-20 17:35:10.966938', '1364', '/media/products/20231119/other_12sERiM.png', 3, '', 30, 13),
	(1466, '2023-11-20 17:35:10.970849', '1363', '/media/products/20231119/other_N5YLrIM.png', 3, '', 30, 13),
	(1467, '2023-11-20 17:35:10.973849', '1362', '/media/products/20231119/other_JQkqWrU.png', 3, '', 30, 13),
	(1468, '2023-11-20 17:35:10.976849', '1361', '/media/products/20231119/other_B8Z016g.png', 3, '', 30, 13),
	(1469, '2023-11-20 17:35:10.979847', '1360', '/media/products/20231119/other_EtUaZ5A.png', 3, '', 30, 13),
	(1470, '2023-11-20 17:35:10.983849', '1359', '/media/products/20231119/other_F9UpEfX.png', 3, '', 30, 13),
	(1471, '2023-11-20 17:35:10.985265', '1358', '/media/products/20231119/other_cBsvnv9.png', 3, '', 30, 13),
	(1472, '2023-11-20 17:35:10.985265', '1357', '/media/products/20231119/other_5tT9Xyf.png', 3, '', 30, 13),
	(1473, '2023-11-20 17:35:10.985265', '1356', '/media/products/20231119/other_i0YBF1q.png', 3, '', 30, 13),
	(1474, '2023-11-20 17:35:10.985265', '1355', '/media/products/20231119/other_J1DCuZQ.png', 3, '', 30, 13),
	(1475, '2023-11-20 17:35:11.001925', '1354', '/media/products/20231119/other_2UUX5c3.png', 3, '', 30, 13),
	(1476, '2023-11-20 17:35:11.001925', '1353', '/media/products/20231119/other_wuYp1Wb.png', 3, '', 30, 13),
	(1477, '2023-11-20 17:35:11.001925', '1352', '/media/products/20231119/other_4QzueJR.png', 3, '', 30, 13),
	(1478, '2023-11-20 17:35:11.001925', '1351', '/media/products/20231119/other_tryo2La.png', 3, '', 30, 13),
	(1479, '2023-11-20 17:35:11.001925', '1350', '/media/products/20231119/other_PlnR4Zu.png', 3, '', 30, 13),
	(1480, '2023-11-20 17:35:11.017603', '1349', '/media/products/20231119/other_4JHQB36.png', 3, '', 30, 13),
	(1481, '2023-11-20 17:35:11.018678', '1348', '/media/products/20231119/other_0pJJUeK.png', 3, '', 30, 13),
	(1482, '2023-11-20 17:35:11.018678', '1347', '/media/products/20231119/other_gQI99M7.png', 3, '', 30, 13),
	(1483, '2023-11-20 17:35:11.018678', '1346', '/media/products/20231119/other_vbOeJY3.png', 3, '', 30, 13),
	(1484, '2023-11-20 17:35:11.018678', '1345', '/media/products/20231119/other_cWSdHHI.png', 3, '', 30, 13),
	(1485, '2023-11-20 17:35:11.034302', '1344', '/media/products/20231119/other_nqKOFv0.png', 3, '', 30, 13),
	(1486, '2023-11-20 17:35:11.035569', '1343', '/media/products/20231119/other_AMEY1P3.png', 3, '', 30, 13),
	(1487, '2023-11-20 17:35:11.035569', '1342', '/media/products/20231119/other_RFq4tzC.png', 3, '', 30, 13),
	(1488, '2023-11-20 17:35:11.035569', '1341', '/media/products/20231119/other_6mUysDs.png', 3, '', 30, 13),
	(1489, '2023-11-20 17:35:11.035569', '1340', '/media/products/20231119/other_OV4FXAb.png', 3, '', 30, 13),
	(1490, '2023-11-20 17:35:11.050930', '1339', '/media/products/20231119/other_KWEXk3E.png', 3, '', 30, 13),
	(1491, '2023-11-20 17:35:11.052310', '1338', '/media/products/20231119/other_jc1BzA7.png', 3, '', 30, 13),
	(1492, '2023-11-20 17:35:11.052310', '1337', '/media/products/20231119/other_hfUxdC8.png', 3, '', 30, 13),
	(1493, '2023-11-20 17:35:11.052310', '1336', '/media/products/20231119/other_NRq7Zhc.png', 3, '', 30, 13),
	(1494, '2023-11-20 17:35:11.052310', '1335', '/media/products/20231119/other_wCo59fT.png', 3, '', 30, 13),
	(1495, '2023-11-20 17:35:11.071292', '1334', '/media/products/20231119/other_g3JgBxm.png', 3, '', 30, 13),
	(1496, '2023-11-20 17:35:11.075288', '1333', '/media/products/20231119/other_DwuFMGr.png', 3, '', 30, 13),
	(1497, '2023-11-20 17:35:11.079287', '1332', '/media/products/20231119/other_NOU2xUl.png', 3, '', 30, 13),
	(1498, '2023-11-20 17:35:11.083397', '1331', '/media/products/20231119/other_CpdunNg.png', 3, '', 30, 13),
	(1499, '2023-11-20 17:35:11.086461', '1330', '/media/products/20231119/other_dPNOmT5.png', 3, '', 30, 13),
	(1500, '2023-11-20 17:35:11.090455', '1329', '/media/products/20231119/other_yN09xBJ.png', 3, '', 30, 13),
	(1501, '2023-11-20 17:35:11.093997', '1328', '/media/products/20231119/other_fb38Oq8.png', 3, '', 30, 13),
	(1502, '2023-11-20 17:35:11.097502', '1327', '/media/products/20231119/other_b0nSlzx.png', 3, '', 30, 13),
	(1503, '2023-11-20 17:35:11.100500', '1326', '/media/products/20231119/other_jkMAEoL.png', 3, '', 30, 13),
	(1504, '2023-11-20 17:35:11.103500', '1325', '/media/products/20231119/other_U29c1eb.png', 3, '', 30, 13),
	(1505, '2023-11-20 17:35:11.107503', '1324', '/media/products/20231119/other_CvXHndG.png', 3, '', 30, 13),
	(1506, '2023-11-20 17:35:11.110501', '1323', '/media/products/20231119/other_M50snwe.png', 3, '', 30, 13),
	(1507, '2023-11-20 17:35:11.113500', '1322', '/media/products/20231119/other_wGecX9U.png', 3, '', 30, 13),
	(1508, '2023-11-20 17:35:11.116500', '1321', '/media/products/20231119/other_0mXf7b5.png', 3, '', 30, 13),
	(1509, '2023-11-20 17:35:11.120947', '1320', '/media/products/20231119/other_2oxNKfQ.png', 3, '', 30, 13),
	(1510, '2023-11-20 17:35:11.124946', '1319', '/media/products/20231119/other_GgU1w8n.png', 3, '', 30, 13),
	(1511, '2023-11-20 17:35:11.139416', '1318', '/media/products/20231119/other_sYqub2B.png', 3, '', 30, 13),
	(1512, '2023-11-20 17:35:11.144562', '1317', '/media/products/20231119/other_32IXK3T.png', 3, '', 30, 13),
	(1513, '2023-11-20 17:35:11.149600', '1316', '/media/products/20231119/other_b4UhhbW.png', 3, '', 30, 13),
	(1514, '2023-11-20 17:35:11.154775', '1315', '/media/products/20231119/other_jfiQGrv.png', 3, '', 30, 13),
	(1515, '2023-11-20 17:35:11.158201', '1314', '/media/products/20231119/other_VEhlOIh.png', 3, '', 30, 13),
	(1516, '2023-11-20 17:35:11.163199', '1313', '/media/products/20231119/other_FSdbSZq.png', 3, '', 30, 13),
	(1517, '2023-11-20 17:35:11.167844', '1312', '/media/products/20231119/other_r444IyF.png', 3, '', 30, 13),
	(1518, '2023-11-20 17:35:11.171855', '1311', '/media/products/20231119/other_z1Rlfjq.png', 3, '', 30, 13),
	(1519, '2023-11-20 17:35:11.175843', '1310', '/media/products/20231119/other_s51qOB4.png', 3, '', 30, 13),
	(1520, '2023-11-20 17:35:11.179843', '1309', '/media/products/20231119/other_OW0zjBu.png', 3, '', 30, 13),
	(1521, '2023-11-20 17:35:11.186847', '1308', '/media/products/20231119/other_F20CZuu.png', 3, '', 30, 13),
	(1522, '2023-11-20 17:35:11.192844', '1307', '/media/products/20231119/other_FTHK9aG.png', 3, '', 30, 13),
	(1523, '2023-11-20 17:35:11.196847', '1306', '/media/products/20231119/other_VqnDIGX.png', 3, '', 30, 13),
	(1524, '2023-11-20 17:35:11.201623', '1305', '/media/products/20231119/other_w1bVGJV.png', 3, '', 30, 13),
	(1525, '2023-11-20 17:35:11.207932', '1304', '/media/products/20231119/other_OlQpLXJ.png', 3, '', 30, 13),
	(1526, '2023-11-20 17:35:11.213930', '1303', '/media/products/20231119/other_VlHAzTH.png', 3, '', 30, 13),
	(1527, '2023-11-20 17:35:16.996050', '1302', '/media/products/20231119/other_GQjo87e.png', 3, '', 30, 13),
	(1528, '2023-11-20 17:35:17.005788', '1301', '/media/products/20231119/other_qLcZ9Dd.png', 3, '', 30, 13),
	(1529, '2023-11-20 17:35:17.008673', '1300', '/media/products/20231119/other_Ajvt3Yo.png', 3, '', 30, 13),
	(1530, '2023-11-20 17:35:17.008673', '1299', '/media/products/20231119/other_xPj8tNS.png', 3, '', 30, 13),
	(1531, '2023-11-20 17:35:17.008673', '1298', '/media/products/20231119/other_O3H1eMx.png', 3, '', 30, 13),
	(1532, '2023-11-20 17:35:17.019571', '1297', '/media/products/20231119/other_bhK4m4d.png', 3, '', 30, 13),
	(1533, '2023-11-20 17:35:17.019571', '1296', '/media/products/20231119/other_2YbGziB.png', 3, '', 30, 13),
	(1534, '2023-11-20 17:35:17.019571', '1295', '/media/products/20231119/other_5yI1WzE.png', 3, '', 30, 13),
	(1535, '2023-11-20 17:35:17.019571', '1294', '/media/products/20231119/other_O8ynNLY.png', 3, '', 30, 13),
	(1536, '2023-11-20 17:35:17.034354', '1293', '/media/products/20231119/other_fDCnTPI.png', 3, '', 30, 13),
	(1537, '2023-11-20 17:35:17.035283', '1292', '/media/products/20231119/other_VN5dUCs.png', 3, '', 30, 13),
	(1538, '2023-11-20 17:35:17.035283', '1291', '/media/products/20231119/other_GxHRntL.png', 3, '', 30, 13),
	(1539, '2023-11-20 17:35:17.035283', '1290', '/media/products/20231119/other_JJv5K1c.png', 3, '', 30, 13),
	(1540, '2023-11-20 17:35:17.035283', '1289', '/media/products/20231119/other_BbpomlD.png', 3, '', 30, 13),
	(1541, '2023-11-20 17:35:17.051655', '1288', '/media/products/20231119/other_9ahws60.png', 3, '', 30, 13),
	(1542, '2023-11-20 17:35:17.055653', '1287', '/media/products/20231119/other_fzrkvgA.png', 3, '', 30, 13),
	(1543, '2023-11-20 17:35:17.058654', '1286', '/media/products/20231119/other_q9u2wta.png', 3, '', 30, 13),
	(1544, '2023-11-20 17:35:17.061698', '1285', '/media/products/20231119/other_LfTdjnk.png', 3, '', 30, 13),
	(1545, '2023-11-20 17:35:17.061698', '1284', '/media/products/20231119/other_bnXEgQD.png', 3, '', 30, 13),
	(1546, '2023-11-20 17:35:17.071431', '1283', '/media/products/20231119/other_OkL45sO.png', 3, '', 30, 13),
	(1547, '2023-11-20 17:35:17.074429', '1282', '/media/products/20231119/other_5wukXG1.png', 3, '', 30, 13),
	(1548, '2023-11-20 17:35:17.077430', '1281', '/media/products/20231119/other_l8SIlG5.png', 3, '', 30, 13),
	(1549, '2023-11-20 17:35:17.079473', '1280', '/media/products/20231119/other_0ma0xUD.png', 3, '', 30, 13),
	(1550, '2023-11-20 17:35:17.084966', '1279', '/media/products/20231119/other_4ZMSRy3.png', 3, '', 30, 13),
	(1551, '2023-11-20 17:35:17.088966', '1278', '/media/products/20231119/other_jCEFvHh.png', 3, '', 30, 13),
	(1552, '2023-11-20 17:35:17.091964', '1277', '/media/products/20231119/other_73R0HL1.png', 3, '', 30, 13),
	(1553, '2023-11-20 17:35:17.094964', '1276', '/media/products/20231119/other_CEMh4rh.png', 3, '', 30, 13),
	(1554, '2023-11-20 17:35:17.096024', '1275', '/media/products/20231119/other_1xMCjdD.png', 3, '', 30, 13),
	(1555, '2023-11-20 17:35:17.103330', '1274', '/media/products/20231119/other_FXdudgc.png', 3, '', 30, 13),
	(1556, '2023-11-20 17:35:17.107326', '1273', '/media/products/20231119/other_IYoKPSG.png', 3, '', 30, 13),
	(1557, '2023-11-20 17:35:17.110327', '1272', '/media/products/20231119/other_xxFth77.png', 3, '', 30, 13),
	(1558, '2023-11-20 17:35:17.112377', '1271', '/media/products/20231119/other_LxQ2co5.png', 3, '', 30, 13),
	(1559, '2023-11-20 17:35:17.120099', '1270', '/media/products/20231119/other_xTKU3MT.png', 3, '', 30, 13),
	(1560, '2023-11-20 17:35:17.124099', '1269', '/media/products/20231119/other_TnC6ZyF.png', 3, '', 30, 13),
	(1561, '2023-11-20 17:35:17.127100', '1268', '/media/products/20231119/other_W5Q5Ryl.png', 3, '', 30, 13),
	(1562, '2023-11-20 17:35:17.130099', '1267', '/media/products/20231119/other_AZS1Raq.png', 3, '', 30, 13),
	(1563, '2023-11-20 17:35:17.134102', '1266', '/media/products/20231119/other_Kv90m2X.png', 3, '', 30, 13),
	(1564, '2023-11-20 17:35:17.137099', '1265', '/media/products/20231119/other_wMz7eXR.png', 3, '', 30, 13),
	(1565, '2023-11-20 17:35:17.141100', '1264', '/media/products/20231119/other_cvCDO8u.png', 3, '', 30, 13),
	(1566, '2023-11-20 17:35:17.144099', '1263', '/media/products/20231119/other_4J5z87o.png', 3, '', 30, 13),
	(1567, '2023-11-20 17:35:17.148101', '1262', '/media/products/20231119/other_ttPqRee.png', 3, '', 30, 13),
	(1568, '2023-11-20 17:35:17.152105', '1261', '/media/products/20231119/other_zgMaFKH.png', 3, '', 30, 13),
	(1569, '2023-11-20 17:35:17.152540', '1260', '/media/products/20231119/other_ExcdnQq.png', 3, '', 30, 13),
	(1570, '2023-11-20 17:35:17.167137', '1259', '/media/products/20231119/other_bLiizoT.png', 3, '', 30, 13),
	(1571, '2023-11-20 17:35:17.170710', '1258', '/media/products/20231119/other_Q4fEt2o.png', 3, '', 30, 13),
	(1572, '2023-11-20 17:35:17.174709', '1257', '/media/products/20231119/other_qNiOwyP.png', 3, '', 30, 13),
	(1573, '2023-11-20 17:35:17.180709', '1256', '/media/products/20231119/other_2VEEBRF.png', 3, '', 30, 13),
	(1574, '2023-11-20 17:35:17.184748', '1255', '/media/products/20231119/other_kEI3W13.png', 3, '', 30, 13),
	(1575, '2023-11-20 17:35:17.184748', '1254', '/media/products/20231119/other_hDBMQIn.png', 3, '', 30, 13),
	(1576, '2023-11-20 17:35:17.203861', '1253', '/media/products/20231119/other_FYq2lrA.png', 3, '', 30, 13),
	(1577, '2023-11-20 17:35:17.210859', '1252', '/media/products/20231119/other_7hX9eZA.png', 3, '', 30, 13),
	(1578, '2023-11-20 17:35:17.214859', '1251', '/media/products/20231119/other_iRcJKNA.png', 3, '', 30, 13),
	(1579, '2023-11-20 17:35:17.218861', '1250', '/media/products/20231119/other_iED5ObT.png', 3, '', 30, 13),
	(1580, '2023-11-20 17:35:17.224857', '1249', '/media/products/20231119/other_ojpVxMf.png', 3, '', 30, 13),
	(1581, '2023-11-20 17:35:17.229712', '1248', '/media/products/20231119/other_fr73oBQ.png', 3, '', 30, 13),
	(1582, '2023-11-20 17:35:17.233876', '1247', '/media/products/20231119/other_17BZKWU.png', 3, '', 30, 13),
	(1583, '2023-11-20 17:35:17.237879', '1246', '/media/products/20231119/other_9hbuWU3.png', 3, '', 30, 13),
	(1584, '2023-11-20 17:35:17.241878', '1245', '/media/products/20231119/other_BM3LNJI.png', 3, '', 30, 13),
	(1585, '2023-11-20 17:35:17.244887', '1244', '/media/products/20231119/other_eXdDJI7.png', 3, '', 30, 13),
	(1586, '2023-11-20 17:35:17.247887', '1243', '/media/products/20231119/other_hNcutcA.png', 3, '', 30, 13),
	(1587, '2023-11-20 17:35:17.252696', '1242', '/media/products/20231119/other_ssR6OIB.png', 3, '', 30, 13),
	(1588, '2023-11-20 17:35:17.255706', '1241', '/media/products/20231119/other_4IYOKTW.png', 3, '', 30, 13),
	(1589, '2023-11-20 17:35:17.258694', '1240', '/media/products/20231119/other_WQoJ9mk.png', 3, '', 30, 13),
	(1590, '2023-11-20 17:35:17.261706', '1239', '/media/products/20231119/other_6vlE7cj.png', 3, '', 30, 13),
	(1591, '2023-11-20 17:35:17.265179', '1238', '/media/products/20231119/other_sObVSKd.png', 3, '', 30, 13),
	(1592, '2023-11-20 17:35:17.268006', '1237', '/media/products/20231119/other_bayGMbA.png', 3, '', 30, 13),
	(1593, '2023-11-20 17:35:17.271016', '1236', '/media/products/20231119/other_cMaa9wT.png', 3, '', 30, 13),
	(1594, '2023-11-20 17:35:17.274004', '1235', '/media/products/20231119/other_jgqiIHt.png', 3, '', 30, 13),
	(1595, '2023-11-20 17:35:17.277022', '1234', '/media/products/20231119/other_VP14eyZ.png', 3, '', 30, 13),
	(1596, '2023-11-20 17:35:17.280017', '1233', '/media/products/20231119/other_klbGHQE.png', 3, '', 30, 13),
	(1597, '2023-11-20 17:35:17.284011', '1232', '/media/products/20231119/other_lSiXYAv.png', 3, '', 30, 13),
	(1598, '2023-11-20 17:35:17.287016', '1231', '/media/products/20231119/other_LPgveF9.png', 3, '', 30, 13),
	(1599, '2023-11-20 17:35:17.290009', '1230', '/media/products/20231119/other_7r5H6jr.png', 3, '', 30, 13),
	(1600, '2023-11-20 17:35:17.293006', '1229', '/media/products/20231119/other_t4Tb2g7.png', 3, '', 30, 13),
	(1601, '2023-11-20 17:35:17.297007', '1228', '/media/products/20231119/other_0MElZwe.png', 3, '', 30, 13),
	(1602, '2023-11-20 17:35:17.301106', '1227', '/media/products/20231119/other_exrPfvX.png', 3, '', 30, 13),
	(1603, '2023-11-20 17:35:17.305358', '1226', '/media/products/20231119/other_K7GWcqE.png', 3, '', 30, 13),
	(1604, '2023-11-20 17:35:17.308356', '1225', '/media/products/20231119/other_WzK3wRr.png', 3, '', 30, 13),
	(1605, '2023-11-20 17:35:17.312359', '1224', '/media/products/20231119/other_egIdp4n.png', 3, '', 30, 13),
	(1606, '2023-11-20 17:35:17.315359', '1223', '/media/products/20231119/other_sotBgY2.png', 3, '', 30, 13),
	(1607, '2023-11-20 17:35:17.319021', '1222', '/media/products/20231119/other_V6OtU9H.png', 3, '', 30, 13),
	(1608, '2023-11-20 17:35:17.323019', '1221', '/media/products/20231119/other_w0scyKP.png', 3, '', 30, 13),
	(1609, '2023-11-20 17:35:17.327023', '1220', '/media/products/20231119/other_tpYWYRA.png', 3, '', 30, 13),
	(1610, '2023-11-20 17:35:17.330604', '1219', '/media/products/20231119/other_FjLkzcq.png', 3, '', 30, 13),
	(1611, '2023-11-20 17:35:17.334045', '1218', '/media/products/20231119/other_ia58lFE.png', 3, '', 30, 13),
	(1612, '2023-11-20 17:35:17.338046', '1217', '/media/products/20231119/other_6mbSwxe.png', 3, '', 30, 13),
	(1613, '2023-11-20 17:35:17.342047', '1216', '/media/products/20231119/other_7tVLAVD.png', 3, '', 30, 13),
	(1614, '2023-11-20 17:35:17.345044', '1215', '/media/products/20231119/other_zrFtUUL.png', 3, '', 30, 13),
	(1615, '2023-11-20 17:35:17.352048', '1214', '/media/products/20231119/other_bIpJcH8.png', 3, '', 30, 13),
	(1616, '2023-11-20 17:35:17.355050', '1213', '/media/products/20231119/other_fIfiSqF.png', 3, '', 30, 13),
	(1617, '2023-11-20 17:35:17.358043', '1212', '/media/products/20231119/other_8MzYrJr.png', 3, '', 30, 13),
	(1618, '2023-11-20 17:35:17.361043', '1211', '/media/products/20231119/other_l5hmpKm.png', 3, '', 30, 13),
	(1619, '2023-11-20 17:35:17.365050', '1210', '/media/products/20231119/other_BEutvcM.png', 3, '', 30, 13),
	(1620, '2023-11-20 17:35:17.367854', '1209', '/media/products/20231119/other_ifSsrWs.png', 3, '', 30, 13),
	(1621, '2023-11-20 17:35:17.371851', '1208', '/media/products/20231119/other_EQL057u.png', 3, '', 30, 13),
	(1622, '2023-11-20 17:35:17.374850', '1207', '/media/products/20231119/other_SQcEYQ6.png', 3, '', 30, 13),
	(1623, '2023-11-20 17:35:17.377853', '1206', '/media/products/20231119/other_C0Q2JSG.png', 3, '', 30, 13),
	(1624, '2023-11-20 17:35:17.381854', '1205', '/media/products/20231119/other_S2dz8Dv.png', 3, '', 30, 13),
	(1625, '2023-11-20 17:35:17.384957', '1204', '/media/products/20231119/other_vbmtWtn.png', 3, '', 30, 13),
	(1626, '2023-11-20 17:35:17.388952', '1203', '/media/products/20231119/other_Mb9UCfD.png', 3, '', 30, 13),
	(1627, '2023-11-20 17:35:22.669283', '1202', '/media/products/20231119/other_NH7iiP8.png', 3, '', 30, 13),
	(1628, '2023-11-20 17:35:22.684808', '1201', '/media/products/20231119/other_1L6uUnU.png', 3, '', 30, 13),
	(1629, '2023-11-20 17:35:22.684808', '1200', '/media/products/20231119/other_ztGNhNO.png', 3, '', 30, 13),
	(1630, '2023-11-20 17:35:22.684808', '1199', '/media/products/20231119/other_InG9vVX.png', 3, '', 30, 13),
	(1631, '2023-11-20 17:35:22.684808', '1198', '/media/products/20231119/other_sYlE0Xn.png', 3, '', 30, 13),
	(1632, '2023-11-20 17:35:22.684808', '1197', '/media/products/20231119/other_9bmiY5i.png', 3, '', 30, 13),
	(1633, '2023-11-20 17:35:22.701808', '1196', '/media/products/20231119/other_czcsl8n.png', 3, '', 30, 13),
	(1634, '2023-11-20 17:35:22.701808', '1195', '/media/products/20231119/other_en4ZNxY.png', 3, '', 30, 13),
	(1635, '2023-11-20 17:35:22.701808', '1194', '/media/products/20231119/other_X5SOGMQ.png', 3, '', 30, 13),
	(1636, '2023-11-20 17:35:22.701808', '1193', '/media/products/20231119/other_5pu4aMb.png', 3, '', 30, 13),
	(1637, '2023-11-20 17:35:22.701808', '1192', '/media/products/20231119/other_HJzkB9V.png', 3, '', 30, 13),
	(1638, '2023-11-20 17:35:22.720183', '1191', '/media/products/20231119/other_u7xrbcj.png', 3, '', 30, 13),
	(1639, '2023-11-20 17:35:22.720183', '1190', '/media/products/20231119/other_eIAAEFS.png', 3, '', 30, 13),
	(1640, '2023-11-20 17:35:22.720183', '1189', '/media/products/20231119/other_YJkYWSD.png', 3, '', 30, 13),
	(1641, '2023-11-20 17:35:22.720183', '1188', '/media/products/20231119/other_to6KIiB.png', 3, '', 30, 13),
	(1642, '2023-11-20 17:35:22.733460', '1187', '/media/products/20231119/other_VL5gT5m.png', 3, '', 30, 13),
	(1643, '2023-11-20 17:35:22.735690', '1186', '/media/products/20231119/other_y76tKAD.png', 3, '', 30, 13),
	(1644, '2023-11-20 17:35:22.735690', '1185', '/media/products/20231119/other_rD2F3qq.png', 3, '', 30, 13),
	(1645, '2023-11-20 17:35:22.735690', '1184', '/media/products/20231119/other_PfBH971.png', 3, '', 30, 13),
	(1646, '2023-11-20 17:35:22.735690', '1183', '/media/products/20231119/other_PFPRz89.png', 3, '', 30, 13),
	(1647, '2023-11-20 17:35:22.751103', '1182', '/media/products/20231119/other_FwQncBI.png', 3, '', 30, 13),
	(1648, '2023-11-20 17:35:22.752007', '1181', '/media/products/20231119/other_qsC7jVt.png', 3, '', 30, 13),
	(1649, '2023-11-20 17:35:22.752007', '1180', '/media/products/20231119/other_asBRp5W.png', 3, '', 30, 13),
	(1650, '2023-11-20 17:35:22.752007', '1179', '/media/products/20231119/other_se4Wmfk.png', 3, '', 30, 13),
	(1651, '2023-11-20 17:35:22.767817', '1178', '/media/products/20231119/other_qKkWvk9.png', 3, '', 30, 13),
	(1652, '2023-11-20 17:35:22.771817', '1177', '/media/products/20231119/other_UBHbElX.png', 3, '', 30, 13),
	(1653, '2023-11-20 17:35:22.774814', '1176', '/media/products/20231119/other_GnvgmOl.png', 3, '', 30, 13),
	(1654, '2023-11-20 17:35:22.778814', '1175', '/media/products/20231119/other_oifPtBT.png', 3, '', 30, 13),
	(1655, '2023-11-20 17:35:22.781814', '1174', '/media/products/20231119/other_yqqvJXG.png', 3, '', 30, 13),
	(1656, '2023-11-20 17:35:22.784817', '1173', '/media/products/20231119/other_tA2zg0X.png', 3, '', 30, 13),
	(1657, '2023-11-20 17:35:22.788815', '1172', '/media/products/20231119/other_liqmrYt.png', 3, '', 30, 13),
	(1658, '2023-11-20 17:35:22.791814', '1171', '/media/products/20231119/other_ZRyK59g.png', 3, '', 30, 13),
	(1659, '2023-11-20 17:35:22.794815', '1170', '/media/products/20231119/other_AyxQpsQ.png', 3, '', 30, 13),
	(1660, '2023-11-20 17:35:22.797815', '1169', '/media/products/20231119/other_aj2GrxK.png', 3, '', 30, 13),
	(1661, '2023-11-20 17:35:22.800815', '1168', '/media/products/20231119/other_owslA6M.png', 3, '', 30, 13),
	(1662, '2023-11-20 17:35:22.804814', '1167', '/media/products/20231119/other_I6cH7NZ.png', 3, '', 30, 13),
	(1663, '2023-11-20 17:35:22.807815', '1166', '/media/products/20231119/other_Pxvt2Xw.png', 3, '', 30, 13),
	(1664, '2023-11-20 17:35:22.811814', '1165', '/media/products/20231119/other_klDG17c.png', 3, '', 30, 13),
	(1665, '2023-11-20 17:35:22.815815', '1164', '/media/products/20231119/other_pzGdgsJ.png', 3, '', 30, 13),
	(1666, '2023-11-20 17:35:22.820969', '1163', '/media/products/20231119/other_tGCVtI0.png', 3, '', 30, 13),
	(1667, '2023-11-20 17:35:22.823972', '1162', '/media/products/20231119/other_oTMDbOa.png', 3, '', 30, 13),
	(1668, '2023-11-20 17:35:22.824893', '1161', '/media/products/20231119/other_OhQfV7Y.png', 3, '', 30, 13),
	(1669, '2023-11-20 17:35:22.824893', '1160', '/media/products/20231119/other_JvklFDD.png', 3, '', 30, 13),
	(1670, '2023-11-20 17:35:22.824893', '1159', '/media/products/20231119/other_Q9pdPQX.png', 3, '', 30, 13),
	(1671, '2023-11-20 17:35:22.838931', '1158', '/media/products/20231119/other_2q2F9uf.png', 3, '', 30, 13),
	(1672, '2023-11-20 17:35:22.841933', '1157', '/media/products/20231119/other_kWqKDh3.png', 3, '', 30, 13),
	(1673, '2023-11-20 17:35:22.845930', '1156', '/media/products/20231119/other_NQYi6dI.png', 3, '', 30, 13),
	(1674, '2023-11-20 17:35:22.850192', '1155', '/media/products/20231119/other_WSHqX0f.png', 3, '', 30, 13),
	(1675, '2023-11-20 17:35:22.854033', '1154', '/media/products/20231119/other_YbVadQv.png', 3, '', 30, 13),
	(1676, '2023-11-20 17:35:22.854033', '1153', '/media/products/20231119/other_WgIlCst.png', 3, '', 30, 13),
	(1677, '2023-11-20 17:35:22.854033', '1152', '/media/products/20231119/other_V9pb4Qb.png', 3, '', 30, 13),
	(1678, '2023-11-20 17:35:22.869997', '1151', '/media/products/20231119/other_YDWpq0o.png', 3, '', 30, 13),
	(1679, '2023-11-20 17:35:22.873998', '1150', '/media/products/20231119/other_y7izSvD.png', 3, '', 30, 13),
	(1680, '2023-11-20 17:35:22.878002', '1149', '/media/products/20231119/other_FQmeMRB.png', 3, '', 30, 13),
	(1681, '2023-11-20 17:35:22.880996', '1148', '/media/products/20231119/other_CnAsx3y.png', 3, '', 30, 13),
	(1682, '2023-11-20 17:35:22.887045', '1147', '/media/products/20231119/other_VRWeJMN.png', 3, '', 30, 13),
	(1683, '2023-11-20 17:35:22.890043', '1146', '/media/products/20231119/other_8LLSwZF.png', 3, '', 30, 13),
	(1684, '2023-11-20 17:35:22.893043', '1145', '/media/products/20231119/other_IZ3aKMs.png', 3, '', 30, 13),
	(1685, '2023-11-20 17:35:22.896045', '1144', '/media/products/20231119/other_lwYjp8F.png', 3, '', 30, 13),
	(1686, '2023-11-20 17:35:22.903197', '1143', '/media/products/20231119/other_kU8OZ5X.png', 3, '', 30, 13),
	(1687, '2023-11-20 17:35:22.906196', '1142', '/media/products/20231119/other_tOO3jpG.png', 3, '', 30, 13),
	(1688, '2023-11-20 17:35:22.909043', '1141', '/media/products/20231119/other_idIDAV5.png', 3, '', 30, 13),
	(1689, '2023-11-20 17:35:22.913042', '1140', '/media/products/20231119/other_Qic9hQf.png', 3, '', 30, 13),
	(1690, '2023-11-20 17:35:22.916047', '1139', '/media/products/20231119/other_jdzPMDP.png', 3, '', 30, 13),
	(1691, '2023-11-20 17:35:22.920561', '1138', '/media/products/20231119/other_khkYIKH.png', 3, '', 30, 13),
	(1692, '2023-11-20 17:35:22.923558', '1137', '/media/products/20231119/other_Wuyh4NR.png', 3, '', 30, 13),
	(1693, '2023-11-20 17:35:22.927557', '1136', '/media/products/20231119/other_Tp1kMln.png', 3, '', 30, 13),
	(1694, '2023-11-20 17:35:22.930559', '1135', '/media/products/20231119/other_x3lvsFH.png', 3, '', 30, 13),
	(1695, '2023-11-20 17:35:22.934697', '1134', '/media/products/20231119/other_cU9QW1m.png', 3, '', 30, 13),
	(1696, '2023-11-20 17:35:22.938694', '1133', '/media/products/20231119/other_8xi9KpY.png', 3, '', 30, 13),
	(1697, '2023-11-20 17:35:22.941692', '1132', '/media/products/20231119/other_gTpkns1.png', 3, '', 30, 13),
	(1698, '2023-11-20 17:35:22.945693', '1131', '/media/products/20231119/other_IUpi7T7.png', 3, '', 30, 13),
	(1699, '2023-11-20 17:35:22.948692', '1130', '/media/products/20231119/other_Ddp0khQ.png', 3, '', 30, 13),
	(1700, '2023-11-20 17:35:22.952693', '1129', '/media/products/20231119/other_sOA8SFa.png', 3, '', 30, 13),
	(1701, '2023-11-20 17:35:22.955692', '1128', '/media/products/20231119/other_7rh9HT8.png', 3, '', 30, 13),
	(1702, '2023-11-20 17:35:22.958693', '1127', '/media/products/20231119/other_nIbD1Rd.png', 3, '', 30, 13),
	(1703, '2023-11-20 17:35:22.962694', '1126', '/media/products/20231119/other_DlVM8GO.png', 3, '', 30, 13),
	(1704, '2023-11-20 17:35:22.965694', '1125', '/media/products/20231119/other_F04wGF9.png', 3, '', 30, 13),
	(1705, '2023-11-20 17:35:22.969294', '1124', '/media/products/20231119/other_CtJ3dIG.png', 3, '', 30, 13),
	(1706, '2023-11-20 17:35:22.972473', '1123', '/media/products/20231119/other_PPvvyFi.png', 3, '', 30, 13),
	(1707, '2023-11-20 17:35:22.975475', '1122', '/media/products/20231119/other_GWs2dSh.png', 3, '', 30, 13),
	(1708, '2023-11-20 17:35:22.978472', '1121', '/media/products/20231119/other_PuHpx6P.png', 3, '', 30, 13),
	(1709, '2023-11-20 17:35:22.981472', '1120', '/media/products/20231119/other_R7X0yxy.png', 3, '', 30, 13),
	(1710, '2023-11-20 17:35:22.986474', '1119', '/media/products/20231119/other_DBugrWv.png', 3, '', 30, 13),
	(1711, '2023-11-20 17:35:22.991472', '1118', '/media/products/20231119/other_9OvssN6.png', 3, '', 30, 13),
	(1712, '2023-11-20 17:35:23.002474', '1117', '/media/products/20231119/other_ROSLgPO.png', 3, '', 30, 13),
	(1713, '2023-11-20 17:35:23.006473', '1116', '/media/products/20231119/other_4xU3Dgv.png', 3, '', 30, 13),
	(1714, '2023-11-20 17:35:23.010479', '1115', '/media/products/20231119/other_JCWstLX.png', 3, '', 30, 13),
	(1715, '2023-11-20 17:35:23.013473', '1114', '/media/products/20231119/other_NPWNRwp.png', 3, '', 30, 13),
	(1716, '2023-11-20 17:35:23.017040', '1113', '/media/products/20231119/other_dEIN9uw.png', 3, '', 30, 13),
	(1717, '2023-11-20 17:35:23.020041', '1112', '/media/products/20231119/other_ofbvlFd.png', 3, '', 30, 13),
	(1718, '2023-11-20 17:35:23.024038', '1111', '/media/products/20231119/other_5E70eQl.png', 3, '', 30, 13),
	(1719, '2023-11-20 17:35:23.027039', '1110', '/media/products/20231119/other_F1E6T8B.png', 3, '', 30, 13),
	(1720, '2023-11-20 17:35:23.033716', '1109', '/media/products/20231119/other_RBv1P3r.png', 3, '', 30, 13),
	(1721, '2023-11-20 17:35:23.036715', '1108', '/media/products/20231119/other_dqDPekV.png', 3, '', 30, 13),
	(1722, '2023-11-20 17:35:23.039715', '1107', '/media/products/20231119/other_sllOOh2.png', 3, '', 30, 13),
	(1723, '2023-11-20 17:35:23.043717', '1106', '/media/products/20231119/other_EPhJpgf.png', 3, '', 30, 13),
	(1724, '2023-11-20 17:35:23.046715', '1105', '/media/products/20231119/other_yQPqFoB.png', 3, '', 30, 13),
	(1725, '2023-11-20 17:35:23.050193', '1104', '/media/products/20231119/other_1CDc4zh.png', 3, '', 30, 13),
	(1726, '2023-11-20 17:35:23.050193', '1103', '/media/products/20231119/other_QYOMj9O.png', 3, '', 30, 13),
	(1727, '2023-11-20 17:35:29.664900', '1102', '/media/products/20231119/other_itGj99I.png', 3, '', 30, 13),
	(1728, '2023-11-20 17:35:29.667322', '1101', '/media/products/20231119/other_GhJg3ry.png', 3, '', 30, 13),
	(1729, '2023-11-20 17:35:29.667322', '1100', '/media/products/20231119/other_bnGghXh.png', 3, '', 30, 13),
	(1730, '2023-11-20 17:35:29.667322', '1099', '/media/products/20231119/other_83hOlx7.png', 3, '', 30, 13),
	(1731, '2023-11-20 17:35:29.667322', '1098', '/media/products/20231119/other_DvDGzuj.png', 3, '', 30, 13),
	(1732, '2023-11-20 17:35:29.667322', '1097', '/media/products/20231119/other_7aUZPuZ.png', 3, '', 30, 13),
	(1733, '2023-11-20 17:35:29.684069', '1096', '/media/products/20231119/other_nCmUeZs.png', 3, '', 30, 13),
	(1734, '2023-11-20 17:35:29.684069', '1095', '/media/products/20231119/other_TLdOD8e.png', 3, '', 30, 13),
	(1735, '2023-11-20 17:35:29.684069', '1094', '/media/products/20231119/other_US5dqDl.png', 3, '', 30, 13),
	(1736, '2023-11-20 17:35:29.684069', '1093', '/media/products/20231119/other_pubizFr.png', 3, '', 30, 13),
	(1737, '2023-11-20 17:35:29.684069', '1092', '/media/products/20231119/other_SWoJ6tt.png', 3, '', 30, 13),
	(1738, '2023-11-20 17:35:29.702196', '1091', '/media/products/20231119/other_h6pxlsK.png', 3, '', 30, 13),
	(1739, '2023-11-20 17:35:29.705201', '1090', '/media/products/20231119/other_yW5cA4r.png', 3, '', 30, 13),
	(1740, '2023-11-20 17:35:29.709605', '1089', '/media/products/20231119/other_12L2hUm.png', 3, '', 30, 13),
	(1741, '2023-11-20 17:35:29.713608', '1088', '/media/products/20231119/other_cZmhlp7.png', 3, '', 30, 13),
	(1742, '2023-11-20 17:35:29.717609', '1087', '/media/products/20231119/other_ayDgsP6.png', 3, '', 30, 13),
	(1743, '2023-11-20 17:35:29.720313', '1086', '/media/products/20231119/other_1WtfvuH.png', 3, '', 30, 13),
	(1744, '2023-11-20 17:35:29.724316', '1085', '/media/products/20231119/other_tFsWHRk.png', 3, '', 30, 13),
	(1745, '2023-11-20 17:35:29.727313', '1084', '/media/products/20231119/other_3HevZET.png', 3, '', 30, 13),
	(1746, '2023-11-20 17:35:29.730313', '1083', '/media/products/20231119/other_iOK4GJe.png', 3, '', 30, 13),
	(1747, '2023-11-20 17:35:29.733557', '1082', '/media/products/20231119/other_qSzZiVm.png', 3, '', 30, 13),
	(1748, '2023-11-20 17:35:29.736568', '1081', '/media/products/20231119/other_uQ17sek.png', 3, '', 30, 13),
	(1749, '2023-11-20 17:35:29.739555', '1080', '/media/products/20231119/other_dUSribU.png', 3, '', 30, 13),
	(1750, '2023-11-20 17:35:29.742568', '1079', '/media/products/20231119/other_mzuPADb.png', 3, '', 30, 13),
	(1751, '2023-11-20 17:35:29.745557', '1078', '/media/products/20231119/other_hQVFKBe.png', 3, '', 30, 13),
	(1752, '2023-11-20 17:35:29.748568', '1077', '/media/products/20231119/other_sta9pJi.png', 3, '', 30, 13),
	(1753, '2023-11-20 17:35:29.752505', '1076', '/media/products/20231119/other_uASwJ69.png', 3, '', 30, 13),
	(1754, '2023-11-20 17:35:29.755503', '1075', '/media/products/20231119/other_3g56AxQ.png', 3, '', 30, 13),
	(1755, '2023-11-20 17:35:29.758863', '1074', '/media/products/20231119/other_KlfdbOd.png', 3, '', 30, 13),
	(1756, '2023-11-20 17:35:29.761873', '1073', '/media/products/20231119/other_kKF8SCS.png', 3, '', 30, 13),
	(1757, '2023-11-20 17:35:29.764874', '1072', '/media/products/20231119/other_r5wryHk.png', 3, '', 30, 13),
	(1758, '2023-11-20 17:35:29.768364', '1071', '/media/products/20231119/other_NoeNLeK.png', 3, '', 30, 13),
	(1759, '2023-11-20 17:35:29.771363', '1070', '/media/products/20231119/other_JHNjlEx.png', 3, '', 30, 13),
	(1760, '2023-11-20 17:35:29.774372', '1069', '/media/products/20231119/other_yfxS48a.png', 3, '', 30, 13),
	(1761, '2023-11-20 17:35:29.777374', '1068', '/media/products/20231119/other_Ed7xuXQ.png', 3, '', 30, 13),
	(1762, '2023-11-20 17:35:29.781362', '1067', '/media/products/20231119/other_ljJq5oR.png', 3, '', 30, 13),
	(1763, '2023-11-20 17:35:29.784121', '1066', '/media/products/20231119/other_pAabpbT.png', 3, '', 30, 13),
	(1764, '2023-11-20 17:35:29.788119', '1065', '/media/products/20231119/other_ICCrzRD.png', 3, '', 30, 13),
	(1765, '2023-11-20 17:35:29.791353', '1064', '/media/products/20231119/other_E7a37Iz.png', 3, '', 30, 13),
	(1766, '2023-11-20 17:35:29.795353', '1063', '/media/products/20231119/other_wR72QSx.png', 3, '', 30, 13),
	(1767, '2023-11-20 17:35:29.800563', '1062', '/media/products/20231119/other_rZ4CqIk.png', 3, '', 30, 13),
	(1768, '2023-11-20 17:35:29.805121', '1061', '/media/products/20231119/other_opTrB9h.png', 3, '', 30, 13),
	(1769, '2023-11-20 17:35:29.808542', '1060', '/media/products/20231119/other_K5MifhS.png', 3, '', 30, 13),
	(1770, '2023-11-20 17:35:29.815620', '1059', '/media/products/20231119/other_SZLzyeK.png', 3, '', 30, 13),
	(1771, '2023-11-20 17:35:29.822384', '1058', '/media/products/20231119/other_dMdTvWF.png', 3, '', 30, 13),
	(1772, '2023-11-20 17:35:29.828384', '1057', '/media/products/20231119/other_8X2Uxnx.png', 3, '', 30, 13),
	(1773, '2023-11-20 17:35:29.831416', '1056', '/media/products/20231119/other_VrSOzwl.png', 3, '', 30, 13),
	(1774, '2023-11-20 17:35:29.835496', '1055', '/media/products/20231119/other_1D0PayH.png', 3, '', 30, 13),
	(1775, '2023-11-20 17:35:29.839498', '1054', '/media/products/20231119/other_2luGdTQ.png', 3, '', 30, 13),
	(1776, '2023-11-20 17:35:29.842533', '1053', '/media/products/20231119/other_GJDQZnW.png', 3, '', 30, 13),
	(1777, '2023-11-20 17:35:29.846684', '1052', '/media/products/20231119/other_NQ3eesj.png', 3, '', 30, 13),
	(1778, '2023-11-20 17:35:29.850575', '1051', '/media/products/20231119/other_73fZIs4.png', 3, '', 30, 13),
	(1779, '2023-11-20 17:35:29.854591', '1050', '/media/products/20231119/other_YfS3Uzg.png', 3, '', 30, 13),
	(1780, '2023-11-20 17:35:29.857613', '1049', '/media/products/20231119/other_9BWI17N.png', 3, '', 30, 13),
	(1781, '2023-11-20 17:35:29.861985', '1048', '/media/products/20231119/other_umQcDy1.png', 3, '', 30, 13),
	(1782, '2023-11-20 17:35:29.865020', '1047', '/media/products/20231119/other_luFADko.png', 3, '', 30, 13),
	(1783, '2023-11-20 17:35:29.869845', '1046', '/media/products/20231119/other_XuTTvxy.png', 3, '', 30, 13),
	(1784, '2023-11-20 17:35:29.872844', '1045', '/media/products/20231119/other_RCwWeiL.png', 3, '', 30, 13),
	(1785, '2023-11-20 17:35:29.876845', '1044', '/media/products/20231119/other_juR3kkw.png', 3, '', 30, 13),
	(1786, '2023-11-20 17:35:29.879878', '1043', '/media/products/20231119/other_hKKHu3R.png', 3, '', 30, 13),
	(1787, '2023-11-20 17:35:29.884132', '1042', '/media/products/20231119/other_ZaiTQHW.png', 3, '', 30, 13),
	(1788, '2023-11-20 17:35:29.887127', '1041', '/media/products/20231119/other_NTEFhRa.png', 3, '', 30, 13),
	(1789, '2023-11-20 17:35:29.891127', '1040', '/media/products/20231119/other_MTr8mWg.png', 3, '', 30, 13),
	(1790, '2023-11-20 17:35:29.894166', '1039', '/media/products/20231119/other_MH9OAq0.png', 3, '', 30, 13),
	(1791, '2023-11-20 17:35:29.897164', '1038', '/media/products/20231119/other_bapnWQY.png', 3, '', 30, 13),
	(1792, '2023-11-20 17:35:29.901135', '1037', '/media/products/20231119/other_4cKchcQ.png', 3, '', 30, 13),
	(1793, '2023-11-20 17:35:29.904171', '1036', '/media/products/20231119/other_m7XvMN6.png', 3, '', 30, 13),
	(1794, '2023-11-20 17:35:29.908133', '1035', '/media/products/20231119/other_BllrIEu.png', 3, '', 30, 13),
	(1795, '2023-11-20 17:35:29.911171', '1034', '/media/products/20231119/other_rQxz762.png', 3, '', 30, 13),
	(1796, '2023-11-20 17:35:29.915134', '1033', '/media/products/20231119/other_kcAauU3.png', 3, '', 30, 13),
	(1797, '2023-11-20 17:35:29.917293', '1032', '/media/products/20231119/other_5VGhN3T.png', 3, '', 30, 13),
	(1798, '2023-11-20 17:35:29.917293', '1031', '/media/products/20231119/other_LewcmwV.png', 3, '', 30, 13),
	(1799, '2023-11-20 17:35:29.917293', '1030', '/media/products/20231119/other_JLuMJFg.png', 3, '', 30, 13),
	(1800, '2023-11-20 17:35:29.917293', '1029', '/media/products/20231119/other_has3qXk.png', 3, '', 30, 13),
	(1801, '2023-11-20 17:35:29.917293', '1028', '/media/products/20231119/other_BcQhXIJ.png', 3, '', 30, 13),
	(1802, '2023-11-20 17:35:29.935049', '1027', '/media/products/20231119/other_kjAbkku.png', 3, '', 30, 13),
	(1803, '2023-11-20 17:35:29.939046', '1026', '/media/products/20231119/other_SDn3FUf.png', 3, '', 30, 13),
	(1804, '2023-11-20 17:35:29.942085', '1025', '/media/products/20231119/other_q5ICI07.png', 3, '', 30, 13),
	(1805, '2023-11-20 17:35:29.946048', '1024', '/media/products/20231119/other_uOtQPtS.png', 3, '', 30, 13),
	(1806, '2023-11-20 17:35:29.949094', '1023', '/media/products/20231119/other_dwRhvGM.png', 3, '', 30, 13),
	(1807, '2023-11-20 17:35:29.952923', '1022', '/media/products/20231119/other_xkpE9Bd.png', 3, '', 30, 13),
	(1808, '2023-11-20 17:35:29.955964', '1021', '/media/products/20231119/other_ahMojFG.png', 3, '', 30, 13),
	(1809, '2023-11-20 17:35:29.959926', '1020', '/media/products/20231119/other_nkXQVQc.png', 3, '', 30, 13),
	(1810, '2023-11-20 17:35:29.962933', '1019', '/media/products/20231119/other_tFIAotw.png', 3, '', 30, 13),
	(1811, '2023-11-20 17:35:29.966199', '1018', '/media/products/20231119/other_AUpBaXj.png', 3, '', 30, 13),
	(1812, '2023-11-20 17:35:29.966199', '1017', '/media/products/20231119/other_Wy2Y321.png', 3, '', 30, 13),
	(1813, '2023-11-20 17:35:29.966199', '1016', '/media/products/20231119/other_zsBCJez.png', 3, '', 30, 13),
	(1814, '2023-11-20 17:35:29.966199', '1015', '/media/products/20231119/other_QZhxUrO.png', 3, '', 30, 13),
	(1815, '2023-11-20 17:35:29.966199', '1014', '/media/products/20231119/other_ZeJHBak.png', 3, '', 30, 13),
	(1816, '2023-11-20 17:35:29.982928', '1013', '/media/products/20231119/other_Xdzlvzl.png', 3, '', 30, 13),
	(1817, '2023-11-20 17:35:29.983885', '1012', '/media/products/20231119/other_JqSo6i0.png', 3, '', 30, 13),
	(1818, '2023-11-20 17:35:29.983885', '1011', '/media/products/20231119/other_5oAHIww.png', 3, '', 30, 13),
	(1819, '2023-11-20 17:35:29.983885', '1010', '/media/products/20231119/other_qCB9GRj.png', 3, '', 30, 13),
	(1820, '2023-11-20 17:35:29.983885', '1009', '/media/products/20231119/other_DqLpCPu.png', 3, '', 30, 13),
	(1821, '2023-11-20 17:35:30.001636', '1008', '/media/products/20231119/other_lDDV66i.png', 3, '', 30, 13),
	(1822, '2023-11-20 17:35:30.004668', '1007', '/media/products/20231119/other_kb1EN28.png', 3, '', 30, 13),
	(1823, '2023-11-20 17:35:30.008632', '1006', '/media/products/20231119/other_4SEfL24.png', 3, '', 30, 13),
	(1824, '2023-11-20 17:35:30.011637', '1005', '/media/products/20231119/other_dkx1ozG.png', 3, '', 30, 13),
	(1825, '2023-11-20 17:35:30.015635', '1004', '/media/products/20231119/other_cBZAaIP.png', 3, '', 30, 13),
	(1826, '2023-11-20 17:35:30.019595', '1003', '/media/products/20231119/other_xYnytAQ.png', 3, '', 30, 13),
	(1827, '2023-11-20 17:35:35.418049', '1002', '/media/products/20231119/other_ILSvzVV.png', 3, '', 30, 13),
	(1828, '2023-11-20 17:35:35.426044', '1001', '/media/products/20231119/other_acvGzc0.png', 3, '', 30, 13),
	(1829, '2023-11-20 17:35:35.430049', '1000', '/media/products/20231119/other_9hZeLm6.png', 3, '', 30, 13),
	(1830, '2023-11-20 17:35:35.433705', '999', '/media/products/20231119/other_5Ox8pic.png', 3, '', 30, 13),
	(1831, '2023-11-20 17:35:35.436019', '998', '/media/products/20231119/other_YLpzZx0.png', 3, '', 30, 13),
	(1832, '2023-11-20 17:35:35.436019', '997', '/media/products/20231119/other_9OLbUIS.png', 3, '', 30, 13),
	(1833, '2023-11-20 17:35:35.436019', '996', '/media/products/20231119/other_GL3Tl9N.png', 3, '', 30, 13),
	(1834, '2023-11-20 17:35:35.436019', '995', '/media/products/20231119/other_11Fg5Bs.png', 3, '', 30, 13),
	(1835, '2023-11-20 17:35:35.454225', '994', '/media/products/20231119/other_vEJsmI6.png', 3, '', 30, 13),
	(1836, '2023-11-20 17:35:35.455568', '993', '/media/products/20231119/other_mCxzNg3.png', 3, '', 30, 13),
	(1837, '2023-11-20 17:35:35.455568', '992', '/media/products/20231119/other_TQfCOng.png', 3, '', 30, 13),
	(1838, '2023-11-20 17:35:35.455568', '991', '/media/products/20231119/other_uYzb4P5.png', 3, '', 30, 13),
	(1839, '2023-11-20 17:35:35.468074', '990', '/media/products/20231119/other_QQ5TYEj.png', 3, '', 30, 13),
	(1840, '2023-11-20 17:35:35.468074', '989', '/media/products/20231119/other_GgJaN5I.png', 3, '', 30, 13),
	(1841, '2023-11-20 17:35:35.468074', '988', '/media/products/20231119/other_nA3rFE3.png', 3, '', 30, 13),
	(1842, '2023-11-20 17:35:35.483806', '987', '/media/products/20231119/other_lj9JuZS.png', 3, '', 30, 13),
	(1843, '2023-11-20 17:35:35.487802', '986', '/media/products/20231119/other_A7Ljr5Q.png', 3, '', 30, 13),
	(1844, '2023-11-20 17:35:35.490801', '985', '/media/products/20231119/other_YD9qQEc.png', 3, '', 30, 13),
	(1845, '2023-11-20 17:35:35.493801', '984', '/media/products/20231119/other_mBU5Kto.png', 3, '', 30, 13),
	(1846, '2023-11-20 17:35:35.497803', '983', '/media/products/20231119/other_L1XCFXb.png', 3, '', 30, 13),
	(1847, '2023-11-20 17:35:35.500150', '982', '/media/products/20231119/other_0VhX2Eo.png', 3, '', 30, 13),
	(1848, '2023-11-20 17:35:35.500150', '981', '/media/products/20231119/other_z4VtpoA.png', 3, '', 30, 13),
	(1849, '2023-11-20 17:35:35.500150', '980', '/media/products/20231119/other_WkatlSY.png', 3, '', 30, 13),
	(1850, '2023-11-20 17:35:35.500150', '979', '/media/products/20231119/other_8BuKaNY.png', 3, '', 30, 13),
	(1851, '2023-11-20 17:35:35.500150', '978', '/media/products/20231119/other_ZmSq8QK.png', 3, '', 30, 13),
	(1852, '2023-11-20 17:35:35.516828', '977', '/media/products/20231119/other_jBj0OE2.png', 3, '', 30, 13),
	(1853, '2023-11-20 17:35:35.516828', '976', '/media/products/20231119/other_2MD1Zep.png', 3, '', 30, 13),
	(1854, '2023-11-20 17:35:35.516828', '975', '/media/products/20231119/other_A2Az6ID.png', 3, '', 30, 13),
	(1855, '2023-11-20 17:35:35.516828', '974', '/media/products/20231119/other_vIJuy0N.png', 3, '', 30, 13),
	(1856, '2023-11-20 17:35:35.533510', '973', '/media/products/20231119/other_XYOu5Vb.png', 3, '', 30, 13),
	(1857, '2023-11-20 17:35:35.533510', '972', '/media/products/20231119/other_QWxIFuK.png', 3, '', 30, 13),
	(1858, '2023-11-20 17:35:35.533510', '971', '/media/products/20231119/other_ZbNHXNp.png', 3, '', 30, 13),
	(1859, '2023-11-20 17:35:35.533510', '970', '/media/products/20231119/other_4JEwhwz.png', 3, '', 30, 13),
	(1860, '2023-11-20 17:35:35.533510', '969', '/media/products/20231119/other_iJXLNSX.png', 3, '', 30, 13),
	(1861, '2023-11-20 17:35:35.550276', '968', '/media/products/20231119/other_dNJN7tv.png', 3, '', 30, 13),
	(1862, '2023-11-20 17:35:35.553269', '967', '/media/products/20231119/other_Qo0uqtc.png', 3, '', 30, 13),
	(1863, '2023-11-20 17:35:35.556270', '966', '/media/products/20231119/other_tkKiSHL.png', 3, '', 30, 13),
	(1864, '2023-11-20 17:35:35.560272', '965', '/media/products/20231119/other_6rd1n9r.png', 3, '', 30, 13),
	(1865, '2023-11-20 17:35:35.563273', '964', '/media/products/20231119/other_YwhaskA.png', 3, '', 30, 13),
	(1866, '2023-11-20 17:35:35.566480', '963', '/media/products/20231119/other_g9ncYAo.png', 3, '', 30, 13),
	(1867, '2023-11-20 17:35:35.569546', '962', '/media/products/20231119/other_xlHhhUZ.png', 3, '', 30, 13),
	(1868, '2023-11-20 17:35:35.569546', '961', '/media/products/20231119/other_BTPj9cn.png', 3, '', 30, 13),
	(1869, '2023-11-20 17:35:35.569546', '960', '/media/products/20231119/other_510LQbT.png', 3, '', 30, 13),
	(1870, '2023-11-20 17:35:35.569546', '959', '/media/products/20231119/other_EyYqt2O.png', 3, '', 30, 13),
	(1871, '2023-11-20 17:35:35.584240', '958', '/media/products/20231119/other_UJZuCuA.png', 3, '', 30, 13),
	(1872, '2023-11-20 17:35:35.584240', '957', '/media/products/20231119/other_3sHBPSP.png', 3, '', 30, 13),
	(1873, '2023-11-20 17:35:35.584240', '956', '/media/products/20231119/other_rlAMTHX.png', 3, '', 30, 13),
	(1874, '2023-11-20 17:35:35.584240', '955', '/media/products/20231119/other_AKHZtun.png', 3, '', 30, 13),
	(1875, '2023-11-20 17:35:35.584240', '954', '/media/products/20231119/other_nQRvhAe.png', 3, '', 30, 13),
	(1876, '2023-11-20 17:35:35.600249', '953', '/media/products/20231119/other_49gij8j.png', 3, '', 30, 13),
	(1877, '2023-11-20 17:35:35.600249', '952', '/media/products/20231119/other_RtsC09H.png', 3, '', 30, 13),
	(1878, '2023-11-20 17:35:35.608669', '951', '/media/products/20231119/other_pLpXjFG.png', 3, '', 30, 13),
	(1879, '2023-11-20 17:35:35.611667', '950', '/media/products/20231119/other_pftaDVQ.png', 3, '', 30, 13),
	(1880, '2023-11-20 17:35:35.614667', '949', '/media/products/20231119/other_aPMTD2u.png', 3, '', 30, 13),
	(1881, '2023-11-20 17:35:35.634840', '948', '/media/products/20231119/other_NPo8tC8.png', 3, '', 30, 13),
	(1882, '2023-11-20 17:35:35.643068', '947', '/media/products/20231119/other_axgL3bB.png', 3, '', 30, 13),
	(1883, '2023-11-20 17:35:35.646065', '946', '/media/products/20231119/other_1nkeOk7.png', 3, '', 30, 13),
	(1884, '2023-11-20 17:35:35.649906', '945', '/media/products/20231119/other_5t4Fz21.png', 3, '', 30, 13),
	(1885, '2023-11-20 17:35:35.652944', '944', '/media/products/20231119/other_LdKXWwi.png', 3, '', 30, 13),
	(1886, '2023-11-20 17:35:35.656907', '943', '/media/products/20231119/other_yio6SDC.png', 3, '', 30, 13),
	(1887, '2023-11-20 17:35:35.659946', '942', '/media/products/20231119/other_aZ40PjL.png', 3, '', 30, 13),
	(1888, '2023-11-20 17:35:35.663906', '941', '/media/products/20231119/other_KAW9Hhe.png', 3, '', 30, 13),
	(1889, '2023-11-20 17:35:35.667144', '940', '/media/products/20231119/other_3ZDNCUr.png', 3, '', 30, 13),
	(1890, '2023-11-20 17:35:35.670143', '939', '/media/products/20231119/other_2hbHHa7.png', 3, '', 30, 13),
	(1891, '2023-11-20 17:35:35.674145', '938', '/media/products/20231119/other_0sCJ7cf.png', 3, '', 30, 13),
	(1892, '2023-11-20 17:35:35.677144', '937', '/media/products/20231119/other_602LRGM.png', 3, '', 30, 13),
	(1893, '2023-11-20 17:35:35.682638', '936', '/media/products/20231119/other_h5h43g7.png', 3, '', 30, 13),
	(1894, '2023-11-20 17:35:35.682638', '935', '/media/products/20231119/other_iPoNOlG.png', 3, '', 30, 13),
	(1895, '2023-11-20 17:35:35.682638', '934', '/media/products/20231119/other_qBQx4Wp.png', 3, '', 30, 13),
	(1896, '2023-11-20 17:35:35.682638', '933', '/media/products/20231119/other_7cKyUhe.png', 3, '', 30, 13),
	(1897, '2023-11-20 17:35:35.698265', '932', '/media/products/20231119/other_iUlR5AD.png', 3, '', 30, 13),
	(1898, '2023-11-20 17:35:35.701450', '931', '/media/products/20231119/other_bLyO7RC.png', 3, '', 30, 13),
	(1899, '2023-11-20 17:35:35.705449', '930', '/media/products/20231119/other_54sbk2k.png', 3, '', 30, 13),
	(1900, '2023-11-20 17:35:35.708553', '929', '/media/products/20231119/other_1m22olw.png', 3, '', 30, 13),
	(1901, '2023-11-20 17:35:35.711551', '928', '/media/products/20231119/other_2kxtcKz.png', 3, '', 30, 13),
	(1902, '2023-11-20 17:35:35.715553', '927', '/media/products/20231119/other_ASOxD71.png', 3, '', 30, 13),
	(1903, '2023-11-20 17:35:35.719924', '926', '/media/products/20231119/other_zfu7Bdh.png', 3, '', 30, 13),
	(1904, '2023-11-20 17:35:35.722926', '925', '/media/products/20231119/other_LdaprD0.png', 3, '', 30, 13),
	(1905, '2023-11-20 17:35:35.725923', '924', '/media/products/20231119/other_gMlUbpb.png', 3, '', 30, 13),
	(1906, '2023-11-20 17:35:35.728923', '923', '/media/products/20231119/other_8pde5xq.png', 3, '', 30, 13),
	(1907, '2023-11-20 17:35:35.732928', '922', '/media/products/20231119/other_vJ57m7D.png', 3, '', 30, 13),
	(1908, '2023-11-20 17:35:35.737636', '921', '/media/products/20231119/other_DPPDiA8.png', 3, '', 30, 13),
	(1909, '2023-11-20 17:35:35.740635', '920', '/media/products/20231119/other_Astci8L.png', 3, '', 30, 13),
	(1910, '2023-11-20 17:35:35.743635', '919', '/media/products/20231119/other_lVkNpzJ.png', 3, '', 30, 13),
	(1911, '2023-11-20 17:35:35.747444', '918', '/media/products/20231119/other_yrl3WBW.png', 3, '', 30, 13),
	(1912, '2023-11-20 17:35:35.750907', '917', '/media/products/20231119/other_AhK7Cz3.png', 3, '', 30, 13),
	(1913, '2023-11-20 17:35:35.754906', '916', '/media/products/20231119/other_heGTotG.png', 3, '', 30, 13),
	(1914, '2023-11-20 17:35:35.757908', '915', '/media/products/20231119/other_3RGjg8h.png', 3, '', 30, 13),
	(1915, '2023-11-20 17:35:35.761907', '914', '/media/products/20231119/other_SVikZr2.png', 3, '', 30, 13),
	(1916, '2023-11-20 17:35:35.764905', '913', '/media/products/20231119/other_I9wBuTx.png', 3, '', 30, 13),
	(1917, '2023-11-20 17:35:35.768907', '912', '/media/products/20231119/other_38BD9mT.png', 3, '', 30, 13),
	(1918, '2023-11-20 17:35:35.772907', '911', '/media/products/20231119/other_KVgpTm8.png', 3, '', 30, 13),
	(1919, '2023-11-20 17:35:35.775906', '910', '/media/products/20231119/other_xJiRToI.png', 3, '', 30, 13),
	(1920, '2023-11-20 17:35:35.779906', '909', '/media/products/20231119/other_EXRxPkZ.png', 3, '', 30, 13),
	(1921, '2023-11-20 17:35:35.784467', '908', '/media/products/20231119/other_Cmb41MR.png', 3, '', 30, 13),
	(1922, '2023-11-20 17:35:35.788471', '907', '/media/products/20231119/other_z5lMkYF.png', 3, '', 30, 13),
	(1923, '2023-11-20 17:35:35.792469', '906', '/media/products/20231119/other_m2dTmzI.png', 3, '', 30, 13),
	(1924, '2023-11-20 17:35:35.795658', '905', '/media/products/20231119/other_pQ6Sop0.png', 3, '', 30, 13),
	(1925, '2023-11-20 17:35:35.799446', '904', '/media/products/20231119/other_smCSLIi.png', 3, '', 30, 13),
	(1926, '2023-11-20 17:35:35.803287', '903', '/media/products/20231119/other_ELKQgKX.png', 3, '', 30, 13),
	(1927, '2023-11-20 17:35:41.611061', '902', '/media/products/20231119/other_nGCthL3.png', 3, '', 30, 13),
	(1928, '2023-11-20 17:35:41.616542', '901', '/media/products/20231119/other_9wQLmac.png', 3, '', 30, 13),
	(1929, '2023-11-20 17:35:41.620542', '900', '/media/products/20231119/other_BOeiKbj.png', 3, '', 30, 13),
	(1930, '2023-11-20 17:35:41.623540', '899', '/media/products/20231119/other_swQwLIR.png', 3, '', 30, 13),
	(1931, '2023-11-20 17:35:41.626539', '898', '/media/products/20231119/other_YlVTOY1.png', 3, '', 30, 13),
	(1932, '2023-11-20 17:35:41.627593', '897', '/media/products/20231119/other_aitUTLj.png', 3, '', 30, 13),
	(1933, '2023-11-20 17:35:41.634409', '896', '/media/products/20231119/other_IcEi31p.png', 3, '', 30, 13),
	(1934, '2023-11-20 17:35:41.637403', '895', '/media/products/20231119/other_qvI08v2.png', 3, '', 30, 13),
	(1935, '2023-11-20 17:35:41.640404', '894', '/media/products/20231119/other_eapalbH.png', 3, '', 30, 13),
	(1936, '2023-11-20 17:35:41.644464', '893', '/media/products/20231119/other_xqF9U0v.png', 3, '', 30, 13),
	(1937, '2023-11-20 17:35:41.644464', '892', '/media/products/20231119/other_sH01Htc.png', 3, '', 30, 13),
	(1938, '2023-11-20 17:35:41.654401', '891', '/media/products/20231119/other_PVmdIpK.png', 3, '', 30, 13),
	(1939, '2023-11-20 17:35:41.657402', '890', '/media/products/20231119/other_Y42c2i3.png', 3, '', 30, 13),
	(1940, '2023-11-20 17:35:41.661438', '889', '/media/products/20231119/other_N5CkV0R.png', 3, '', 30, 13),
	(1941, '2023-11-20 17:35:41.661438', '888', '/media/products/20231119/other_JjBzacW.png', 3, '', 30, 13),
	(1942, '2023-11-20 17:35:41.669781', '887', '/media/products/20231119/other_6hbRVyx.png', 3, '', 30, 13),
	(1943, '2023-11-20 17:35:41.673160', '886', '/media/products/20231119/other_6Qe7kMd.png', 3, '', 30, 13),
	(1944, '2023-11-20 17:35:41.675211', '885', '/media/products/20231119/other_GrCE8G6.png', 3, '', 30, 13),
	(1945, '2023-11-20 17:35:41.675211', '884', '/media/products/20231119/other_Hr3uiOM.png', 3, '', 30, 13),
	(1946, '2023-11-20 17:35:41.675211', '883', '/media/products/20231119/other_NZ4lKkW.png', 3, '', 30, 13),
	(1947, '2023-11-20 17:35:41.684663', '882', '/media/products/20231119/other_fAB7cfh.png', 3, '', 30, 13),
	(1948, '2023-11-20 17:35:41.684663', '881', '/media/products/20231119/other_qQ1SOQW.png', 3, '', 30, 13),
	(1949, '2023-11-20 17:35:41.684663', '880', '/media/products/20231119/other_XUtzkvD.png', 3, '', 30, 13),
	(1950, '2023-11-20 17:35:41.684663', '879', '/media/products/20231119/other_NSkPrsK.png', 3, '', 30, 13),
	(1951, '2023-11-20 17:35:41.699530', '878', '/media/products/20231119/other_xnyZFTf.png', 3, '', 30, 13),
	(1952, '2023-11-20 17:35:41.699530', '877', '/media/products/20231119/other_DLkkAj8.png', 3, '', 30, 13),
	(1953, '2023-11-20 17:35:41.699530', '876', '/media/products/20231119/other_6zjeEuu.png', 3, '', 30, 13),
	(1954, '2023-11-20 17:35:41.699530', '875', '/media/products/20231119/other_DLW5Lod.png', 3, '', 30, 13),
	(1955, '2023-11-20 17:35:41.716550', '874', '/media/products/20231119/other_ngyTdQc.png', 3, '', 30, 13),
	(1956, '2023-11-20 17:35:41.716550', '873', '/media/products/20231119/other_wYf7Igw.png', 3, '', 30, 13),
	(1957, '2023-11-20 17:35:41.716550', '872', '/media/products/20231119/other_RHP7da8.png', 3, '', 30, 13),
	(1958, '2023-11-20 17:35:41.716550', '871', '/media/products/20231119/other_079BZ1v.png', 3, '', 30, 13),
	(1959, '2023-11-20 17:35:41.716550', '870', '/media/products/20231119/other_PEda8kx.png', 3, '', 30, 13),
	(1960, '2023-11-20 17:35:41.732849', '869', '/media/products/20231119/other_lhj3coV.png', 3, '', 30, 13),
	(1961, '2023-11-20 17:35:41.732849', '868', '/media/products/20231119/other_f1bPmYC.png', 3, '', 30, 13),
	(1962, '2023-11-20 17:35:41.732849', '867', '/media/products/20231119/other_qwRIssJ.png', 3, '', 30, 13),
	(1963, '2023-11-20 17:35:41.732849', '866', '/media/products/20231119/other_VJJxwZJ.png', 3, '', 30, 13),
	(1964, '2023-11-20 17:35:41.732849', '865', '/media/products/20231119/other_sfEJpR0.png', 3, '', 30, 13),
	(1965, '2023-11-20 17:35:41.750093', '864', '/media/products/20231119/other_xDOMMnl.png', 3, '', 30, 13),
	(1966, '2023-11-20 17:35:41.754088', '863', '/media/products/20231119/other_k089H1C.png', 3, '', 30, 13),
	(1967, '2023-11-20 17:35:41.757088', '862', '/media/products/20231119/other_W6bL3mj.png', 3, '', 30, 13),
	(1968, '2023-11-20 17:35:41.760089', '861', '/media/products/20231119/other_HST05kt.png', 3, '', 30, 13),
	(1969, '2023-11-20 17:35:41.764091', '860', '/media/products/20231119/other_gOp7irZ.png', 3, '', 30, 13),
	(1970, '2023-11-20 17:35:41.767559', '859', '/media/products/20231119/other_wbKJgrP.png', 3, '', 30, 13),
	(1971, '2023-11-20 17:35:41.771559', '858', '/media/products/20231119/other_k4FbWxy.png', 3, '', 30, 13),
	(1972, '2023-11-20 17:35:41.775561', '857', '/media/products/20231119/other_2brKDmv.png', 3, '', 30, 13),
	(1973, '2023-11-20 17:35:41.778581', '856', '/media/products/20231119/other_rAmtSAf.png', 3, '', 30, 13),
	(1974, '2023-11-20 17:35:41.782577', '855', '/media/products/20231119/other_FrLNI4K.png', 3, '', 30, 13),
	(1975, '2023-11-20 17:35:41.783514', '854', '/media/products/20231119/other_sVz0HHI.png', 3, '', 30, 13),
	(1976, '2023-11-20 17:35:41.783514', '853', '/media/products/20231119/other_FAvK8JU.png', 3, '', 30, 13),
	(1977, '2023-11-20 17:35:41.783514', '852', '/media/products/20231119/other_dljPezU.png', 3, '', 30, 13),
	(1978, '2023-11-20 17:35:41.783514', '851', '/media/products/20231119/other_i7ucXVN.png', 3, '', 30, 13),
	(1979, '2023-11-20 17:35:41.798790', '850', '/media/products/20231119/other_3XXPqBJ.png', 3, '', 30, 13),
	(1980, '2023-11-20 17:35:41.799958', '849', '/media/products/20231119/other_p0Ql0H8.png', 3, '', 30, 13),
	(1981, '2023-11-20 17:35:41.799958', '848', '/media/products/20231119/other_6WxeSEe.png', 3, '', 30, 13),
	(1982, '2023-11-20 17:35:41.799958', '847', '/media/products/20231119/other_4O2GGwa.png', 3, '', 30, 13),
	(1983, '2023-11-20 17:35:41.799958', '846', '/media/products/20231119/other_7mkkS0X.png', 3, '', 30, 13),
	(1984, '2023-11-20 17:35:41.815454', '845', '/media/products/20231119/other_c9flde0.png', 3, '', 30, 13),
	(1985, '2023-11-20 17:35:41.816798', '844', '/media/products/20231119/other_gvyb6hf.png', 3, '', 30, 13),
	(1986, '2023-11-20 17:35:41.816798', '843', '/media/products/20231119/other_DImkdPZ.png', 3, '', 30, 13),
	(1987, '2023-11-20 17:35:41.816798', '842', '/media/products/20231119/other_tWWz6qb.png', 3, '', 30, 13),
	(1988, '2023-11-20 17:35:41.816798', '841', '/media/products/20231119/other_RDEMs3w.png', 3, '', 30, 13),
	(1989, '2023-11-20 17:35:41.832094', '840', '/media/products/20231119/other_u9IjmDg.png', 3, '', 30, 13),
	(1990, '2023-11-20 17:35:41.833375', '839', '/media/products/20231119/other_39Sf0MI.png', 3, '', 30, 13),
	(1991, '2023-11-20 17:35:41.833375', '838', '/media/products/20231119/other_rXuxQr0.png', 3, '', 30, 13),
	(1992, '2023-11-20 17:35:41.833375', '837', '/media/products/20231119/other_t98Jtsj.png', 3, '', 30, 13),
	(1993, '2023-11-20 17:35:41.833375', '836', '/media/products/20231119/other_zyjBqa0.png', 3, '', 30, 13),
	(1994, '2023-11-20 17:35:41.851037', '835', '/media/products/20231119/other_pNT3ucO.png', 3, '', 30, 13),
	(1995, '2023-11-20 17:35:41.853975', '834', '/media/products/20231119/other_klggTul.png', 3, '', 30, 13),
	(1996, '2023-11-20 17:35:41.856982', '833', '/media/products/20231119/other_AzJFGCi.png', 3, '', 30, 13),
	(1997, '2023-11-20 17:35:41.860995', '832', '/media/products/20231119/other_iaiS0Je.png', 3, '', 30, 13),
	(1998, '2023-11-20 17:35:41.864988', '831', '/media/products/20231119/other_3bVemQE.png', 3, '', 30, 13),
	(1999, '2023-11-20 17:35:41.868969', '830', '/media/products/20231119/other_kjOGrNP.png', 3, '', 30, 13),
	(2000, '2023-11-20 17:35:41.872612', '829', '/media/products/20231119/other_4FtsDEz.png', 3, '', 30, 13),
	(2001, '2023-11-20 17:35:41.876622', '828', '/media/products/20231119/other_JSdpNuo.png', 3, '', 30, 13),
	(2002, '2023-11-20 17:35:41.880613', '827', '/media/products/20231119/other_1vufEEt.png', 3, '', 30, 13),
	(2003, '2023-11-20 17:35:41.885135', '826', '/media/products/20231119/other_uJYT8U3.png', 3, '', 30, 13),
	(2004, '2023-11-20 17:35:41.888719', '825', '/media/products/20231119/other_Xg23CAA.png', 3, '', 30, 13),
	(2005, '2023-11-20 17:35:41.892572', '824', '/media/products/20231119/other_mgVMhER.png', 3, '', 30, 13),
	(2006, '2023-11-20 17:35:41.896487', '823', '/media/products/20231119/other_cDAFhUx.png', 3, '', 30, 13),
	(2007, '2023-11-20 17:35:41.900571', '822', '/media/products/20231119/other_KOYwQrX.png', 3, '', 30, 13),
	(2008, '2023-11-20 17:35:41.904623', '821', '/media/products/20231119/other_ZXRPe4e.png', 3, '', 30, 13),
	(2009, '2023-11-20 17:35:41.908576', '820', '/media/products/20231119/other_MSjudMw.png', 3, '', 30, 13),
	(2010, '2023-11-20 17:35:41.913060', '819', '/media/products/20231119/other_7YqztEM.png', 3, '', 30, 13),
	(2011, '2023-11-20 17:35:41.916999', '818', '/media/products/20231119/other_AjKkzcM.png', 3, '', 30, 13),
	(2012, '2023-11-20 17:35:41.921002', '817', '/media/products/20231119/other_38dsYSb.png', 3, '', 30, 13),
	(2013, '2023-11-20 17:35:41.925532', '816', '/media/products/20231119/other_AxnBowW.png', 3, '', 30, 13),
	(2014, '2023-11-20 17:35:41.929544', '815', '/media/products/20231119/other_kWqSiIq.png', 3, '', 30, 13),
	(2015, '2023-11-20 17:35:41.932568', '814', '/media/products/20231119/other_C7wS4I2.png', 3, '', 30, 13),
	(2016, '2023-11-20 17:35:41.937061', '813', '/media/products/20231119/other_xRtZ3oC.png', 3, '', 30, 13),
	(2017, '2023-11-20 17:35:41.940231', '812', '/media/products/20231119/other_0KPPorJ.png', 3, '', 30, 13),
	(2018, '2023-11-20 17:35:41.944135', '811', '/media/products/20231119/other_NYXVevp.png', 3, '', 30, 13),
	(2019, '2023-11-20 17:35:41.948059', '810', '/media/products/20231119/other_8g3UGOZ.png', 3, '', 30, 13),
	(2020, '2023-11-20 17:35:41.952805', '809', '/media/products/20231119/other_DBLYQuq.png', 3, '', 30, 13),
	(2021, '2023-11-20 17:35:41.956569', '808', '/media/products/20231119/other_qOpb9OH.png', 3, '', 30, 13),
	(2022, '2023-11-20 17:35:41.960405', '807', '/media/products/20231119/other_ry5wPzu.png', 3, '', 30, 13),
	(2023, '2023-11-20 17:35:41.965401', '806', '/media/products/20231119/other_rZOZWiI.png', 3, '', 30, 13),
	(2024, '2023-11-20 17:35:41.969779', '805', '/media/products/20231119/other_unOZsbU.png', 3, '', 30, 13),
	(2025, '2023-11-20 17:35:41.973298', '804', '/media/products/20231119/other_h74hDAb.png', 3, '', 30, 13),
	(2026, '2023-11-20 17:35:41.977515', '803', '/media/products/20231119/other_S7PXKVA.png', 3, '', 30, 13),
	(2027, '2023-11-20 17:35:47.734332', '802', '/media/products/20231119/other_slxDZID.png', 3, '', 30, 13),
	(2028, '2023-11-20 17:35:47.734332', '801', '/media/products/20231119/other_8dUHFtA.png', 3, '', 30, 13),
	(2029, '2023-11-20 17:35:47.749097', '800', '/media/products/20231119/other_SvHUccp.png', 3, '', 30, 13),
	(2030, '2023-11-20 17:35:47.749097', '799', '/media/products/20231119/other_uynjgNx.png', 3, '', 30, 13),
	(2031, '2023-11-20 17:35:47.749097', '798', '/media/products/20231119/other_KmmSUDg.png', 3, '', 30, 13),
	(2032, '2023-11-20 17:35:47.749097', '797', '/media/products/20231119/other_L0YFj3J.png', 3, '', 30, 13),
	(2033, '2023-11-20 17:35:47.765039', '796', '/media/products/20231119/other_zUN7IK3.png', 3, '', 30, 13),
	(2034, '2023-11-20 17:35:47.766381', '795', '/media/products/20231119/other_Bj83UtD.png', 3, '', 30, 13),
	(2035, '2023-11-20 17:35:47.766381', '794', '/media/products/20231119/other_4MlmYOb.png', 3, '', 30, 13),
	(2036, '2023-11-20 17:35:47.766381', '793', '/media/products/20231119/other_7DY47M0.png', 3, '', 30, 13),
	(2037, '2023-11-20 17:35:47.766381', '792', '/media/products/20231119/other_Qh2Vk5S.png', 3, '', 30, 13),
	(2038, '2023-11-20 17:35:47.782887', '791', '/media/products/20231119/other_SIDU5o5.png', 3, '', 30, 13),
	(2039, '2023-11-20 17:35:47.782887', '790', '/media/products/20231119/other_RdC8kgl.png', 3, '', 30, 13),
	(2040, '2023-11-20 17:35:47.782887', '789', '/media/products/20231119/other_tnKVpL7.png', 3, '', 30, 13),
	(2041, '2023-11-20 17:35:47.782887', '788', '/media/products/20231119/other_RZJsB0L.png', 3, '', 30, 13),
	(2042, '2023-11-20 17:35:47.799919', '787', '/media/products/20231119/other_SXrITFh.png', 3, '', 30, 13),
	(2043, '2023-11-20 17:35:47.799919', '786', '/media/products/20231119/other_q4IUhXW.png', 3, '', 30, 13),
	(2044, '2023-11-20 17:35:47.799919', '785', '/media/products/20231119/other_4pah6ZP.png', 3, '', 30, 13),
	(2045, '2023-11-20 17:35:47.799919', '784', '/media/products/20231119/other_zywarQe.png', 3, '', 30, 13),
	(2046, '2023-11-20 17:35:47.816309', '783', '/media/products/20231119/other_Ki8DHky.png', 3, '', 30, 13),
	(2047, '2023-11-20 17:35:47.816309', '782', '/media/products/20231119/other_30KA3Zp.png', 3, '', 30, 13),
	(2048, '2023-11-20 17:35:47.816309', '781', '/media/products/20231119/other_FCyZgV4.png', 3, '', 30, 13),
	(2049, '2023-11-20 17:35:47.816309', '780', '/media/products/20231119/other_Wy35DG2.png', 3, '', 30, 13),
	(2050, '2023-11-20 17:35:47.816309', '779', '/media/products/20231119/other_7Zz1fzX.png', 3, '', 30, 13),
	(2051, '2023-11-20 17:35:47.834042', '778', '/media/products/20231119/other_Uxi7WKr.png', 3, '', 30, 13),
	(2052, '2023-11-20 17:35:47.837037', '777', '/media/products/20231119/other_Fv8WhE3.png', 3, '', 30, 13),
	(2053, '2023-11-20 17:35:47.840036', '776', '/media/products/20231119/other_gdDNAcD.png', 3, '', 30, 13),
	(2054, '2023-11-20 17:35:47.843036', '775', '/media/products/20231119/other_l6UWCqR.png', 3, '', 30, 13),
	(2055, '2023-11-20 17:35:47.847037', '774', '/media/products/20231119/other_NE5pjKQ.png', 3, '', 30, 13),
	(2056, '2023-11-20 17:35:47.851310', '773', '/media/products/20231119/other_gG1qh8x.png', 3, '', 30, 13),
	(2057, '2023-11-20 17:35:47.854309', '772', '/media/products/20231119/other_vCICqEw.png', 3, '', 30, 13),
	(2058, '2023-11-20 17:35:47.857310', '771', '/media/products/20231119/other_JCVEP8w.png', 3, '', 30, 13),
	(2059, '2023-11-20 17:35:47.860310', '770', '/media/products/20231119/other_Wbz5IAp.png', 3, '', 30, 13),
	(2060, '2023-11-20 17:35:47.863309', '769', '/media/products/20231119/other_FV5qJuy.png', 3, '', 30, 13),
	(2061, '2023-11-20 17:35:47.867412', '768', '/media/products/20231119/other_lNmK8pv.png', 3, '', 30, 13),
	(2062, '2023-11-20 17:35:47.870621', '767', '/media/products/20231119/other_Ea3A0UG.png', 3, '', 30, 13),
	(2063, '2023-11-20 17:35:47.870621', '766', '/media/products/20231119/other_0PMSYOV.png', 3, '', 30, 13),
	(2064, '2023-11-20 17:35:47.870621', '765', '/media/products/20231119/other_0hKnSwv.png', 3, '', 30, 13),
	(2065, '2023-11-20 17:35:47.881684', '764', '/media/products/20231119/other_4KTBUDM.png', 3, '', 30, 13),
	(2066, '2023-11-20 17:35:47.885681', '763', '/media/products/20231119/other_yGGyyHe.png', 3, '', 30, 13),
	(2067, '2023-11-20 17:35:47.889683', '762', '/media/products/20231119/other_NByOYJW.png', 3, '', 30, 13),
	(2068, '2023-11-20 17:35:47.891699', '761', '/media/products/20231119/other_nZzKKEa.png', 3, '', 30, 13),
	(2069, '2023-11-20 17:35:47.891699', '760', '/media/products/20231119/other_dQbG0N3.png', 3, '', 30, 13),
	(2070, '2023-11-20 17:35:47.899543', '759', '/media/products/20231119/other_7c6qnNk.png', 3, '', 30, 13),
	(2071, '2023-11-20 17:35:47.899543', '758', '/media/products/20231119/other_Afo8Vgo.png', 3, '', 30, 13),
	(2072, '2023-11-20 17:35:47.899543', '757', '/media/products/20231119/other_VBjzUUk.png', 3, '', 30, 13),
	(2073, '2023-11-20 17:35:47.917000', '756', '/media/products/20231119/other_tmITYs7.png', 3, '', 30, 13),
	(2074, '2023-11-20 17:35:47.921002', '755', '/media/products/20231119/other_NyabOSs.png', 3, '', 30, 13),
	(2075, '2023-11-20 17:35:47.924999', '754', '/media/products/20231119/other_K6zXoeM.png', 3, '', 30, 13),
	(2076, '2023-11-20 17:35:47.927998', '753', '/media/products/20231119/other_umtDbFO.png', 3, '', 30, 13),
	(2077, '2023-11-20 17:35:47.930997', '752', '/media/products/20231119/other_a2zR7AA.png', 3, '', 30, 13),
	(2078, '2023-11-20 17:35:47.937161', '751', '/media/products/20231119/other_hSCF8VQ.png', 3, '', 30, 13),
	(2079, '2023-11-20 17:35:47.940159', '750', '/media/products/20231119/other_gg0wfOC.png', 3, '', 30, 13),
	(2080, '2023-11-20 17:35:47.943160', '749', '/media/products/20231119/other_5mNICn5.png', 3, '', 30, 13),
	(2081, '2023-11-20 17:35:47.947006', '748', '/media/products/20231119/other_wl3CYOe.png', 3, '', 30, 13),
	(2082, '2023-11-20 17:35:47.950853', '747', '/media/products/20231119/other_nLl3m0d.png', 3, '', 30, 13),
	(2083, '2023-11-20 17:35:47.953851', '746', '/media/products/20231119/other_SyjD4yB.png', 3, '', 30, 13),
	(2084, '2023-11-20 17:35:47.956851', '745', '/media/products/20231119/other_PoJQqx0.png', 3, '', 30, 13),
	(2085, '2023-11-20 17:35:47.960850', '744', '/media/products/20231119/other_dEO72nd.png', 3, '', 30, 13),
	(2086, '2023-11-20 17:35:47.963851', '743', '/media/products/20231119/other_WZEUh8f.png', 3, '', 30, 13),
	(2087, '2023-11-20 17:35:47.967897', '742', '/media/products/20231119/other_Wl4IWHv.png', 3, '', 30, 13),
	(2088, '2023-11-20 17:35:47.970897', '741', '/media/products/20231119/other_hSyV9B5.png', 3, '', 30, 13),
	(2089, '2023-11-20 17:35:47.975277', '740', '/media/products/20231119/other_RGnlG7Y.png', 3, '', 30, 13),
	(2090, '2023-11-20 17:35:47.978274', '739', '/media/products/20231119/other_KKs7or7.png', 3, '', 30, 13),
	(2091, '2023-11-20 17:35:47.982282', '738', '/media/products/20231119/other_s24KFnR.png', 3, '', 30, 13),
	(2092, '2023-11-20 17:35:47.985928', '737', '/media/products/20231119/other_V2dtYoN.png', 3, '', 30, 13),
	(2093, '2023-11-20 17:35:47.988927', '736', '/media/products/20231119/other_9Vz4utj.png', 3, '', 30, 13),
	(2094, '2023-11-20 17:35:47.992929', '735', '/media/products/20231119/other_gj79vmJ.png', 3, '', 30, 13),
	(2095, '2023-11-20 17:35:47.995924', '734', '/media/products/20231119/other_uCrViKV.png', 3, '', 30, 13),
	(2096, '2023-11-20 17:35:47.999352', '733', '/media/products/20231119/other_mGF36iO.png', 3, '', 30, 13),
	(2097, '2023-11-20 17:35:48.003354', '732', '/media/products/20231119/other_lyFln67.png', 3, '', 30, 13),
	(2098, '2023-11-20 17:35:48.006352', '731', '/media/products/20231119/other_I4tf04r.png', 3, '', 30, 13),
	(2099, '2023-11-20 17:35:48.009353', '730', '/media/products/20231119/other_ah2jR9e.png', 3, '', 30, 13),
	(2100, '2023-11-20 17:35:48.013354', '729', '/media/products/20231119/other_eVq9O6h.png', 3, '', 30, 13),
	(2101, '2023-11-20 17:35:48.016616', '728', '/media/products/20231119/other_eyqZsij.png', 3, '', 30, 13),
	(2102, '2023-11-20 17:35:48.019611', '727', '/media/products/20231119/other_pfDSDUl.png', 3, '', 30, 13),
	(2103, '2023-11-20 17:35:48.023116', '726', '/media/products/20231119/other_J5lRcA2.png', 3, '', 30, 13),
	(2104, '2023-11-20 17:35:48.026117', '725', '/media/products/20231119/other_2qdFs6n.png', 3, '', 30, 13),
	(2105, '2023-11-20 17:35:48.029116', '724', '/media/products/20231119/other_6VXFMrQ.png', 3, '', 30, 13),
	(2106, '2023-11-20 17:35:48.033119', '723', '/media/products/20231119/other_FbRK2Qv.png', 3, '', 30, 13),
	(2107, '2023-11-20 17:35:48.036117', '722', '/media/products/20231119/other_Uluf6wH.png', 3, '', 30, 13),
	(2108, '2023-11-20 17:35:48.039118', '721', '/media/products/20231119/other_acv8VQr.png', 3, '', 30, 13),
	(2109, '2023-11-20 17:35:48.043118', '720', '/media/products/20231119/other_4rsymrM.png', 3, '', 30, 13),
	(2110, '2023-11-20 17:35:48.046116', '719', '/media/products/20231119/other_xD5Z59i.png', 3, '', 30, 13),
	(2111, '2023-11-20 17:35:48.050178', '718', '/media/products/20231119/other_jpkJc87.png', 3, '', 30, 13),
	(2112, '2023-11-20 17:35:48.053181', '717', '/media/products/20231119/other_TDA1hkz.png', 3, '', 30, 13),
	(2113, '2023-11-20 17:35:48.056176', '716', '/media/products/20231119/other_SvoXsAL.png', 3, '', 30, 13),
	(2114, '2023-11-20 17:35:48.060179', '715', '/media/products/20231119/other_h3QAmtG.png', 3, '', 30, 13),
	(2115, '2023-11-20 17:35:48.063177', '714', '/media/products/20231119/other_ESFAwBd.png', 3, '', 30, 13),
	(2116, '2023-11-20 17:35:48.066270', '713', '/media/products/20231119/other_5pn3eVa.png', 3, '', 30, 13),
	(2117, '2023-11-20 17:35:48.069269', '712', '/media/products/20231119/other_ureZfL3.png', 3, '', 30, 13),
	(2118, '2023-11-20 17:35:48.073271', '711', '/media/products/20231119/other_xx8Mr18.png', 3, '', 30, 13),
	(2119, '2023-11-20 17:35:48.076270', '710', '/media/products/20231119/other_2LJQjFM.png', 3, '', 30, 13),
	(2120, '2023-11-20 17:35:48.079270', '709', '/media/products/20231119/other_yn6g9yd.png', 3, '', 30, 13),
	(2121, '2023-11-20 17:35:48.082849', '708', '/media/products/20231119/other_geXrL8w.png', 3, '', 30, 13),
	(2122, '2023-11-20 17:35:48.082849', '707', '/media/products/20231119/other_g0VS6So.png', 3, '', 30, 13),
	(2123, '2023-11-20 17:35:48.082849', '706', '/media/products/20231119/other_qUkt0Et.png', 3, '', 30, 13),
	(2124, '2023-11-20 17:35:48.082849', '705', '/media/products/20231119/other_LMQGb1a.png', 3, '', 30, 13),
	(2125, '2023-11-20 17:35:48.082849', '704', '/media/products/20231119/other_gniVNwx.png', 3, '', 30, 13),
	(2126, '2023-11-20 17:35:48.098471', '703', '/media/products/20231119/other_Wvof3lA.png', 3, '', 30, 13),
	(2127, '2023-11-20 17:35:56.329987', '702', '/media/products/20231119/other_9XqBs79.png', 3, '', 30, 13),
	(2128, '2023-11-20 17:35:56.349108', '701', '/media/products/20231119/other_2gxyu50.png', 3, '', 30, 13),
	(2129, '2023-11-20 17:35:56.349108', '700', '/media/products/20231119/other_Yzv9SPJ.png', 3, '', 30, 13),
	(2130, '2023-11-20 17:35:56.349108', '699', '/media/products/20231119/other_icfCuUJ.png', 3, '', 30, 13),
	(2131, '2023-11-20 17:35:56.349108', '698', '/media/products/20231119/other_FX4YvNO.png', 3, '', 30, 13),
	(2132, '2023-11-20 17:35:56.364745', '697', '/media/products/20231119/other_EWNHu5X.png', 3, '', 30, 13),
	(2133, '2023-11-20 17:35:56.364745', '696', '/media/products/20231119/other_yKXMYkD.png', 3, '', 30, 13),
	(2134, '2023-11-20 17:35:56.364745', '695', '/media/products/20231119/other_h9QTSSn.png', 3, '', 30, 13),
	(2135, '2023-11-20 17:35:56.364745', '694', '/media/products/20231119/other_Y6Jh2C0.png', 3, '', 30, 13),
	(2136, '2023-11-20 17:35:56.378842', '693', '/media/products/20231119/other_QsYQlSa.png', 3, '', 30, 13),
	(2137, '2023-11-20 17:35:56.382305', '692', '/media/products/20231119/other_cLeFcnb.png', 3, '', 30, 13),
	(2138, '2023-11-20 17:35:56.386301', '691', '/media/products/20231119/other_ag6dNk7.png', 3, '', 30, 13),
	(2139, '2023-11-20 17:35:56.391306', '690', '/media/products/20231119/other_ADv2iZl.png', 3, '', 30, 13),
	(2140, '2023-11-20 17:35:56.396301', '689', '/media/products/20231119/other_Qslp2iP.png', 3, '', 30, 13),
	(2141, '2023-11-20 17:35:56.400382', '688', '/media/products/20231119/other_Vl7SazU.png', 3, '', 30, 13),
	(2142, '2023-11-20 17:35:56.410529', '687', '/media/products/20231119/other_1p0KWNq.png', 3, '', 30, 13),
	(2143, '2023-11-20 17:35:56.416707', '686', '/media/products/20231119/other_OA4ldBI.png', 3, '', 30, 13),
	(2144, '2023-11-20 17:35:56.420706', '685', '/media/products/20231119/other_QgmcBkU.png', 3, '', 30, 13),
	(2145, '2023-11-20 17:35:56.426707', '684', '/media/products/20231119/other_Xq8gXBp.png', 3, '', 30, 13),
	(2146, '2023-11-20 17:35:56.430897', '683', '/media/products/20231119/other_VbhOMkN.png', 3, '', 30, 13),
	(2147, '2023-11-20 17:35:56.434899', '682', '/media/products/20231119/other_ZBX4yfB.png', 3, '', 30, 13),
	(2148, '2023-11-20 17:35:56.437897', '681', '/media/products/20231119/other_g05VPbZ.png', 3, '', 30, 13),
	(2149, '2023-11-20 17:35:56.440903', '680', '/media/products/20231119/other_s0yV4ra.png', 3, '', 30, 13),
	(2150, '2023-11-20 17:35:56.444900', '679', '/media/products/20231119/other_CqixIUq.png', 3, '', 30, 13),
	(2151, '2023-11-20 17:35:56.447899', '678', '/media/products/20231119/other_90CC4FD.png', 3, '', 30, 13),
	(2152, '2023-11-20 17:35:56.451899', '677', '/media/products/20231119/other_Z35jEEB.png', 3, '', 30, 13),
	(2153, '2023-11-20 17:35:56.454900', '676', '/media/products/20231119/other_tEvyv6z.png', 3, '', 30, 13),
	(2154, '2023-11-20 17:35:56.458902', '675', '/media/products/20231119/other_9zuRHYO.png', 3, '', 30, 13),
	(2155, '2023-11-20 17:35:56.461900', '674', '/media/products/20231119/other_esH4oQs.png', 3, '', 30, 13),
	(2156, '2023-11-20 17:35:56.467155', '673', '/media/products/20231119/other_uTSHZPm.png', 3, '', 30, 13),
	(2157, '2023-11-20 17:35:56.470158', '672', '/media/products/20231119/other_246xW3o.png', 3, '', 30, 13),
	(2158, '2023-11-20 17:35:56.474155', '671', '/media/products/20231119/other_mWZNScZ.png', 3, '', 30, 13),
	(2159, '2023-11-20 17:35:56.477154', '670', '/media/products/20231119/other_7GnFq2H.png', 3, '', 30, 13),
	(2160, '2023-11-20 17:35:56.479317', '669', '/media/products/20231119/other_qyN7N2a.png', 3, '', 30, 13),
	(2161, '2023-11-20 17:35:56.483193', '668', '/media/products/20231119/other_bQQkDZN.png', 3, '', 30, 13),
	(2162, '2023-11-20 17:35:56.486204', '667', '/media/products/20231119/other_Tlqkmzs.png', 3, '', 30, 13),
	(2163, '2023-11-20 17:35:56.489203', '666', '/media/products/20231119/other_kCsVuzf.png', 3, '', 30, 13),
	(2164, '2023-11-20 17:35:56.491951', '665', '/media/products/20231119/other_e8CdxpB.png', 3, '', 30, 13),
	(2165, '2023-11-20 17:35:56.494963', '664', '/media/products/20231119/other_6yPZ5Qb.png', 3, '', 30, 13),
	(2166, '2023-11-20 17:35:56.498953', '663', '/media/products/20231119/other_InueYXY.png', 3, '', 30, 13),
	(2167, '2023-11-20 17:35:56.501970', '662', '/media/products/20231119/other_dYtOKtv.png', 3, '', 30, 13),
	(2168, '2023-11-20 17:35:56.504952', '661', '/media/products/20231119/other_AYDDK2L.png', 3, '', 30, 13),
	(2169, '2023-11-20 17:35:56.507973', '660', '/media/products/20231119/other_ED17Dom.png', 3, '', 30, 13),
	(2170, '2023-11-20 17:35:56.510962', '659', '/media/products/20231119/other_rxYF4s9.png', 3, '', 30, 13),
	(2171, '2023-11-20 17:35:56.513950', '658', '/media/products/20231119/other_unViwq0.png', 3, '', 30, 13),
	(2172, '2023-11-20 17:35:56.517952', '657', '/media/products/20231119/other_aYoM0m0.png', 3, '', 30, 13),
	(2173, '2023-11-20 17:35:56.520965', '656', '/media/products/20231119/other_A6ro0lN.png', 3, '', 30, 13),
	(2174, '2023-11-20 17:35:56.523952', '655', '/media/products/20231119/other_1iBnTku.png', 3, '', 30, 13),
	(2175, '2023-11-20 17:35:56.525962', '654', '/media/products/20231119/other_VvtUnZo.png', 3, '', 30, 13),
	(2176, '2023-11-20 17:35:56.528962', '653', '/media/products/20231119/other_ta1Ey7V.png', 3, '', 30, 13),
	(2177, '2023-11-20 17:35:56.532143', '652', '/media/products/20231119/other_gL6ZbQj.png', 3, '', 30, 13),
	(2178, '2023-11-20 17:35:56.536089', '651', '/media/products/20231119/other_xkgiCoq.png', 3, '', 30, 13),
	(2179, '2023-11-20 17:35:56.539095', '650', '/media/products/20231119/other_Librfmh.png', 3, '', 30, 13),
	(2180, '2023-11-20 17:35:56.542077', '649', '/media/products/20231119/other_Ebcdnn7.png', 3, '', 30, 13),
	(2181, '2023-11-20 17:35:56.545791', '648', '/media/products/20231119/other_ONrq51I.png', 3, '', 30, 13),
	(2182, '2023-11-20 17:35:56.549160', '647', '/media/products/20231119/other_TwuUxim.png', 3, '', 30, 13),
	(2183, '2023-11-20 17:35:56.553918', '646', '/media/products/20231119/other_nGJOTjN.png', 3, '', 30, 13),
	(2184, '2023-11-20 17:35:56.557917', '645', '/media/products/20231119/other_Mlfm9Nb.png', 3, '', 30, 13),
	(2185, '2023-11-20 17:35:56.561917', '644', '/media/products/20231119/other_ejR59Xe.png', 3, '', 30, 13),
	(2186, '2023-11-20 17:35:56.565782', '643', '/media/products/20231119/other_BQzSqCq.png', 3, '', 30, 13),
	(2187, '2023-11-20 17:35:56.568778', '642', '/media/products/20231119/other_46btro2.png', 3, '', 30, 13),
	(2188, '2023-11-20 17:35:56.572919', '641', '/media/products/20231119/other_jYxI4OZ.png', 3, '', 30, 13),
	(2189, '2023-11-20 17:35:56.576656', '640', '/media/products/20231119/other_rSwPmDR.png', 3, '', 30, 13),
	(2190, '2023-11-20 17:35:56.581497', '639', '/media/products/20231119/other_RRmJRMO.png', 3, '', 30, 13),
	(2191, '2023-11-20 17:35:56.584605', '638', '/media/products/20231119/other_hfumFFV.png', 3, '', 30, 13),
	(2192, '2023-11-20 17:35:56.588600', '637', '/media/products/20231119/other_n6ThBwh.png', 3, '', 30, 13),
	(2193, '2023-11-20 17:35:56.592561', '636', '/media/products/20231119/other_N7gih83.png', 3, '', 30, 13),
	(2194, '2023-11-20 17:35:56.596195', '635', '/media/products/20231119/other_79TspqD.png', 3, '', 30, 13),
	(2195, '2023-11-20 17:35:56.597735', '634', '/media/products/20231119/other_VuGWgnt.png', 3, '', 30, 13),
	(2196, '2023-11-20 17:35:56.597735', '633', '/media/products/20231119/other_WBmrMRU.png', 3, '', 30, 13),
	(2197, '2023-11-20 17:35:56.597735', '632', '/media/products/20231119/other_9HC242N.png', 3, '', 30, 13),
	(2198, '2023-11-20 17:35:56.597735', '631', '/media/products/20231119/other_PX1So1u.png', 3, '', 30, 13),
	(2199, '2023-11-20 17:35:56.615832', '630', '/media/products/20231119/other_mvzoy5H.png', 3, '', 30, 13),
	(2200, '2023-11-20 17:35:56.615832', '629', '/media/products/20231119/other_BOPNAbR.png', 3, '', 30, 13),
	(2201, '2023-11-20 17:35:56.615832', '628', '/media/products/20231119/other_yXwB6Hm.png', 3, '', 30, 13),
	(2202, '2023-11-20 17:35:56.615832', '627', '/media/products/20231119/other_2GG6ST2.png', 3, '', 30, 13),
	(2203, '2023-11-20 17:35:56.638247', '626', '/media/products/20231119/other_BVig61A.png', 3, '', 30, 13),
	(2204, '2023-11-20 17:35:56.646795', '625', '/media/products/20231119/other_xH6VlCt.png', 3, '', 30, 13),
	(2205, '2023-11-20 17:35:56.653931', '624', '/media/products/20231119/other_SUTPOWN.png', 3, '', 30, 13),
	(2206, '2023-11-20 17:35:56.658057', '623', '/media/products/20231119/other_1l4707i.png', 3, '', 30, 13),
	(2207, '2023-11-20 17:35:56.662593', '622', '/media/products/20231119/other_lSk2slR.png', 3, '', 30, 13),
	(2208, '2023-11-20 17:35:56.664547', '621', '/media/products/20231119/other_4ju5h3S.png', 3, '', 30, 13),
	(2209, '2023-11-20 17:35:56.664547', '620', '/media/products/20231119/other_C5j6NI0.png', 3, '', 30, 13),
	(2210, '2023-11-20 17:35:56.664547', '619', '/media/products/20231119/other_nY1efS1.png', 3, '', 30, 13),
	(2211, '2023-11-20 17:35:56.664547', '618', '/media/products/20231119/other_wOQ8vvY.png', 3, '', 30, 13),
	(2212, '2023-11-20 17:35:56.682590', '617', '/media/products/20231119/other_zbuPm5r.png', 3, '', 30, 13),
	(2213, '2023-11-20 17:35:56.682590', '616', '/media/products/20231119/other_ytFKv4d.png', 3, '', 30, 13),
	(2214, '2023-11-20 17:35:56.682590', '615', '/media/products/20231119/other_4n9eK6L.png', 3, '', 30, 13),
	(2215, '2023-11-20 17:35:56.682590', '614', '/media/products/20231119/other_dbL9ngz.png', 3, '', 30, 13),
	(2216, '2023-11-20 17:35:56.698246', '613', '/media/products/20231119/other_07D3McY.png', 3, '', 30, 13),
	(2217, '2023-11-20 17:35:56.702767', '612', '/media/products/20231119/other_MfJl1dZ.png', 3, '', 30, 13),
	(2218, '2023-11-20 17:35:56.707384', '611', '/media/products/20231119/other_24dFx30.png', 3, '', 30, 13),
	(2219, '2023-11-20 17:35:56.710548', '610', '/media/products/20231119/other_j5NGLFw.png', 3, '', 30, 13),
	(2220, '2023-11-20 17:35:56.714408', '609', '/media/products/20231119/other_vZBk90Q.png', 3, '', 30, 13),
	(2221, '2023-11-20 17:35:56.718725', '608', '/media/products/20231119/other_Eg4wJiR.png', 3, '', 30, 13),
	(2222, '2023-11-20 17:35:56.722561', '607', '/media/products/20231119/other_KnF6QQJ.png', 3, '', 30, 13),
	(2223, '2023-11-20 17:35:56.726532', '606', '/media/products/20231119/other_1A35S2U.png', 3, '', 30, 13),
	(2224, '2023-11-20 17:35:56.730367', '605', '/media/products/20231119/other_NO0QpJS.png', 3, '', 30, 13),
	(2225, '2023-11-20 17:35:56.731996', '604', '/media/products/20231119/other_psCXYzE.png', 3, '', 30, 13),
	(2226, '2023-11-20 17:35:56.731996', '603', '/media/products/20231119/other_TRMybVw.png', 3, '', 30, 13),
	(2227, '2023-11-20 17:35:56.731996', '602', '/media/products/20231119/other_iXBzc7L.png', 3, '', 30, 13),
	(2228, '2023-11-20 17:35:56.731996', '601', '/media/products/20231119/other_ZtMcyNN.png', 3, '', 30, 13),
	(2229, '2023-11-20 17:35:56.749037', '600', '/media/products/20231119/other_CYVzD3D.png', 3, '', 30, 13),
	(2230, '2023-11-20 17:35:56.749037', '599', '/media/products/20231119/other_dkh86yu.png', 3, '', 30, 13),
	(2231, '2023-11-20 17:35:56.749037', '598', '/media/products/20231119/other_8eibYI1.png', 3, '', 30, 13),
	(2232, '2023-11-20 17:35:56.749037', '597', '/media/products/20231119/other_840vwL0.png', 3, '', 30, 13),
	(2233, '2023-11-20 17:35:56.765642', '596', '/media/products/20231119/other_zOdsuYN.png', 3, '', 30, 13),
	(2234, '2023-11-20 17:35:56.770292', '595', '/media/products/20231119/other_dSpeRWu.png', 3, '', 30, 13),
	(2235, '2023-11-20 17:35:56.774291', '594', '/media/products/20231119/other_aTPsdIt.png', 3, '', 30, 13),
	(2236, '2023-11-20 17:35:56.778292', '593', '/media/products/20231119/other_LZhGACM.png', 3, '', 30, 13),
	(2237, '2023-11-20 17:35:56.781692', '592', '/media/products/20231119/other_CHwVun8.png', 3, '', 30, 13),
	(2238, '2023-11-20 17:35:56.785630', '591', '/media/products/20231119/other_mg98BTX.png', 3, '', 30, 13),
	(2239, '2023-11-20 17:35:56.789622', '590', '/media/products/20231119/other_Ipzafdg.png', 3, '', 30, 13),
	(2240, '2023-11-20 17:35:56.793455', '589', '/media/products/20231119/other_vwlbDea.png', 3, '', 30, 13),
	(2241, '2023-11-20 17:35:56.797766', '588', '/media/products/20231119/other_43Qno1s.png', 3, '', 30, 13),
	(2242, '2023-11-20 17:35:56.798821', '587', '/media/products/20231119/other_rV3YYlB.png', 3, '', 30, 13),
	(2243, '2023-11-20 17:35:56.798821', '586', '/media/products/20231119/other_HBqfEmt.png', 3, '', 30, 13),
	(2244, '2023-11-20 17:35:56.798821', '585', '/media/products/20231119/other_kH01r4z.png', 3, '', 30, 13),
	(2245, '2023-11-20 17:35:56.798821', '584', '/media/products/20231119/other_1ZytHF6.png', 3, '', 30, 13),
	(2246, '2023-11-20 17:35:56.815788', '583', '/media/products/20231119/other_aAWU9kv.png', 3, '', 30, 13),
	(2247, '2023-11-20 17:35:56.815788', '582', '/media/products/20231119/other_QmgBCZz.png', 3, '', 30, 13),
	(2248, '2023-11-20 17:35:56.815788', '581', '/media/products/20231119/other_avb7BpO.png', 3, '', 30, 13),
	(2249, '2023-11-20 17:35:56.815788', '580', '/media/products/20231119/other_8rMGKZQ.png', 3, '', 30, 13),
	(2250, '2023-11-20 17:35:56.815788', '579', '/media/products/20231119/other_F0dFPk5.png', 3, '', 30, 13),
	(2251, '2023-11-20 17:35:56.834562', '578', '/media/products/20231119/other_UVBizNL.png', 3, '', 30, 13),
	(2252, '2023-11-20 17:35:56.839110', '577', '/media/products/20231119/other_gX9hUMK.png', 3, '', 30, 13),
	(2253, '2023-11-20 17:35:56.842266', '576', '/media/products/20231119/other_YExIAVB.png', 3, '', 30, 13),
	(2254, '2023-11-20 17:35:56.846268', '575', '/media/products/20231119/other_TcnyePO.png', 3, '', 30, 13),
	(2255, '2023-11-20 17:35:56.851200', '574', '/media/products/20231119/other_QwO4NNt.png', 3, '', 30, 13),
	(2256, '2023-11-20 17:35:56.854836', '573', '/media/products/20231119/other_VCy6nln.png', 3, '', 30, 13),
	(2257, '2023-11-20 17:35:56.858837', '572', '/media/products/20231119/other_Lfs8RdE.png', 3, '', 30, 13),
	(2258, '2023-11-20 17:35:56.862857', '571', '/media/products/20231119/other_jPb5R08.png', 3, '', 30, 13),
	(2259, '2023-11-20 17:35:56.864980', '570', '/media/products/20231119/other_BkxxT6V.png', 3, '', 30, 13),
	(2260, '2023-11-20 17:35:56.864980', '569', '/media/products/20231119/other.png', 3, '', 30, 13),
	(2261, '2023-11-20 17:35:56.864980', '568', '/media/products/20231119/other_ykNLPvL.png', 3, '', 30, 13),
	(2262, '2023-11-20 17:35:56.864980', '567', '/media/products/20231119/other_OcwJoJ4.png', 3, '', 30, 13),
	(2263, '2023-11-20 17:35:56.880629', '566', '/media/products/20231119/other_VdDHhOf.png', 3, '', 30, 13),
	(2264, '2023-11-20 17:35:56.886981', '565', '/media/products/20231119/other_XZeoRdA.png', 3, '', 30, 13),
	(2265, '2023-11-20 17:35:56.890842', '564', '/media/products/20231119/other_zt2e6Q0.png', 3, '', 30, 13),
	(2266, '2023-11-20 17:35:56.894805', '563', '/media/products/20231119/other_IvrkB8I.png', 3, '', 30, 13),
	(2267, '2023-11-20 17:35:56.898803', '562', '/media/products/20231119/other_Mr0DvLU.png', 3, '', 30, 13),
	(2268, '2023-11-20 17:35:56.902340', '561', '/media/products/20231119/other_ffu0XQh.png', 3, '', 30, 13),
	(2269, '2023-11-20 17:35:56.906443', '560', '/media/products/20231119/other_xCxIgdo.png', 3, '', 30, 13),
	(2270, '2023-11-20 17:35:56.910462', '559', '/media/products/20231119/other_znNA2Kr.png', 3, '', 30, 13),
	(2271, '2023-11-20 17:35:56.915309', '558', '/media/products/20231119/other_4BDp4FJ.png', 3, '', 30, 13),
	(2272, '2023-11-20 17:35:56.918441', '557', '/media/products/20231119/other_NhtLQKF.png', 3, '', 30, 13),
	(2273, '2023-11-20 17:35:56.922889', '556', '/media/products/20231119/other_xsq6UHT.png', 3, '', 30, 13),
	(2274, '2023-11-20 17:35:56.926605', '555', '/media/products/20231119/other_ILQmmFI.png', 3, '', 30, 13),
	(2275, '2023-11-20 17:35:56.931446', '554', '/media/products/20231119/other_KlAxO61.png', 3, '', 30, 13),
	(2276, '2023-11-20 17:35:56.935440', '553', '/media/products/20231119/other_a38x4SD.png', 3, '', 30, 13),
	(2277, '2023-11-20 17:35:56.939443', '552', '/media/products/20231119/other_qVxpLMD.png', 3, '', 30, 13),
	(2278, '2023-11-20 17:35:56.943081', '551', '/media/products/20231119/other_jSZG0fN.png', 3, '', 30, 13),
	(2279, '2023-11-20 17:35:56.946727', '550', '/media/products/20231119/other_RYB89cq.png', 3, '', 30, 13),
	(2280, '2023-11-20 17:35:56.949674', '549', '/media/products/20231119/other_uihsRPw.png', 3, '', 30, 13),
	(2281, '2023-11-20 17:35:56.949674', '548', '/media/products/20231119/other_EchQlFV.png', 3, '', 30, 13),
	(2282, '2023-11-20 17:35:56.949674', '547', '/media/products/20231119/other_Zl9X5f0.png', 3, '', 30, 13),
	(2283, '2023-11-20 17:35:56.949674', '546', '/media/products/20231119/other_IprZb1j.png', 3, '', 30, 13),
	(2284, '2023-11-20 17:35:56.949674', '545', '/media/products/20231119/other_Xkpbzxw.png', 3, '', 30, 13),
	(2285, '2023-11-20 17:35:56.965522', '544', '/media/products/20231119/other_wM9Ftu3.png', 3, '', 30, 13),
	(2286, '2023-11-20 17:35:56.968108', '543', '/media/products/20231119/other_635Nc2q.png', 3, '', 30, 13),
	(2287, '2023-11-20 17:35:56.972311', '542', '/media/products/20231119/other_cd53u5c.png', 3, '', 30, 13),
	(2288, '2023-11-20 17:35:56.976302', '541', '/media/products/20231119/other_Tv5aJnw.png', 3, '', 30, 13),
	(2289, '2023-11-20 17:35:56.980234', '540', '/media/products/20231119/other_o7WsaQv.png', 3, '', 30, 13),
	(2290, '2023-11-20 17:35:56.984326', '539', '/media/products/20231119/other_mrzDG3P.png', 3, '', 30, 13),
	(2291, '2023-11-20 17:35:56.992965', '538', '/media/products/20231119/other_2ILHZHv.png', 3, '', 30, 13),
	(2292, '2023-11-20 17:35:56.997030', '537', '/media/products/20231119/other_l73jFL1.png', 3, '', 30, 13),
	(2293, '2023-11-20 17:35:56.997717', '536', '/media/products/20231119/other_u8n4dDZ.png', 3, '', 30, 13),
	(2294, '2023-11-20 17:35:56.997717', '535', '/media/products/20231119/other_NlJLRMu.png', 3, '', 30, 13),
	(2295, '2023-11-20 17:35:56.997717', '534', '/media/products/20231119/other_F6I8nZJ.png', 3, '', 30, 13),
	(2296, '2023-11-20 17:35:57.013339', '533', '/media/products/20231119/other_kIo2CiT.png', 3, '', 30, 13),
	(2297, '2023-11-20 17:35:57.015622', '532', '/media/products/20231119/other_ZWxpNYK.png', 3, '', 30, 13),
	(2298, '2023-11-20 17:35:57.015622', '531', '/media/products/20231119/other_7zCHH3q.png', 3, '', 30, 13),
	(2299, '2023-11-20 17:35:57.015622', '530', '/media/products/20231119/other_9x4MuVZ.png', 3, '', 30, 13),
	(2300, '2023-11-20 17:35:57.031293', '529', '/media/products/20231119/other_g8Nekob.png', 3, '', 30, 13),
	(2301, '2023-11-20 17:35:57.035429', '528', '/media/products/20231119/other_KzXIhud.png', 3, '', 30, 13),
	(2302, '2023-11-20 17:35:57.038609', '527', '/media/products/20231119/other_V7lglek.png', 3, '', 30, 13),
	(2303, '2023-11-20 17:35:57.042522', '526', '/media/products/20231119/other_DWIvgON.png', 3, '', 30, 13),
	(2304, '2023-11-20 17:35:57.046597', '525', '/media/products/20231119/other_uLy13lx.png', 3, '', 30, 13),
	(2305, '2023-11-20 17:35:57.050765', '524', '/media/products/20231119/other_3EP5vci.png', 3, '', 30, 13),
	(2306, '2023-11-20 17:35:57.054696', '523', '/media/products/20231119/other_sf40qOU.png', 3, '', 30, 13),
	(2307, '2023-11-20 17:35:57.058635', '522', '/media/products/20231119/other_iZiqlW9.png', 3, '', 30, 13),
	(2308, '2023-11-20 17:35:57.062618', '521', '/media/products/20231119/other_pzwdYvV.png', 3, '', 30, 13),
	(2309, '2023-11-20 17:35:57.064350', '520', '/media/products/20231119/other_IxbYiur.png', 3, '', 30, 13),
	(2310, '2023-11-20 17:35:57.064350', '519', '/media/products/20231119/other_t70qvmI.png', 3, '', 30, 13),
	(2311, '2023-11-20 17:35:57.064350', '518', '/media/products/20231119/other_M37Nips.png', 3, '', 30, 13),
	(2312, '2023-11-20 17:35:57.064350', '517', '/media/products/20231119/other_9V0DHJ8.png', 3, '', 30, 13),
	(2313, '2023-11-20 17:35:57.082551', '516', '/media/products/20231119/other_eDlTphS.png', 3, '', 30, 13),
	(2314, '2023-11-20 17:35:57.082551', '515', '/media/products/20231119/other_ZUvynnB.png', 3, '', 30, 13),
	(2315, '2023-11-20 17:35:57.082551', '514', '/media/products/20231119/other_xYjkq72.png', 3, '', 30, 13),
	(2316, '2023-11-20 17:35:57.082551', '513', '/media/products/20231119/other_HkncqX9.png', 3, '', 30, 13),
	(2317, '2023-11-20 17:35:57.098213', '512', '/media/products/20231119/other_s6YOhFA.png', 3, '', 30, 13),
	(2318, '2023-11-20 17:35:57.102417', '511', '/media/products/20231119/other_DDC8AnG.png', 3, '', 30, 13),
	(2319, '2023-11-20 17:35:57.106233', '510', '/media/products/20231119/other_da9Popa.png', 3, '', 30, 13),
	(2320, '2023-11-20 17:35:57.110143', '509', '/media/products/20231119/other_fkGrtVU.png', 3, '', 30, 13),
	(2321, '2023-11-20 17:35:57.115051', '508', '/media/products/20231119/other_irOPdhK.png', 3, '', 30, 13),
	(2322, '2023-11-20 17:35:57.117170', '507', '/media/products/20231119/other_A6kk9Qb.png', 3, '', 30, 13),
	(2323, '2023-11-20 17:35:57.117170', '506', '/media/products/20231119/other_93zDGDV.png', 3, '', 30, 13),
	(2324, '2023-11-20 17:35:57.117170', '505', '/media/products/20231119/other_jM47LI2.png', 3, '', 30, 13),
	(2325, '2023-11-20 17:35:57.133515', '504', '/media/products/20231119/other_RosG579.png', 3, '', 30, 13),
	(2326, '2023-11-20 17:35:57.137337', '503', '/media/products/20231119/other_FEmn0lc.png', 3, '', 30, 13),
	(2327, '2023-11-20 17:35:57.141141', '502', '/media/products/20231119/other_uJ4nVy5.png', 3, '', 30, 13),
	(2328, '2023-11-20 17:35:57.145157', '501', '/media/products/20231119/other_7RXRZfc.png', 3, '', 30, 13),
	(2329, '2023-11-20 17:35:57.149467', '500', '/media/products/20231119/other_UPe98QO.png', 3, '', 30, 13),
	(2330, '2023-11-20 17:35:57.153596', '499', '/media/products/20231119/other_biq6VMx.png', 3, '', 30, 13),
	(2331, '2023-11-20 17:35:57.159103', '498', '/media/products/20231119/other_oCTT5no.png', 3, '', 30, 13),
	(2332, '2023-11-20 17:35:57.163062', '497', '/media/products/20231119/other_JUNtoeY.png', 3, '', 30, 13),
	(2333, '2023-11-20 17:35:57.167642', '496', '/media/products/20231119/other_LFPvk2t.png', 3, '', 30, 13),
	(2334, '2023-11-20 17:35:57.171649', '495', '/media/products/20231119/other_MpoZ8RL.png', 3, '', 30, 13),
	(2335, '2023-11-20 17:35:57.175639', '494', '/media/products/20231119/other_WewsHV4.png', 3, '', 30, 13),
	(2336, '2023-11-20 17:35:57.179432', '493', '/media/products/20231119/other_QPIezdJ.png', 3, '', 30, 13),
	(2337, '2023-11-20 17:35:57.187598', '492', '/media/products/20231119/other_sIFxv2I.png', 3, '', 30, 13),
	(2338, '2023-11-20 17:35:57.191603', '491', '/media/products/20231119/other_PJ7nHox.png', 3, '', 30, 13),
	(2339, '2023-11-20 17:35:57.196249', '490', '/media/products/20231119/other_vXuMZOf.png', 3, '', 30, 13),
	(2340, '2023-11-20 17:35:57.199276', '489', '/media/products/20231119/other_b499u9Y.png', 3, '', 30, 13),
	(2341, '2023-11-20 17:35:57.203099', '488', '/media/products/20231119/other_dyTAVLg.png', 3, '', 30, 13),
	(2342, '2023-11-20 17:35:57.206227', '487', '/media/products/20231119/other_tZC1avK.png', 3, '', 30, 13),
	(2343, '2023-11-20 17:35:57.210141', '486', '/media/products/20231119/other_c6BvgfO.png', 3, '', 30, 13),
	(2344, '2023-11-20 17:35:57.215197', '485', '/media/products/20231119/other_luPUSXn.png', 3, '', 30, 13),
	(2345, '2023-11-20 17:35:57.219097', '484', '/media/products/20231119/other_Y7pOuLK.png', 3, '', 30, 13),
	(2346, '2023-11-20 17:35:57.222832', '483', '/media/products/20231119/other_3hRrhni.png', 3, '', 30, 13),
	(2347, '2023-11-20 17:35:57.226817', '482', '/media/products/20231119/other_JEAKaeZ.png', 3, '', 30, 13),
	(2348, '2023-11-20 17:35:57.231650', '481', '/media/products/20231119/other_ZHUqJJk.png', 3, '', 30, 13),
	(2349, '2023-11-20 17:35:57.234813', '480', '/media/products/20231119/other_CSXqyhn.png', 3, '', 30, 13),
	(2350, '2023-11-20 17:35:57.238664', '479', '/media/products/20231119/other_vvlXPwl.png', 3, '', 30, 13),
	(2351, '2023-11-20 17:35:57.242596', '478', '/media/products/20231119/other_KwwBWip.png', 3, '', 30, 13),
	(2352, '2023-11-20 17:35:57.246597', '477', '/media/products/20231119/other_sMGN7Yp.png', 3, '', 30, 13),
	(2353, '2023-11-20 17:35:57.250592', '476', '/media/products/20231119/other_C2imaPS.png', 3, '', 30, 13),
	(2354, '2023-11-20 17:35:57.255463', '475', '/media/products/20231119/other_ODt1atl.png', 3, '', 30, 13),
	(2355, '2023-11-20 17:35:57.260436', '474', '/media/products/20231119/other_EOdK6NA.png', 3, '', 30, 13),
	(2356, '2023-11-20 17:35:57.265516', '473', '/media/products/20231119/other_DKdINIu.png', 3, '', 30, 13),
	(2357, '2023-11-20 17:35:57.269330', '472', '/media/products/20231119/other_VftLNX9.png', 3, '', 30, 13),
	(2358, '2023-11-20 17:35:57.272997', '471', '/media/products/20231119/other_OgxlijC.png', 3, '', 30, 13),
	(2359, '2023-11-20 17:35:57.276993', '470', '/media/products/20231119/other_QX0PktQ.png', 3, '', 30, 13),
	(2360, '2023-11-20 17:35:57.281929', '469', '/media/products/20231119/other_HDb3wsd.png', 3, '', 30, 13),
	(2361, '2023-11-20 17:35:57.286100', '468', '/media/products/20231119/other_T9D69Uf.png', 3, '', 30, 13),
	(2362, '2023-11-20 17:35:57.290072', '467', '/media/products/20231119/other_GbIXgQa.png', 3, '', 30, 13),
	(2363, '2023-11-20 17:35:57.293664', '466', '/media/products/20231119/other_l9YEZQc.png', 3, '', 30, 13),
	(2364, '2023-11-20 17:35:57.298490', '465', '/media/products/20231119/other_koBFxue.png', 3, '', 30, 13),
	(2365, '2023-11-20 17:35:57.302500', '464', '/media/products/20231119/other_kH68BUL.png', 3, '', 30, 13),
	(2366, '2023-11-20 17:35:57.305665', '463', '/media/products/20231119/other_HMU5hfv.png', 3, '', 30, 13),
	(2367, '2023-11-20 17:35:57.312489', '462', '/media/products/20231119/other_mPSx54Y.png', 3, '', 30, 13),
	(2368, '2023-11-20 17:35:57.316484', '461', '/media/products/20231119/other_EBSmUAI.png', 3, '', 30, 13),
	(2369, '2023-11-20 17:35:57.319484', '460', '/media/products/20231119/other_kGECzPH.png', 3, '', 30, 13),
	(2370, '2023-11-20 17:35:57.323344', '459', '/media/products/20231119/other_kDhUGdX.png', 3, '', 30, 13),
	(2371, '2023-11-20 17:35:57.327348', '458', '/media/products/20231119/other_16BwvX5.png', 3, '', 30, 13),
	(2372, '2023-11-20 17:35:57.331834', '457', '/media/products/20231119/other_GilKZUq.png', 3, '', 30, 13),
	(2373, '2023-11-20 17:35:57.336002', '456', '/media/products/20231119/other_FfrQJaB.png', 3, '', 30, 13),
	(2374, '2023-11-20 17:35:57.340005', '455', '/media/products/20231119/other_SoLzjsj.png', 3, '', 30, 13),
	(2375, '2023-11-20 17:35:57.343921', '454', '/media/products/20231119/other_EaiAY0U.png', 3, '', 30, 13),
	(2376, '2023-11-20 17:35:57.348147', '453', '/media/products/20231119/other_ziedfWg.png', 3, '', 30, 13),
	(2377, '2023-11-20 17:35:57.352203', '452', '/media/products/20231119/other_kIzT8pO.png', 3, '', 30, 13),
	(2378, '2023-11-20 17:35:57.356185', '451', '/media/products/20231119/other_3Ci2s7B.png', 3, '', 30, 13),
	(2379, '2023-11-20 17:35:57.360152', '450', '/media/products/20231119/other_cbND6II.png', 3, '', 30, 13),
	(2380, '2023-11-20 17:35:57.363177', '449', '/media/products/20231119/other_Oh04wfS.png', 3, '', 30, 13),
	(2381, '2023-11-20 17:35:57.366852', '448', '/media/products/20231119/other_X4zrtbU.png', 3, '', 30, 13),
	(2382, '2023-11-20 17:35:57.369846', '447', '/media/products/20231119/other_KKLHfUt.png', 3, '', 30, 13),
	(2383, '2023-11-20 17:35:57.373849', '446', '/media/products/20231119/other_pFMr5QD.png', 3, '', 30, 13),
	(2384, '2023-11-20 17:35:57.376846', '445', '/media/products/20231119/other_k8XANWB.png', 3, '', 30, 13),
	(2385, '2023-11-20 17:35:57.379846', '444', '/media/products/20231119/other_1Unq9Hy.png', 3, '', 30, 13),
	(2386, '2023-11-20 17:35:57.383425', '443', '/media/products/20231119/other_2rrNssH.png', 3, '', 30, 13),
	(2387, '2023-11-20 17:35:57.387425', '442', '/media/products/20231119/other_xsr6yvR.png', 3, '', 30, 13),
	(2388, '2023-11-20 17:35:57.391428', '441', '/media/products/20231119/other_YGrwa2b.png', 3, '', 30, 13),
	(2389, '2023-11-20 17:35:57.394424', '440', '/media/products/20231119/other_EXunuPD.png', 3, '', 30, 13),
	(2390, '2023-11-20 17:35:57.397643', '439', '/media/products/20231119/other_gHpc75q.png', 3, '', 30, 13),
	(2391, '2023-11-20 17:35:57.397643', '438', '/media/products/20231119/other_SpJk0PM.png', 3, '', 30, 13),
	(2392, '2023-11-20 17:35:57.397643', '437', '/media/products/20231119/other_qAqmOet.png', 3, '', 30, 13),
	(2393, '2023-11-20 17:35:57.397643', '436', '/media/products/20231119/other_oMwKYKH.png', 3, '', 30, 13),
	(2394, '2023-11-20 17:35:57.397643', '435', '/media/products/20231119/other_Vu1KJwq.png', 3, '', 30, 13),
	(2395, '2023-11-20 17:35:57.415368', '434', '/media/products/20231119/other_DoXPrI8.png', 3, '', 30, 13),
	(2396, '2023-11-20 17:35:57.415368', '433', '/media/products/20231119/other_k1BfTHK.png', 3, '', 30, 13),
	(2397, '2023-11-20 17:35:57.415368', '432', '/media/products/20231119/other_aKexZAp.png', 3, '', 30, 13),
	(2398, '2023-11-20 17:35:57.431324', '431', '/media/products/20231119/other_Nijunwr.png', 3, '', 30, 13),
	(2399, '2023-11-20 17:35:57.435324', '430', '/media/products/20231119/other_exy8o7j.png', 3, '', 30, 13),
	(2400, '2023-11-20 17:35:57.438323', '429', '/media/products/20231119/other_xvpzOeK.png', 3, '', 30, 13),
	(2401, '2023-11-20 17:35:57.441324', '428', '/media/products/20231119/other_gQaYhNH.png', 3, '', 30, 13),
	(2402, '2023-11-20 17:35:57.445324', '427', '/media/products/20231119/other_MwRYcBV.png', 3, '', 30, 13),
	(2403, '2023-11-20 17:35:57.448979', '426', '/media/products/20231119/other_xbtKQsP.png', 3, '', 30, 13),
	(2404, '2023-11-20 17:35:57.451977', '425', '/media/products/20231119/other_3x5TqDD.png', 3, '', 30, 13),
	(2405, '2023-11-20 17:35:57.455978', '424', '/media/products/20231119/other_Y0GP4Mv.png', 3, '', 30, 13),
	(2406, '2023-11-20 17:35:57.458977', '423', '/media/products/20231119/other_fz3Y27n.png', 3, '', 30, 13),
	(2407, '2023-11-20 17:35:57.461977', '422', '/media/products/20231119/other_gpB0vvO.png', 3, '', 30, 13),
	(2408, '2023-11-20 17:35:57.465268', '421', '/media/products/20231119/other_gOKJUmj.png', 3, '', 30, 13),
	(2409, '2023-11-20 17:35:57.465268', '420', '/media/products/20231119/other_lWbwRVH.png', 3, '', 30, 13),
	(2410, '2023-11-20 17:35:57.465268', '419', '/media/products/20231119/other_0FI3R0V.png', 3, '', 30, 13),
	(2411, '2023-11-20 17:35:57.465268', '418', '/media/products/20231119/other_OQLxidr.png', 3, '', 30, 13),
	(2412, '2023-11-20 17:35:57.465268', '417', '/media/products/20231119/other_gKK4Rwf.png', 3, '', 30, 13),
	(2413, '2023-11-20 17:35:57.482049', '416', '/media/products/20231119/other_YT6qWRA.png', 3, '', 30, 13),
	(2414, '2023-11-20 17:35:57.482049', '415', '/media/products/20231119/other_rT9WAH2.png', 3, '', 30, 13),
	(2415, '2023-11-20 17:35:57.482049', '414', '/media/products/20231119/other_v66wZzZ.png', 3, '', 30, 13),
	(2416, '2023-11-20 17:35:57.482049', '413', '/media/products/20231119/other_XlI2eYR.png', 3, '', 30, 13),
	(2417, '2023-11-20 17:35:57.482049', '412', '/media/products/20231119/other_qzPGamH.png', 3, '', 30, 13),
	(2418, '2023-11-20 17:35:57.499775', '411', '/media/products/20231119/other_3QPNyCa.png', 3, '', 30, 13),
	(2419, '2023-11-20 17:35:57.503775', '410', '/media/products/20231119/other_sSYFFJo.png', 3, '', 30, 13),
	(2420, '2023-11-20 17:35:57.506774', '409', '/media/products/20231119/other_V5dp6RN.png', 3, '', 30, 13),
	(2421, '2023-11-20 17:35:57.509774', '408', '/media/products/20231119/other_jbbUQa3.png', 3, '', 30, 13),
	(2422, '2023-11-20 17:35:57.513784', '407', '/media/products/20231119/other_1YQxeww.png', 3, '', 30, 13),
	(2423, '2023-11-20 17:35:57.516683', '406', '/media/products/20231119/other_mUXLZ8Q.png', 3, '', 30, 13),
	(2424, '2023-11-20 17:35:57.520683', '405', '/media/products/20231119/other_hoe67v8.png', 3, '', 30, 13),
	(2425, '2023-11-20 17:35:57.523684', '404', '/media/products/20231119/other_0topUGj.png', 3, '', 30, 13),
	(2426, '2023-11-20 17:35:57.527683', '403', '/media/products/20231119/other_zM5ljxB.png', 3, '', 30, 13),
	(2427, '2023-11-20 17:35:57.530682', '402', '/media/products/20231119/other_Tc5RDsn.png', 3, '', 30, 13),
	(2428, '2023-11-20 17:35:57.531882', '401', '/media/products/20231119/other_ClySBuz.png', 3, '', 30, 13),
	(2429, '2023-11-20 17:35:57.531882', '400', '/media/products/20231119/other_2Tzgq1P.png', 3, '', 30, 13),
	(2430, '2023-11-20 17:35:57.531882', '399', '/media/products/20231119/other_LdsPGpa.png', 3, '', 30, 13),
	(2431, '2023-11-20 17:35:57.531882', '398', '/media/products/20231119/other_M3BQ3uf.png', 3, '', 30, 13),
	(2432, '2023-11-20 17:35:57.547722', '397', '/media/products/20231119/other_bhVZNYY.png', 3, '', 30, 13),
	(2433, '2023-11-20 17:35:57.548686', '396', '/media/products/20231119/other_jiwcPrM.png', 3, '', 30, 13),
	(2434, '2023-11-20 17:35:57.548686', '395', '/media/products/20231119/other_ICDF4we.png', 3, '', 30, 13),
	(2435, '2023-11-20 17:35:57.548686', '394', '/media/products/20231119/other_zdptr5v.png', 3, '', 30, 13),
	(2436, '2023-11-20 17:35:57.548686', '393', '/media/products/20231119/other_m3X85vN.png', 3, '', 30, 13),
	(2437, '2023-11-20 17:35:57.564759', '392', '/media/products/20231119/other_5FFlJ2M.png', 3, '', 30, 13),
	(2438, '2023-11-20 17:35:57.567769', '391', '/media/products/20231119/other_BA8D7yD.png', 3, '', 30, 13),
	(2439, '2023-11-20 17:35:57.571760', '390', '/media/products/20231119/other_ONqUGOO.png', 3, '', 30, 13),
	(2440, '2023-11-20 17:35:57.574768', '389', '/media/products/20231119/other_ljTOHaH.png', 3, '', 30, 13),
	(2441, '2023-11-20 17:35:57.577768', '388', '/media/products/20231119/other_2PNaP86.png', 3, '', 30, 13),
	(2442, '2023-11-20 17:35:57.581404', '387', '/media/products/20231119/other_1LWGuOQ.png', 3, '', 30, 13),
	(2443, '2023-11-20 17:35:57.584412', '386', '/media/products/20231119/other_GMIFHHN.png', 3, '', 30, 13),
	(2444, '2023-11-20 17:35:57.588401', '385', '/media/products/20231119/other_ErL18rf.png', 3, '', 30, 13),
	(2445, '2023-11-20 17:35:57.591411', '384', '/media/products/20231119/other_aOZaO1I.png', 3, '', 30, 13),
	(2446, '2023-11-20 17:35:57.594411', '383', '/media/products/20231119/other_fTqAsWQ.png', 3, '', 30, 13),
	(2447, '2023-11-20 17:35:57.597618', '382', '/media/products/20231119/other_EcCxhav.png', 3, '', 30, 13),
	(2448, '2023-11-20 17:35:57.597618', '381', '/media/products/20231119/other_J2XPkc6.png', 3, '', 30, 13),
	(2449, '2023-11-20 17:35:57.597618', '380', '/media/products/20231119/other_EuxWQvf.png', 3, '', 30, 13),
	(2450, '2023-11-20 17:35:57.597618', '379', '/media/products/20231119/other_CBByVDq.png', 3, '', 30, 13),
	(2451, '2023-11-20 17:35:57.597618', '378', '/media/products/20231119/other_mgBsrYr.png', 3, '', 30, 13),
	(2452, '2023-11-20 17:35:57.614406', '377', '/media/products/20231119/other_mkI2n08.png', 3, '', 30, 13),
	(2453, '2023-11-20 17:35:57.615631', '376', '/media/products/20231119/other_e7oD11s.png', 3, '', 30, 13),
	(2454, '2023-11-20 17:35:57.615631', '375', '/media/products/20231119/other_e9NDPsJ.png', 3, '', 30, 13),
	(2455, '2023-11-20 17:35:57.634415', '374', '/media/products/20231119/other_7Ot9R6P.png', 3, '', 30, 13),
	(2456, '2023-11-20 17:35:57.639159', '373', '/media/products/20231119/other_pcYsQtv.png', 3, '', 30, 13),
	(2457, '2023-11-20 17:35:57.643188', '372', '/media/products/20231119/other_L1S64iq.png', 3, '', 30, 13),
	(2458, '2023-11-20 17:35:57.648101', '371', '/media/products/20231119/other_1J6GM0X.png', 3, '', 30, 13),
	(2459, '2023-11-20 17:35:57.651189', '370', '/media/products/20231119/other_A3AZcbS.png', 3, '', 30, 13),
	(2460, '2023-11-20 17:35:57.655325', '369', '/media/products/20231119/other_nLdrAYV.png', 3, '', 30, 13),
	(2461, '2023-11-20 17:35:57.659249', '368', '/media/products/20231119/other_trTthuR.png', 3, '', 30, 13),
	(2462, '2023-11-20 17:35:57.663287', '367', '/media/products/20231119/other_2ptplIG.png', 3, '', 30, 13),
	(2463, '2023-11-20 17:35:57.664342', '366', '/media/products/20231119/other_vtLTE6O.png', 3, '', 30, 13),
	(2464, '2023-11-20 17:35:57.664342', '365', '/media/products/20231119/other_AI6CciG.png', 3, '', 30, 13),
	(2465, '2023-11-20 17:35:57.664342', '364', '/media/products/20231119/other_BdOULuy.png', 3, '', 30, 13),
	(2466, '2023-11-20 17:35:57.679972', '363', '/media/products/20231119/other_fcfZIhN.png', 3, '', 30, 13),
	(2467, '2023-11-20 17:35:57.682191', '362', '/media/products/20231119/other_dMRelek.png', 3, '', 30, 13),
	(2468, '2023-11-20 17:35:57.682191', '361', '/media/products/20231119/other_emYjuwU.png', 3, '', 30, 13),
	(2469, '2023-11-20 17:35:57.682191', '360', '/media/products/20231119/other_E9IXfPi.png', 3, '', 30, 13),
	(2470, '2023-11-20 17:35:57.682191', '359', '/media/products/20231119/other_ZFxCgBi.png', 3, '', 30, 13),
	(2471, '2023-11-20 17:35:57.699110', '358', '/media/products/20231119/other_YKNFfyN.png', 3, '', 30, 13),
	(2472, '2023-11-20 17:35:57.702738', '357', '/media/products/20231119/other_mSMvJ8t.png', 3, '', 30, 13),
	(2473, '2023-11-20 17:35:57.706432', '356', '/media/products/20231119/other_NgFCj6J.png', 3, '', 30, 13),
	(2474, '2023-11-20 17:35:57.710428', '355', '/media/products/20231119/other_MkkR8bd.png', 3, '', 30, 13),
	(2475, '2023-11-20 17:35:57.714946', '354', '/media/products/20231119/other_1hKjKgz.png', 3, '', 30, 13),
	(2476, '2023-11-20 17:35:57.718945', '353', '/media/products/20231119/other_Ws10QpN.png', 3, '', 30, 13),
	(2477, '2023-11-20 17:35:57.722681', '352', '/media/products/20231119/other_SyVHlhV.png', 3, '', 30, 13),
	(2478, '2023-11-20 17:35:57.728526', '351', '/media/products/20231119/other_M3omKvX.png', 3, '', 30, 13),
	(2479, '2023-11-20 17:35:57.732143', '350', '/media/products/20231119/other_78P6SdW.png', 3, '', 30, 13),
	(2480, '2023-11-20 17:35:57.732143', '349', '/media/products/20231119/other_YHH7g9q.png', 3, '', 30, 13),
	(2481, '2023-11-20 17:35:57.732143', '348', '/media/products/20231119/other_zGCsZOL.png', 3, '', 30, 13),
	(2482, '2023-11-20 17:35:57.732143', '347', '/media/products/20231119/other_zrZAwaF.png', 3, '', 30, 13),
	(2483, '2023-11-20 17:35:57.749214', '346', '/media/products/20231119/other_bBdzHm5.png', 3, '', 30, 13),
	(2484, '2023-11-20 17:35:57.749214', '345', '/media/products/20231119/other_gxlpIEC.png', 3, '', 30, 13),
	(2485, '2023-11-20 17:35:57.749214', '344', '/media/products/20231119/other_WT8AJya.png', 3, '', 30, 13),
	(2486, '2023-11-20 17:35:57.749214', '343', '/media/products/20231119/other_5tytcuA.png', 3, '', 30, 13),
	(2487, '2023-11-20 17:35:57.765905', '342', '/media/products/20231119/other_7ESAONa.png', 3, '', 30, 13),
	(2488, '2023-11-20 17:35:57.769163', '341', '/media/products/20231119/other_wnPTyH9.png', 3, '', 30, 13),
	(2489, '2023-11-20 17:35:57.773153', '340', '/media/products/20231119/other_v9uiHVq.png', 3, '', 30, 13),
	(2490, '2023-11-20 17:35:57.777154', '339', '/media/products/20231119/other_aZDlHVo.png', 3, '', 30, 13),
	(2491, '2023-11-20 17:35:57.781575', '338', '/media/products/20231119/other_69HaT5d.png', 3, '', 30, 13),
	(2492, '2023-11-20 17:35:57.785084', '337', '/media/products/20231119/other_RfhyBcs.png', 3, '', 30, 13),
	(2493, '2023-11-20 17:35:57.788946', '336', '/media/products/20231119/other_c6qk1kj.png', 3, '', 30, 13),
	(2494, '2023-11-20 17:35:57.792962', '335', '/media/products/20231119/other_yqu0DLw.png', 3, '', 30, 13),
	(2495, '2023-11-20 17:35:57.796903', '334', '/media/products/20231119/other_c9c7QQU.png', 3, '', 30, 13),
	(2496, '2023-11-20 17:35:57.802871', '333', '/media/products/20231119/other_xVHwWt2.png', 3, '', 30, 13),
	(2497, '2023-11-20 17:35:57.806900', '332', '/media/products/20231119/other_GDcWdZe.png', 3, '', 30, 13),
	(2498, '2023-11-20 17:35:57.810884', '331', '/media/products/20231119/other_5kUXpUT.png', 3, '', 30, 13),
	(2499, '2023-11-20 17:35:57.814818', '330', '/media/products/20231119/other_Ip3S6AA.png', 3, '', 30, 13),
	(2500, '2023-11-20 17:35:57.816079', '329', '/media/products/20231119/other_Fx5Azep.png', 3, '', 30, 13),
	(2501, '2023-11-20 17:35:57.816079', '328', '/media/products/20231119/other_ch0wzjT.png', 3, '', 30, 13),
	(2502, '2023-11-20 17:35:57.816079', '327', '/media/products/20231119/other_ytiMiSw.png', 3, '', 30, 13),
	(2503, '2023-11-20 17:35:57.831487', '326', '/media/products/20231119/other_DSthvCO.png', 3, '', 30, 13),
	(2504, '2023-11-20 17:35:57.835176', '325', '/media/products/20231119/other_UspDVDt.png', 3, '', 30, 13),
	(2505, '2023-11-20 17:35:57.839140', '324', '/media/products/20231119/other_WPLlcBJ.png', 3, '', 30, 13),
	(2506, '2023-11-20 17:35:57.843146', '323', '/media/products/20231119/other_IRdBlm9.png', 3, '', 30, 13),
	(2507, '2023-11-20 17:35:57.847123', '322', '/media/products/20231119/other_5f8uJ8S.png', 3, '', 30, 13),
	(2508, '2023-11-20 17:35:57.851245', '321', '/media/products/20231119/other_ZjXh0MG.png', 3, '', 30, 13),
	(2509, '2023-11-20 17:35:57.855433', '320', '/media/products/20231119/other_4mHYy1L.png', 3, '', 30, 13),
	(2510, '2023-11-20 17:35:57.859488', '319', '/media/products/20231119/other_FPwzWkp.png', 3, '', 30, 13),
	(2511, '2023-11-20 17:35:57.863149', '318', '/media/products/20231119/other_IX7eLGb.png', 3, '', 30, 13),
	(2512, '2023-11-20 17:35:57.864278', '317', '/media/products/20231119/other_QTOPQEf.png', 3, '', 30, 13),
	(2513, '2023-11-20 17:35:57.864278', '316', '/media/products/20231119/other_PX6Raxc.png', 3, '', 30, 13),
	(2514, '2023-11-20 17:35:57.864278', '315', '/media/products/20231119/other_DV5idfM.png', 3, '', 30, 13),
	(2515, '2023-11-20 17:35:57.882472', '314', '/media/products/20231119/other_a7vnhwT.png', 3, '', 30, 13),
	(2516, '2023-11-20 17:35:57.882472', '313', '/media/products/20231119/other_GoDIhhy.png', 3, '', 30, 13),
	(2517, '2023-11-20 17:35:57.882472', '312', '/media/products/20231119/other_iF5iNJX.png', 3, '', 30, 13),
	(2518, '2023-11-20 17:35:57.882472', '311', '/media/products/20231119/other_FISqa5r.png', 3, '', 30, 13),
	(2519, '2023-11-20 17:35:57.898913', '310', '/media/products/20231119/other_MR8lPJJ.png', 3, '', 30, 13),
	(2520, '2023-11-20 17:35:57.902504', '309', '/media/products/20231119/other_n5Ec4sW.png', 3, '', 30, 13),
	(2521, '2023-11-20 17:35:57.906524', '308', '/media/products/20231119/other_NggdIKK.png', 3, '', 30, 13),
	(2522, '2023-11-20 17:35:57.910521', '307', '/media/products/20231119/other_6VvsXaH.png', 3, '', 30, 13),
	(2523, '2023-11-20 17:35:57.914918', '306', '/media/products/20231119/other_xJbD1nl.png', 3, '', 30, 13),
	(2524, '2023-11-20 17:35:57.918409', '305', '/media/products/20231119/other_x3ODK8h.png', 3, '', 30, 13),
	(2525, '2023-11-20 17:35:57.926198', '304', '/media/products/20231119/other_QBXWuPL.png', 3, '', 30, 13),
	(2526, '2023-11-20 17:35:57.929337', '303', '/media/products/20231119/other_Bzxagwd.png', 3, '', 30, 13),
	(2527, '2023-11-20 17:35:57.933082', '302', '/media/products/20231119/other_AqkOqYT.png', 3, '', 30, 13),
	(2528, '2023-11-20 17:35:57.937277', '301', '/media/products/20231119/other_fYm53Qu.png', 3, '', 30, 13),
	(2529, '2023-11-20 17:35:57.943780', '300', '/media/products/20231119/other_e64dbk0.png', 3, '', 30, 13),
	(2530, '2023-11-20 17:35:57.949596', '299', '/media/products/20231119/other_kGFIryg.png', 3, '', 30, 13),
	(2531, '2023-11-20 17:35:57.953660', '298', '/media/products/20231119/other_WewNbdu.png', 3, '', 30, 13),
	(2532, '2023-11-20 17:35:57.957674', '297', '/media/products/20231119/other_1Wi4jtu.png', 3, '', 30, 13),
	(2533, '2023-11-20 17:35:57.962119', '296', '/media/products/20231119/other_JzYNrWL.png', 3, '', 30, 13),
	(2534, '2023-11-20 17:35:57.966094', '295', '/media/products/20231119/other_v0t1lz4.png', 3, '', 30, 13),
	(2535, '2023-11-20 17:35:57.970342', '294', '/media/products/20231119/other_LEo6dRj.png', 3, '', 30, 13),
	(2536, '2023-11-20 17:35:57.974411', '293', '/media/products/20231119/other_6aglY57.png', 3, '', 30, 13),
	(2537, '2023-11-20 17:35:57.978501', '292', '/media/products/20231119/other_XlCaqyv.png', 3, '', 30, 13),
	(2538, '2023-11-20 17:35:57.982416', '291', '/media/products/20231119/other_fN3Q9AA.png', 3, '', 30, 13),
	(2539, '2023-11-20 17:35:57.986367', '290', '/media/products/20231119/other_xSj9Ugc.png', 3, '', 30, 13),
	(2540, '2023-11-20 17:35:57.990377', '289', '/media/products/20231119/other_nQm2pZw.png', 3, '', 30, 13),
	(2541, '2023-11-20 17:35:57.994287', '288', '/media/products/20231119/other_VryEbT5.png', 3, '', 30, 13),
	(2542, '2023-11-20 17:35:57.998201', '287', '/media/products/20231119/other_yRDaE60.png', 3, '', 30, 13),
	(2543, '2023-11-20 17:35:58.002622', '286', '/media/products/20231119/other_09wNH2i.png', 3, '', 30, 13),
	(2544, '2023-11-20 17:35:58.006484', '285', '/media/products/20231119/other_m2yOaA9.png', 3, '', 30, 13),
	(2545, '2023-11-20 17:35:58.010480', '284', '/media/products/20231119/other_lEVJfhV.png', 3, '', 30, 13),
	(2546, '2023-11-20 17:35:58.014616', '283', '/media/products/20231119/other_CMyPxXS.png', 3, '', 30, 13),
	(2547, '2023-11-20 17:35:58.016032', '282', '/media/products/20231119/other_ktHJmRq.png', 3, '', 30, 13),
	(2548, '2023-11-20 17:35:58.016032', '281', '/media/products/20231119/other_9B5MK2j.png', 3, '', 30, 13),
	(2549, '2023-11-20 17:35:58.016032', '280', '/media/products/20231119/other_ejjR4jC.png', 3, '', 30, 13),
	(2550, '2023-11-20 17:35:58.034187', '279', '/media/products/20231119/other_bsNDNh0.png', 3, '', 30, 13),
	(2551, '2023-11-20 17:35:58.037854', '278', '/media/products/20231119/other_ZWs9UJh.png', 3, '', 30, 13),
	(2552, '2023-11-20 17:35:58.041716', '277', '/media/products/20231119/other_IlsUBJW.png', 3, '', 30, 13),
	(2553, '2023-11-20 17:35:58.045686', '276', '/media/products/20231119/other_urPBihO.png', 3, '', 30, 13),
	(2554, '2023-11-20 17:35:58.049382', '275', '/media/products/20231119/other_uWJzKFi.png', 3, '', 30, 13),
	(2555, '2023-11-20 17:35:58.053321', '274', '/media/products/20231119/other_GIy42dN.png', 3, '', 30, 13),
	(2556, '2023-11-20 17:35:58.057181', '273', '/media/products/20231119/other_xDtUiER.png', 3, '', 30, 13),
	(2557, '2023-11-20 17:35:58.061118', '272', '/media/products/20231119/other_PiFk0gP.png', 3, '', 30, 13),
	(2558, '2023-11-20 17:35:58.064341', '271', '/media/products/20231119/other_kvkPbFd.png', 3, '', 30, 13),
	(2559, '2023-11-20 17:35:58.064341', '270', '/media/products/20231119/other_vX94bOy.png', 3, '', 30, 13),
	(2560, '2023-11-20 17:35:58.064341', '269', '/media/products/20231119/other_yFL3q5S.png', 3, '', 30, 13),
	(2561, '2023-11-20 17:35:58.064341', '268', '/media/products/20231119/other_SJBbovP.png', 3, '', 30, 13),
	(2562, '2023-11-20 17:35:58.082425', '267', '/media/products/20231119/other_pnuyHow.png', 3, '', 30, 13),
	(2563, '2023-11-20 17:35:58.082425', '266', '/media/products/20231119/other_62tkAGe.png', 3, '', 30, 13),
	(2564, '2023-11-20 17:35:58.082425', '265', '/media/products/20231119/other_v2HKGT1.png', 3, '', 30, 13),
	(2565, '2023-11-20 17:35:58.082425', '264', '/media/products/20231119/other_jZsAbXi.png', 3, '', 30, 13),
	(2566, '2023-11-20 17:35:58.098223', '263', '/media/products/20231119/other_oAr5uNZ.png', 3, '', 30, 13),
	(2567, '2023-11-20 17:35:58.102414', '262', '/media/products/20231119/other_ES9MkhM.png', 3, '', 30, 13),
	(2568, '2023-11-20 17:35:58.106349', '261', '/media/products/20231119/other_CR0iaTt.png', 3, '', 30, 13),
	(2569, '2023-11-20 17:35:58.110398', '260', '/media/products/20231119/other_hjozUJQ.png', 3, '', 30, 13),
	(2570, '2023-11-20 17:35:58.114804', '259', '/media/products/20231119/other_bxGnWg0.png', 3, '', 30, 13),
	(2571, '2023-11-20 17:35:58.118803', '258', '/media/products/20231119/other_mAg3YeE.png', 3, '', 30, 13),
	(2572, '2023-11-20 17:35:58.122316', '257', '/media/products/20231119/other_RJvYZjl.png', 3, '', 30, 13),
	(2573, '2023-11-20 17:35:58.125286', '256', '/media/products/20231119/other_a4XczWM.png', 3, '', 30, 13),
	(2574, '2023-11-20 17:35:58.129283', '255', '/media/products/20231119/other_0UM9MZy.png', 3, '', 30, 13),
	(2575, '2023-11-20 17:35:58.132750', '254', '/media/products/20231119/other_PfeXXmz.png', 3, '', 30, 13),
	(2576, '2023-11-20 17:35:58.135755', '253', '/media/products/20231119/other_0P7Hosy.png', 3, '', 30, 13),
	(2577, '2023-11-20 17:35:58.139104', '252', '/media/products/20231119/other_otI8i7b.png', 3, '', 30, 13),
	(2578, '2023-11-20 17:35:58.143123', '251', '/media/products/20231119/other_8bckrGP.png', 3, '', 30, 13),
	(2579, '2023-11-20 17:35:58.147730', '250', '/media/products/20231119/other_qLRo1GL.png', 3, '', 30, 13),
	(2580, '2023-11-20 17:35:58.148895', '249', '/media/products/20231119/other_DEIYKDT.png', 3, '', 30, 13),
	(2581, '2023-11-20 17:35:58.148895', '248', '/media/products/20231119/other_V00Ctk6.png', 3, '', 30, 13),
	(2582, '2023-11-20 17:35:58.148895', '247', '/media/products/20231119/other_DLuFnqP.png', 3, '', 30, 13),
	(2583, '2023-11-20 17:35:58.164339', '246', '/media/products/20231119/other_hIS8ZwD.png', 3, '', 30, 13),
	(2584, '2023-11-20 17:35:58.167971', '245', '/media/products/20231119/other_lieM38u.png', 3, '', 30, 13),
	(2585, '2023-11-20 17:35:58.171679', '244', '/media/products/20231119/other_fJWp85F.png', 3, '', 30, 13),
	(2586, '2023-11-20 17:35:58.175684', '243', '/media/products/20231119/other_UCNFVPR.png', 3, '', 30, 13),
	(2587, '2023-11-20 17:35:58.179615', '242', '/media/products/20231119/other_TZcebKw.png', 3, '', 30, 13),
	(2588, '2023-11-20 17:35:58.183518', '241', '/media/products/20231119/other_NJW9oXP.png', 3, '', 30, 13),
	(2589, '2023-11-20 17:35:58.187516', '240', '/media/products/20231119/other_qHVJzq8.png', 3, '', 30, 13),
	(2590, '2023-11-20 17:35:58.191482', '239', '/media/products/20231119/other_mhLgBDw.png', 3, '', 30, 13),
	(2591, '2023-11-20 17:35:58.195389', '238', '/media/products/20231119/other_5NMR2rU.png', 3, '', 30, 13),
	(2592, '2023-11-20 17:35:58.197669', '237', '/media/products/20231119/other_MHhZy1Z.png', 3, '', 30, 13),
	(2593, '2023-11-20 17:35:58.197669', '236', '/media/products/20231119/other_JZo6zEc.png', 3, '', 30, 13),
	(2594, '2023-11-20 17:35:58.197669', '235', '/media/products/20231119/other_oXzryhU.png', 3, '', 30, 13),
	(2595, '2023-11-20 17:35:58.197669', '234', '/media/products/20231119/other_wA8JynH.png', 3, '', 30, 13),
	(2596, '2023-11-20 17:35:58.214468', '233', '/media/products/20231119/other_I9nrvWv.png', 3, '', 30, 13),
	(2597, '2023-11-20 17:35:58.215732', '232', '/media/products/20231119/other_wn6jAIN.png', 3, '', 30, 13),
	(2598, '2023-11-20 17:35:58.215732', '231', '/media/products/20231119/other_7l2Kjjz.png', 3, '', 30, 13),
	(2599, '2023-11-20 17:35:58.215732', '230', '/media/products/20231119/other_OTxFPkh.png', 3, '', 30, 13),
	(2600, '2023-11-20 17:35:58.231360', '229', '/media/products/20231119/other_tO9kAsf.png', 3, '', 30, 13),
	(2601, '2023-11-20 17:35:58.234869', '228', '/media/products/20231119/other_cqkhBVl.png', 3, '', 30, 13),
	(2602, '2023-11-20 17:35:58.238662', '227', '/media/products/20231119/other_U7vVBXo.png', 3, '', 30, 13),
	(2603, '2023-11-20 17:35:58.242575', '226', '/media/products/20231119/other_d6QLGS2.png', 3, '', 30, 13),
	(2604, '2023-11-20 17:35:58.246502', '225', '/media/products/20231119/other_Wbds0IN.png', 3, '', 30, 13),
	(2605, '2023-11-20 17:35:58.250199', '224', '/media/products/20231119/other_AielNXj.png', 3, '', 30, 13),
	(2606, '2023-11-20 17:35:58.254225', '223', '/media/products/20231119/other_X6q0HGo.png', 3, '', 30, 13),
	(2607, '2023-11-20 17:35:58.258037', '222', '/media/products/20231119/other_yXDw5nd.png', 3, '', 30, 13),
	(2608, '2023-11-20 17:35:58.261175', '221', '/media/products/20231119/other_vBLPktp.png', 3, '', 30, 13),
	(2609, '2023-11-20 17:35:58.264299', '220', '/media/products/20231119/other_tvcNX1h.png', 3, '', 30, 13),
	(2610, '2023-11-20 17:35:58.268418', '219', '/media/products/20231119/other_lNcC89B.png', 3, '', 30, 13),
	(2611, '2023-11-20 17:35:58.271861', '218', '/media/products/20231119/other_QrNcrcd.png', 3, '', 30, 13),
	(2612, '2023-11-20 17:35:58.275302', '217', '/media/products/20231119/other_RaY1lwB.png', 3, '', 30, 13),
	(2613, '2023-11-20 17:35:58.278303', '216', '/media/products/20231119/other_tp6Ek9v.png', 3, '', 30, 13),
	(2614, '2023-11-20 17:35:58.282482', '215', '/media/products/20231119/other_SY7ET0T.png', 3, '', 30, 13),
	(2615, '2023-11-20 17:35:58.286656', '214', '/media/products/20231119/other_GnabJr7.png', 3, '', 30, 13),
	(2616, '2023-11-20 17:35:58.290701', '213', '/media/products/20231119/other_ianiImH.png', 3, '', 30, 13),
	(2617, '2023-11-20 17:35:58.294561', '212', '/media/products/20231119/other_Ax1ekf9.png', 3, '', 30, 13),
	(2618, '2023-11-20 17:35:58.298058', '211', '/media/products/20231119/other_mrtt72V.png', 3, '', 30, 13),
	(2619, '2023-11-20 17:35:58.302019', '210', '/media/products/20231119/other_zYMAjNS.png', 3, '', 30, 13),
	(2620, '2023-11-20 17:35:58.305986', '209', '/media/products/20231119/other_G2NcX0U.png', 3, '', 30, 13),
	(2621, '2023-11-20 17:35:58.309903', '208', '/media/products/20231119/other_0oGaMPf.png', 3, '', 30, 13),
	(2622, '2023-11-20 17:35:58.313853', '207', '/media/products/20231119/other_PIH54nO.png', 3, '', 30, 13),
	(2623, '2023-11-20 17:35:58.318103', '206', '/media/products/20231119/other_A4h3kYk.png', 3, '', 30, 13),
	(2624, '2023-11-20 17:35:58.321666', '205', '/media/products/20231119/other_1mD36je.png', 3, '', 30, 13),
	(2625, '2023-11-20 17:35:58.325574', '204', '/media/products/20231119/other_P2tK3Ky.png', 3, '', 30, 13),
	(2626, '2023-11-20 17:35:58.329517', '203', '/media/products/20231119/other_w8IVtTY.png', 3, '', 30, 13),
	(2627, '2023-11-20 17:35:58.330890', '202', '/media/products/20231119/other_VxHNy8n.png', 3, '', 30, 13),
	(2628, '2023-11-20 17:35:58.330890', '201', '/media/products/20231119/other_Zww5sbp.png', 3, '', 30, 13),
	(2629, '2023-11-20 17:35:58.330890', '200', '/media/products/20231119/other_OPhjawX.png', 3, '', 30, 13),
	(2630, '2023-11-20 17:35:58.330890', '199', '/media/products/20231119/other_Wi3z2sN.png', 3, '', 30, 13),
	(2631, '2023-11-20 17:35:58.347808', '198', '/media/products/20231119/other_vT9bhf3.png', 3, '', 30, 13),
	(2632, '2023-11-20 17:35:58.349072', '197', '/media/products/20231119/other_xAIRDYM.png', 3, '', 30, 13),
	(2633, '2023-11-20 17:35:58.349072', '196', '/media/products/20231119/other_WY44n5C.png', 3, '', 30, 13),
	(2634, '2023-11-20 17:35:58.349072', '195', '/media/products/20231119/other_FKZjlRT.png', 3, '', 30, 13),
	(2635, '2023-11-20 17:35:58.364513', '194', '/media/products/20231119/other_eqr2hAv.png', 3, '', 30, 13),
	(2636, '2023-11-20 17:35:58.368614', '193', '/media/products/20231119/other_E5bmLHB.png', 3, '', 30, 13),
	(2637, '2023-11-20 17:35:58.372572', '192', '/media/products/20231119/other_ye9C2Pp.png', 3, '', 30, 13),
	(2638, '2023-11-20 17:35:58.376552', '191', '/media/products/20231119/other_HDeL4O0.png', 3, '', 30, 13),
	(2639, '2023-11-20 17:35:58.380377', '190', '/media/products/20231119/other_STAPNfc.png', 3, '', 30, 13),
	(2640, '2023-11-20 17:35:58.384488', '189', '/media/products/20231119/other_BnkP7Kz.png', 3, '', 30, 13),
	(2641, '2023-11-20 17:35:58.388271', '188', '/media/products/20231119/other_epxVfU5.png', 3, '', 30, 13),
	(2642, '2023-11-20 17:35:58.392269', '187', '/media/products/20231119/other_EqS5K2h.png', 3, '', 30, 13),
	(2643, '2023-11-20 17:35:58.396092', '186', '/media/products/20231119/other_t4gHhM7.png', 3, '', 30, 13),
	(2644, '2023-11-20 17:35:58.397590', '185', '/media/products/20231119/other_H6qvEVa.png', 3, '', 30, 13),
	(2645, '2023-11-20 17:35:58.397590', '184', '/media/products/20231119/other_Mi93yTH.png', 3, '', 30, 13),
	(2646, '2023-11-20 17:35:58.397590', '183', '/media/products/20231119/other_cJMlXcc.png', 3, '', 30, 13),
	(2647, '2023-11-20 17:35:58.397590', '182', '/media/products/20231119/other_D9Wt1Kk.png', 3, '', 30, 13),
	(2648, '2023-11-20 17:35:58.414383', '181', '/media/products/20231119/other_qd6oAv8.png', 3, '', 30, 13),
	(2649, '2023-11-20 17:35:58.419620', '180', '/media/products/20231119/other_Z9Ow1Qm.png', 3, '', 30, 13),
	(2650, '2023-11-20 17:35:58.430965', '179', '/media/products/20231119/other_Crnxpvz.png', 3, '', 30, 13),
	(2651, '2023-11-20 17:35:58.434690', '178', '/media/products/20231119/other_GkpbMRH.png', 3, '', 30, 13),
	(2652, '2023-11-20 17:35:58.438230', '177', '/media/products/20231119/other_jtaafOH.png', 3, '', 30, 13),
	(2653, '2023-11-20 17:35:58.442091', '176', '/media/products/20231119/other_XJw2D19.png', 3, '', 30, 13),
	(2654, '2023-11-20 17:35:58.446064', '175', '/media/products/20231119/other_FDAPygu.png', 3, '', 30, 13),
	(2655, '2023-11-20 17:35:58.450463', '174', '/media/products/20231119/other_EsFwNXb.png', 3, '', 30, 13),
	(2656, '2023-11-20 17:35:58.454339', '173', '/media/products/20231119/other_6dLFa24.png', 3, '', 30, 13),
	(2657, '2023-11-20 17:35:58.458278', '172', '/media/products/20231119/other_gwkHzXw.png', 3, '', 30, 13),
	(2658, '2023-11-20 17:35:58.462222', '171', '/media/products/20231119/other_ARLO2EN.png', 3, '', 30, 13),
	(2659, '2023-11-20 17:35:58.466019', '170', '/media/products/20231119/other_A3FVVOl.png', 3, '', 30, 13),
	(2660, '2023-11-20 17:35:58.470191', '169', '/media/products/20231119/other_lvAAuXp.png', 3, '', 30, 13),
	(2661, '2023-11-20 17:35:58.474051', '168', '/media/products/20231119/other_dCbhS7n.png', 3, '', 30, 13),
	(2662, '2023-11-20 17:35:58.477982', '167', '/media/products/20231119/other_OU7F5f3.png', 3, '', 30, 13),
	(2663, '2023-11-20 17:35:58.482232', '166', '/media/products/20231119/other_BfIR6Ku.png', 3, '', 30, 13),
	(2664, '2023-11-20 17:35:58.482452', '165', '/media/products/20231119/other_hJTUOqq.png', 3, '', 30, 13),
	(2665, '2023-11-20 17:35:58.482452', '164', '/media/products/20231119/other_tuWaVPq.png', 3, '', 30, 13),
	(2666, '2023-11-20 17:35:58.482452', '163', '/media/products/20231119/other_FFVIzVx.png', 3, '', 30, 13),
	(2667, '2023-11-20 17:35:58.497860', '162', '/media/products/20231119/other_WnITNy5.png', 3, '', 30, 13),
	(2668, '2023-11-20 17:35:58.501591', '161', '/media/products/20231119/other_MbcL0DJ.png', 3, '', 30, 13),
	(2669, '2023-11-20 17:35:58.505221', '160', '/media/products/20231119/other_t3SOjb7.png', 3, '', 30, 13),
	(2670, '2023-11-20 17:35:58.509227', '159', '/media/products/20231119/other_vPpj8rk.png', 3, '', 30, 13),
	(2671, '2023-11-20 17:35:58.513134', '158', '/media/products/20231119/other_yhCGbt5.png', 3, '', 30, 13),
	(2672, '2023-11-20 17:35:58.515415', '157', '/media/products/20231119/other_J1nEH0Z.png', 3, '', 30, 13),
	(2673, '2023-11-20 17:35:58.515415', '156', '/media/products/20231119/other_O2fkYDw.png', 3, '', 30, 13),
	(2674, '2023-11-20 17:35:58.515415', '155', '/media/products/20231119/other_r67Wv0U.png', 3, '', 30, 13),
	(2675, '2023-11-20 17:35:58.515415', '154', '/media/products/20231119/other_4aGhEJD.png', 3, '', 30, 13),
	(2676, '2023-11-20 17:35:58.532193', '153', '/media/products/20231119/other_wloXG5x.png', 3, '', 30, 13),
	(2677, '2023-11-20 17:35:58.536230', '152', '/media/products/20231119/other_SyW2kvC.png', 3, '', 30, 13),
	(2678, '2023-11-20 17:35:58.540230', '151', '/media/products/20231119/other_wHzOVRj.png', 3, '', 30, 13),
	(2679, '2023-11-20 17:35:58.544083', '150', '/media/products/20231119/other_cOvo5DY.png', 3, '', 30, 13),
	(2680, '2023-11-20 17:35:58.548079', '149', '/media/products/20231119/other_z7TpS73.png', 3, '', 30, 13),
	(2681, '2023-11-20 17:35:58.551838', '148', '/media/products/20231119/other_DYvSqhY.png', 3, '', 30, 13),
	(2682, '2023-11-20 17:35:58.555718', '147', '/media/products/20231119/other_1EpYH4M.png', 3, '', 30, 13),
	(2683, '2023-11-20 17:35:58.560622', '146', '/media/products/20231119/other_IHVtvfk.png', 3, '', 30, 13),
	(2684, '2023-11-20 17:35:58.564430', '145', '/media/products/20231119/other_4tCc2Pt.png', 3, '', 30, 13),
	(2685, '2023-11-20 17:35:58.564430', '144', '/media/products/20231119/other_fILD5dJ.png', 3, '', 30, 13),
	(2686, '2023-11-20 17:35:58.564430', '143', '/media/products/20231119/other_I186lZf.png', 3, '', 30, 13),
	(2687, '2023-11-20 17:35:58.564430', '142', '/media/products/20231119/other_4EjLPdN.png', 3, '', 30, 13),
	(2688, '2023-11-20 17:35:58.564430', '141', '/media/products/20231119/other_ZhWZq0x.png', 3, '', 30, 13),
	(2689, '2023-11-20 17:35:58.582013', '140', '/media/products/20231119/other_ZuccTAR.png', 3, '', 30, 13),
	(2690, '2023-11-20 17:35:58.582013', '139', '/media/products/20231119/other_ZdrRbJ4.png', 3, '', 30, 13),
	(2691, '2023-11-20 17:35:58.582013', '138', '/media/products/20231119/other_3PuIwIA.png', 3, '', 30, 13),
	(2692, '2023-11-20 17:35:58.607783', '137', '/media/products/20231119/other_NImfyl0.png', 3, '', 30, 13),
	(2693, '2023-11-20 17:35:58.613833', '136', '/media/products/20231119/other_yDhSQY6.png', 3, '', 30, 13),
	(2694, '2023-11-20 17:35:58.618134', '135', '/media/products/20231119/other_n7caRVy.png', 3, '', 30, 13),
	(2695, '2023-11-20 17:35:58.621168', '134', '/media/products/20231119/other_KAiQsTV.png', 3, '', 30, 13),
	(2696, '2023-11-20 17:35:58.624170', '133', '/media/products/20231119/other_lUtX9z8.png', 3, '', 30, 13),
	(2697, '2023-11-20 17:35:58.628151', '132', '/media/products/20231119/other_kzCZRCr.png', 3, '', 30, 13),
	(2698, '2023-11-20 17:35:58.630895', '131', '/media/products/20231119/other_ju4BgZo.png', 3, '', 30, 13),
	(2699, '2023-11-20 17:35:58.630895', '130', '/media/products/20231119/other_fgLCYSp.png', 3, '', 30, 13),
	(2700, '2023-11-20 17:35:58.630895', '129', '/media/products/20231119/other_8IPPqGT.png', 3, '', 30, 13),
	(2701, '2023-11-20 17:35:58.630895', '128', '/media/products/20231119/other_P3flOPK.png', 3, '', 30, 13),
	(2702, '2023-11-20 17:35:58.630895', '127', '/media/products/20231119/other_u63Pvig.png', 3, '', 30, 13),
	(2703, '2023-11-20 17:35:58.648662', '126', '/media/products/20231119/other_4HZcr26.png', 3, '', 30, 13),
	(2704, '2023-11-20 17:35:58.648662', '125', '/media/products/20231119/other_wTd293T.png', 3, '', 30, 13),
	(2705, '2023-11-20 17:35:58.648662', '124', '/media/products/20231119/other_oEDHxTT.png', 3, '', 30, 13),
	(2706, '2023-11-20 17:35:58.648662', '123', '/media/products/20231119/other_E1ELU69.png', 3, '', 30, 13),
	(2707, '2023-11-20 17:35:58.648662', '122', '/media/products/20231119/other_3w1F1Xq.png', 3, '', 30, 13),
	(2708, '2023-11-20 17:35:58.665570', '121', '/media/products/20231119/other_S79k02V.png', 3, '', 30, 13),
	(2709, '2023-11-20 17:35:58.668608', '120', '/media/products/20231119/other_0LSf0Xp.png', 3, '', 30, 13),
	(2710, '2023-11-20 17:35:58.672569', '119', '/media/products/20231119/other_XiPapud.png', 3, '', 30, 13),
	(2711, '2023-11-20 17:35:58.675607', '118', '/media/products/20231119/other_EQvERBS.png', 3, '', 30, 13),
	(2712, '2023-11-20 17:35:58.678609', '117', '/media/products/20231119/other_ciQAepU.png', 3, '', 30, 13),
	(2713, '2023-11-20 17:35:58.682302', '116', '/media/products/20231119/other_IVIzLe3.png', 3, '', 30, 13),
	(2714, '2023-11-20 17:35:58.685313', '115', '/media/products/20231119/other_rtIXH2w.png', 3, '', 30, 13),
	(2715, '2023-11-20 17:35:58.688297', '114', '/media/products/20231119/other_05QYSFN.png', 3, '', 30, 13),
	(2716, '2023-11-20 17:35:58.692299', '113', '/media/products/20231119/other_4vEr3gY.png', 3, '', 30, 13),
	(2717, '2023-11-20 17:35:58.695296', '112', '/media/products/20231119/other_AsT474W.png', 3, '', 30, 13),
	(2718, '2023-11-20 17:35:58.697519', '111', '/media/products/20231119/other_j8iXWL8.png', 3, '', 30, 13),
	(2719, '2023-11-20 17:35:58.697519', '110', '/media/products/20231119/other_ONoYugs.png', 3, '', 30, 13),
	(2720, '2023-11-20 17:35:58.697519', '109', '/media/products/20231119/other_LUhnJ0K.png', 3, '', 30, 13),
	(2721, '2023-11-20 17:35:58.697519', '108', '/media/products/20231119/other_8a66jF7.png', 3, '', 30, 13),
	(2722, '2023-11-20 17:35:58.697519', '107', '/media/products/20231119/other_L6YgHse.png', 3, '', 30, 13),
	(2723, '2023-11-20 17:35:58.716182', '106', '/media/products/20231119/other_odwq2Bx.png', 3, '', 30, 13),
	(2724, '2023-11-20 17:35:58.716182', '105', '/media/products/20231119/other_FrDjLvW.png', 3, '', 30, 13),
	(2725, '2023-11-20 17:35:58.716182', '104', '/media/products/20231119/other_3RSZW7W.png', 3, '', 30, 13),
	(2726, '2023-11-20 17:35:58.716182', '103', '/media/products/20231119/other_EbbeS9v.png', 3, '', 30, 13),
	(2727, '2023-11-20 17:35:58.716182', '102', '/media/products/20231119/other_aSHCAYK.png', 3, '', 30, 13),
	(2728, '2023-11-20 17:35:58.733190', '101', '/media/products/20231119/other_Fo5k0Uy.png', 3, '', 30, 13),
	(2729, '2023-11-20 17:35:58.736196', '100', '/media/products/20231119/other_UkLWXmw.png', 3, '', 30, 13),
	(2730, '2023-11-20 17:35:58.739226', '99', '/media/products/20231119/other_OK3EAXj.png', 3, '', 30, 13),
	(2731, '2023-11-20 17:35:58.742243', '98', '/media/products/20231119/other_ANVKMZd.png', 3, '', 30, 13),
	(2732, '2023-11-20 17:35:58.747914', '97', '/media/products/20231119/other_wRrvmY0.png', 3, '', 30, 13),
	(2733, '2023-11-20 17:35:58.750951', '96', '/media/products/20231119/other_nNX8C0W.png', 3, '', 30, 13),
	(2734, '2023-11-20 17:35:58.754915', '95', '/media/products/20231119/other_Bnoh1Wv.png', 3, '', 30, 13),
	(2735, '2023-11-20 17:35:58.757912', '94', '/media/products/20231119/other_RQXEgWR.png', 3, '', 30, 13),
	(2736, '2023-11-20 17:35:58.761009', '93', '/media/products/20231119/other_p4fH95F.png', 3, '', 30, 13),
	(2737, '2023-11-20 17:35:58.764008', '92', '/media/products/20231119/other_2NiyCqW.png', 3, '', 30, 13),
	(2738, '2023-11-20 17:35:58.764897', '91', '/media/products/20231119/other_tIHwApb.png', 3, '', 30, 13),
	(2739, '2023-11-20 17:35:58.764897', '90', '/media/products/20231119/other_gsvjSw4.png', 3, '', 30, 13),
	(2740, '2023-11-20 17:35:58.764897', '89', '/media/products/20231119/other_3njceMa.png', 3, '', 30, 13),
	(2741, '2023-11-20 17:35:58.764897', '88', '/media/products/20231119/other_23E9GJB.png', 3, '', 30, 13),
	(2742, '2023-11-20 17:35:58.780610', '87', '/media/products/20231119/other_gkNp0sF.png', 3, '', 30, 13),
	(2743, '2023-11-20 17:35:58.782836', '86', '/media/products/20231119/other_BbtX3Mq.png', 3, '', 30, 13),
	(2744, '2023-11-20 17:35:58.782836', '85', '/media/products/20231119/other_kYd9WeY.png', 3, '', 30, 13),
	(2745, '2023-11-20 17:35:58.782836', '84', '/media/products/20231119/other_ocdlzY5.png', 3, '', 30, 13),
	(2746, '2023-11-20 17:35:58.782836', '83', '/media/products/20231119/other_XufZYYE.png', 3, '', 30, 13),
	(2747, '2023-11-20 17:35:58.797889', '82', '/media/products/20231119/other_tlnYXdY.png', 3, '', 30, 13),
	(2748, '2023-11-20 17:35:58.801538', '81', '/media/products/20231119/other_uCGDQAd.png', 3, '', 30, 13),
	(2749, '2023-11-20 17:35:58.805267', '80', '/media/products/20231119/other_IQ8CUso.png', 3, '', 30, 13),
	(2750, '2023-11-20 17:35:58.809270', '79', '/media/products/20231119/other_1OOS9XR.png', 3, '', 30, 13),
	(2751, '2023-11-20 17:35:58.813261', '78', '/media/products/20231119/other_LNlHWYH.png', 3, '', 30, 13),
	(2752, '2023-11-20 17:35:58.817341', '77', '/media/products/20231119/other_WRCoqPx.png', 3, '', 30, 13),
	(2753, '2023-11-20 17:35:58.823000', '76', '/media/products/20231119/other_WsItkEp.png', 3, '', 30, 13),
	(2754, '2023-11-20 17:35:58.826907', '75', '/media/products/20231119/other_XCLjgxT.png', 3, '', 30, 13),
	(2755, '2023-11-20 17:35:58.830965', '74', '/media/products/20231119/other_OpCZNTV.png', 3, '', 30, 13),
	(2756, '2023-11-20 17:35:58.830965', '73', '/media/products/20231119/other_9GLlpgQ.png', 3, '', 30, 13),
	(2757, '2023-11-20 17:35:58.830965', '72', '/media/products/20231119/other_THSp3dE.png', 3, '', 30, 13),
	(2758, '2023-11-20 17:35:58.830965', '71', '/media/products/20231119/other_paW2Izr.png', 3, '', 30, 13),
	(2759, '2023-11-20 17:35:58.846675', '70', '/media/products/20231119/other_VTkvJDl.png', 3, '', 30, 13),
	(2760, '2023-11-20 17:35:58.849532', '69', '/media/products/20231119/other_NtKLmhj.png', 3, '', 30, 13),
	(2761, '2023-11-20 17:35:58.849532', '68', '/media/products/20231119/other_MoVEJEx.png', 3, '', 30, 13),
	(2762, '2023-11-20 17:35:58.849532', '67', '/media/products/20231119/other_D3s48bF.png', 3, '', 30, 13),
	(2763, '2023-11-20 17:35:58.849532', '66', '/media/products/20231119/other_Oy7KTYz.png', 3, '', 30, 13),
	(2764, '2023-11-20 17:35:58.867026', '65', '/media/products/20231119/other_VTDKdEQ.png', 3, '', 30, 13),
	(2765, '2023-11-20 17:35:58.871575', '64', '/media/products/20231119/other_lq1pXUJ.png', 3, '', 30, 13),
	(2766, '2023-11-20 17:35:58.874704', '63', '/media/products/20231119/other_ZE3808T.png', 3, '', 30, 13),
	(2767, '2023-11-20 17:35:58.878719', '62', '/media/products/20231119/other_od6ca2R.png', 3, '', 30, 13),
	(2768, '2023-11-20 17:35:58.882659', '61', '/media/products/20231119/other_YNeXaeZ.png', 3, '', 30, 13),
	(2769, '2023-11-20 17:35:58.886847', '60', '/media/products/20231119/other_U4jE2XT.png', 3, '', 30, 13),
	(2770, '2023-11-20 17:35:58.890693', '59', '/media/products/20231119/other_RNvM9Vq.png', 3, '', 30, 13),
	(2771, '2023-11-20 17:35:58.894695', '58', '/media/products/20231119/other_hHkXuJ0.png', 3, '', 30, 13),
	(2772, '2023-11-20 17:35:58.897707', '57', '/media/products/20231119/other_0H0UqPZ.png', 3, '', 30, 13),
	(2773, '2023-11-20 17:35:58.897707', '56', '/media/products/20231119/other_UoG9Kr4.png', 3, '', 30, 13),
	(2774, '2023-11-20 17:35:58.897707', '55', '/media/products/20231119/other_nCAXSbX.png', 3, '', 30, 13),
	(2775, '2023-11-20 17:35:58.897707', '54', '/media/products/20231119/other_SHilBba.png', 3, '', 30, 13),
	(2776, '2023-11-20 17:35:58.914447', '53', '/media/products/20231119/other_SvUa0xe.png', 3, '', 30, 13),
	(2777, '2023-11-20 17:35:58.915860', '52', '/media/products/20231119/other_4wywNqS.png', 3, '', 30, 13),
	(2778, '2023-11-20 17:35:58.915860', '51', '/media/products/20231119/other_ZH1Y8vQ.png', 3, '', 30, 13),
	(2779, '2023-11-20 17:35:58.915860', '50', '/media/products/20231119/other_cfLRHwQ.png', 3, '', 30, 13),
	(2780, '2023-11-20 17:35:58.931131', '49', '/media/products/20231119/other_8H90u8k.png', 3, '', 30, 13),
	(2781, '2023-11-20 17:35:58.934895', '48', '/media/products/20231119/other_vcDGixc.png', 3, '', 30, 13),
	(2782, '2023-11-20 17:35:58.939461', '47', '/media/products/20231119/other_VLxWCq0.png', 3, '', 30, 13),
	(2783, '2023-11-20 17:35:58.943456', '46', '/media/products/20231119/other_yYydLPp.png', 3, '', 30, 13),
	(2784, '2023-11-20 17:35:58.947922', '45', '/media/products/20231119/other_eBjB0QP.png', 3, '', 30, 13),
	(2785, '2023-11-20 17:35:58.951104', '44', '/media/products/20231119/other_hP2EM6K.png', 3, '', 30, 13),
	(2786, '2023-11-20 17:35:58.955381', '43', '/media/products/20231119/other_1NW8hXR.png', 3, '', 30, 13),
	(2787, '2023-11-20 17:35:58.959975', '42', '/media/products/20231119/other_xotX5Rv.png', 3, '', 30, 13),
	(2788, '2023-11-20 17:35:58.963114', '41', '/media/products/20231119/other_1pGtQiq.png', 3, '', 30, 13),
	(2789, '2023-11-20 17:35:58.964240', '40', '/media/products/20231119/other_8Ibx9Dl.png', 3, '', 30, 13),
	(2790, '2023-11-20 17:35:58.964240', '39', '/media/products/20231119/other_0Pdeseh.png', 3, '', 30, 13),
	(2791, '2023-11-20 17:35:58.964240', '38', '/media/products/20231119/other_h7z1jx1.png', 3, '', 30, 13),
	(2792, '2023-11-20 17:35:58.964240', '37', '/media/products/20231119/other_GLcn41P.png', 3, '', 30, 13),
	(2793, '2023-11-20 17:35:58.983486', '36', '/media/products/20231119/other_ZyRfvqQ.png', 3, '', 30, 13),
	(2794, '2023-11-20 17:35:58.986798', '35', '/media/products/20231119/other_k991tjT.png', 3, '', 30, 13),
	(2795, '2023-11-20 17:35:58.990805', '34', '/media/products/20231119/other_Y5orB3g.png', 3, '', 30, 13),
	(2796, '2023-11-20 17:35:58.994730', '33', '/media/products/20231119/other_zWyAtIM.png', 3, '', 30, 13),
	(2797, '2023-11-20 17:35:58.998620', '32', '/media/products/20231119/other_2tXLMze.png', 3, '', 30, 13),
	(2798, '2023-11-20 17:35:59.002557', '31', '/media/products/20231119/other_iC3NiB1.png', 3, '', 30, 13),
	(2799, '2023-11-20 17:35:59.006531', '30', '/media/products/20231119/other_8A4iWQp.png', 3, '', 30, 13),
	(2800, '2023-11-20 17:35:59.010471', '29', '/media/products/20231119/other_IIckNLy.png', 3, '', 30, 13),
	(2801, '2023-11-20 17:35:59.014363', '28', '/media/products/20231119/other_W9A6L7w.png', 3, '', 30, 13),
	(2802, '2023-11-20 17:35:59.018541', '27', '/media/products/20231119/other_K6GgXEl.png', 3, '', 30, 13),
	(2803, '2023-11-20 17:35:59.022642', '26', '/media/products/20231119/other_ZudpNZC.png', 3, '', 30, 13),
	(2804, '2023-11-20 17:35:59.026635', '25', '/media/products/20231119/other_jw0Z5hu.png', 3, '', 30, 13),
	(2805, '2023-11-20 17:35:59.031455', '24', '/media/products/20231119/other_RWXyJjZ.png', 3, '', 30, 13),
	(2806, '2023-11-20 17:35:59.035293', '23', '/media/products/20231119/other_J8cuxmd.png', 3, '', 30, 13),
	(2807, '2023-11-20 17:35:59.039329', '22', '/media/products/20231119/other_xn3Scru.png', 3, '', 30, 13),
	(2808, '2023-11-20 17:35:59.043303', '21', '/media/products/20231119/other_BATBqMw.png', 3, '', 30, 13),
	(2809, '2023-11-20 17:35:59.047810', '20', '/media/products/20231119/other_KhPC30n.png', 3, '', 30, 13),
	(2810, '2023-11-20 17:35:59.048977', '19', '/media/products/20231119/other_gLNNZez.png', 3, '', 30, 13),
	(2811, '2023-11-20 17:35:59.048977', '18', '/media/products/20231119/other_TXYNl2S.png', 3, '', 30, 13),
	(2812, '2023-11-20 17:35:59.048977', '17', '/media/products/20231119/other_X1CwxXI.png', 3, '', 30, 13),
	(2813, '2023-11-20 17:35:59.064603', '16', '/media/products/20231119/other_IGAufpv.png', 3, '', 30, 13),
	(2814, '2023-11-20 17:35:59.068418', '15', '/media/products/20231119/other_H4BByrc.png', 3, '', 30, 13),
	(2815, '2023-11-20 17:35:59.072109', '14', '/media/products/20231119/other_a6f0HMS.png', 3, '', 30, 13),
	(2816, '2023-11-20 17:35:59.077934', '13', '/media/products/20231119/other_rJbrfa4.png', 3, '', 30, 13),
	(2817, '2023-11-20 17:35:59.081574', '12', '/media/products/20231119/other_WylNQXO.png', 3, '', 30, 13),
	(2818, '2023-11-20 17:35:59.085574', '11', '/media/products/20231119/other.png', 3, '', 30, 13),
	(2819, '2023-11-20 17:35:59.089506', '10', '/media/products/20231104/HP-Notebook-250-G8--leftside-view.png', 3, '', 30, 13),
	(2820, '2023-11-20 17:35:59.093510', '9', '/media/products/20231104/HP-Notebook-250-G8--back-view.png', 3, '', 30, 13),
	(2821, '2023-11-20 17:35:59.097660', '8', '/media/products/20231104/dairy_brookside_milk.png', 3, '', 30, 13),
	(2822, '2023-11-20 17:35:59.101610', '7', '/media/products/20231104/lenovo2.jpg', 3, '', 30, 13),
	(2823, '2023-11-20 17:35:59.105640', '6', '/media/products/20231104/lenovo1.jpg', 3, '', 30, 13),
	(2824, '2023-11-20 17:35:59.109467', '5', '/media/products/20231103/yogo_d4NuUmz.jpeg', 3, '', 30, 13),
	(2825, '2023-11-20 17:35:59.113400', '4', '/media/products/20231103/yogo_dcwScGH.jpeg', 3, '', 30, 13),
	(2826, '2023-11-20 17:35:59.117121', '3', '/media/products/20231103/yogo_qUSIxui.jpeg', 3, '', 30, 13),
	(2827, '2023-11-20 17:35:59.117121', '2', '/media/products/20231103/yogo_m4QC5ai.jpeg', 3, '', 30, 13),
	(2828, '2023-11-20 17:35:59.117121', '1', '/media/products/20231103/yogo.jpeg', 3, '', 30, 13),
	(2829, '2023-11-20 17:36:23.316343', '64', 'Meat', 3, '', 24, 13),
	(2830, '2023-11-20 17:36:23.320341', '63', 'Other', 3, '', 24, 13),
	(2831, '2023-11-20 17:36:23.323342', '62', 'Royco', 3, '', 24, 13),
	(2832, '2023-11-20 17:36:23.325440', '61', 'Matchbox', 3, '', 24, 13),
	(2833, '2023-11-20 17:36:23.325440', '60', 'Chewing Gum', 3, '', 24, 13),
	(2834, '2023-11-20 17:36:23.334264', '59', 'Steelwool', 3, '', 24, 13),
	(2835, '2023-11-20 17:36:23.337263', '58', 'Puffs', 3, '', 24, 13),
	(2836, '2023-11-20 17:36:23.341316', '57', 'Candles', 3, '', 24, 13),
	(2837, '2023-11-20 17:36:23.341316', '56', 'Ringoz', 3, '', 24, 13),
	(2838, '2023-11-20 17:36:23.348401', '55', 'Bites', 3, '', 24, 13),
	(2839, '2023-11-20 17:36:23.351398', '54', 'Sweets', 3, '', 24, 13),
	(2840, '2023-11-20 17:36:23.355401', '53', 'Ndazis', 3, '', 24, 13),
	(2841, '2023-11-20 17:36:23.358455', '52', 'Glucose', 3, '', 24, 13),
	(2842, '2023-11-20 17:36:23.358455', '51', 'Yego', 3, '', 24, 13),
	(2843, '2023-11-20 17:36:23.365600', '50', 'Cigar', 3, '', 24, 13),
	(2844, '2023-11-20 17:36:23.369600', '49', 'Stationary', 3, '', 24, 13),
	(2845, '2023-11-20 17:36:23.372602', '48', 'Beverges', 3, '', 24, 13),
	(2846, '2023-11-20 17:36:23.376602', '47', 'Family', 3, '', 24, 13),
	(2847, '2023-11-20 17:36:23.380016', '46', 'Orange', 3, '', 24, 13),
	(2848, '2023-11-20 17:36:23.383020', '45', 'Pain Killers', 3, '', 24, 13),
	(2849, '2023-11-20 17:36:23.387019', '44', 'Weetabix', 3, '', 24, 13),
	(2850, '2023-11-20 17:36:23.391019', '43', 'Brush', 3, '', 24, 13),
	(2851, '2023-11-20 17:36:23.394021', '42', 'Mboga', 3, '', 24, 13),
	(2852, '2023-11-20 17:36:23.396986', '41', 'Repellants', 3, '', 24, 13),
	(2853, '2023-11-20 17:36:23.396986', '40', 'Flavour', 3, '', 24, 13),
	(2854, '2023-11-20 17:36:23.396986', '39', 'Spices', 3, '', 24, 13),
	(2855, '2023-11-20 17:36:23.396986', '38', 'Crips', 3, '', 24, 13),
	(2856, '2023-11-20 17:36:23.412611', '37', 'Beverages', 3, '', 24, 13),
	(2857, '2023-11-20 17:36:23.412611', '36', 'Powder Powder', 3, '', 24, 13),
	(2858, '2023-11-20 17:36:23.412611', '35', 'Biscuits', 3, '', 24, 13),
	(2859, '2023-11-20 17:36:23.412611', '34', 'Tooth Paste', 3, '', 24, 13),
	(2860, '2023-11-20 17:36:23.428238', '33', 'Toiletry', 3, '', 24, 13),
	(2861, '2023-11-20 17:36:23.431244', '32', 'Pads', 3, '', 24, 13),
	(2862, '2023-11-20 17:36:23.431244', '31', 'Ngumu', 3, '', 24, 13),
	(2863, '2023-11-20 17:36:23.431244', '30', 'Mandazi', 3, '', 24, 13),
	(2864, '2023-11-20 17:36:23.431244', '29', 'Bread', 3, '', 24, 13),
	(2865, '2023-11-20 17:36:23.447150', '28', 'Drinks', 3, '', 24, 13),
	(2866, '2023-11-20 17:36:23.447150', '27', 'Cereals', 3, '', 24, 13),
	(2867, '2023-11-20 17:36:23.447150', '26', 'Floor', 3, '', 24, 13),
	(2868, '2023-11-20 17:36:23.447150', '25', 'Sugar', 3, '', 24, 13),
	(2869, '2023-11-20 17:36:23.462777', '24', 'Legumes', 3, '', 24, 13),
	(2870, '2023-11-20 17:36:23.465635', '23', 'Jelly', 3, '', 24, 13),
	(2871, '2023-11-20 17:36:23.465635', '22', 'Cooking Oil', 3, '', 24, 13),
	(2872, '2023-11-20 17:36:23.465635', '21', 'Fast Foods', 3, '', 24, 13),
	(2873, '2023-11-20 17:36:23.465635', '20', 'Soap & Detergents', 3, '', 24, 13),
	(2874, '2023-11-20 17:36:23.481265', '19', 'Poultry Products', 3, '', 24, 13),
	(2875, '2023-11-20 17:36:23.481265', '18', 'Flavours', 3, '', 24, 13),
	(2876, '2023-11-20 17:36:23.481265', '17', 'Sweeteners', 3, '', 24, 13),
	(2877, '2023-11-20 17:36:23.481265', '1', 'Dairy Products', 3, '', 24, 13),
	(2878, '2023-11-20 17:36:34.630145', '125', 'Pork', 3, '', 23, 13),
	(2879, '2023-11-20 17:36:34.630145', '124', 'Other', 3, '', 23, 13),
	(2880, '2023-11-20 17:36:34.646144', '123', 'Potatoes', 3, '', 23, 13),
	(2881, '2023-11-20 17:36:34.650454', '122', 'Omena', 3, '', 23, 13),
	(2882, '2023-11-20 17:36:34.653451', '121', 'Koo', 3, '', 23, 13),
	(2883, '2023-11-20 17:36:34.656451', '120', 'Patco', 3, '', 23, 13),
	(2884, '2023-11-20 17:36:34.657518', '119', 'Tropical', 3, '', 23, 13),
	(2885, '2023-11-20 17:36:34.662837', '118', 'Ginger', 3, '', 23, 13),
	(2886, '2023-11-20 17:36:34.667015', '117', 'Chicken Flavour', 3, '', 23, 13),
	(2887, '2023-11-20 17:36:34.670015', '116', 'Royco', 3, '', 23, 13),
	(2888, '2023-11-20 17:36:34.672936', '115', 'Matchbox', 3, '', 23, 13),
	(2889, '2023-11-20 17:36:34.672936', '114', 'PK', 3, '', 23, 13),
	(2890, '2023-11-20 17:36:34.681207', '113', 'Fresh', 3, '', 23, 13),
	(2891, '2023-11-20 17:36:34.684202', '112', 'Maramoja', 3, '', 23, 13),
	(2892, '2023-11-20 17:36:34.687202', '111', 'Hedex', 3, '', 23, 13),
	(2893, '2023-11-20 17:36:34.691204', '110', 'Dormans', 3, '', 23, 13),
	(2894, '2023-11-20 17:36:34.694203', '109', 'Steelwool', 3, '', 23, 13),
	(2895, '2023-11-20 17:36:34.697979', '108', 'Curry Powder', 3, '', 23, 13),
	(2896, '2023-11-20 17:36:34.700977', '107', 'Candles', 3, '', 23, 13),
	(2897, '2023-11-20 17:36:34.703978', '106', 'Safari', 3, '', 23, 13),
	(2898, '2023-11-20 17:36:34.707979', '105', 'Ringoz', 3, '', 23, 13),
	(2899, '2023-11-20 17:36:34.710978', '104', 'Chocolate', 3, '', 23, 13),
	(2900, '2023-11-20 17:36:34.713677', '103', 'Bites', 3, '', 23, 13),
	(2901, '2023-11-20 17:36:34.713677', '102', 'Sweets', 3, '', 23, 13),
	(2902, '2023-11-20 17:36:34.713677', '101', 'Cocoa', 3, '', 23, 13),
	(2903, '2023-11-20 17:36:34.713677', '100', 'Tuliza', 3, '', 23, 13),
	(2904, '2023-11-20 17:36:34.713677', '99', 'Panadol', 3, '', 23, 13),
	(2905, '2023-11-20 17:36:34.731424', '98', 'Sportsman', 3, '', 23, 13),
	(2906, '2023-11-20 17:36:34.734422', '97', 'SM', 3, '', 23, 13),
	(2907, '2023-11-20 17:36:34.737422', '96', 'KDF', 3, '', 23, 13),
	(2908, '2023-11-20 17:36:34.741425', '95', 'Glucose', 3, '', 23, 13),
	(2909, '2023-11-20 17:36:34.744422', '94', 'Eggs', 3, '', 23, 13),
	(2910, '2023-11-20 17:36:34.748090', '93', 'Bath Soap', 3, '', 23, 13),
	(2911, '2023-11-20 17:36:34.751088', '92', 'Diaper', 3, '', 23, 13),
	(2912, '2023-11-20 17:36:34.754088', '91', 'Sprite', 3, '', 23, 13),
	(2913, '2023-11-20 17:36:34.758091', '90', 'Kahawa', 3, '', 23, 13),
	(2914, '2023-11-20 17:36:34.761696', '89', 'Oreo', 3, '', 23, 13),
	(2915, '2023-11-20 17:36:34.761696', '88', 'Exercise Book', 3, '', 23, 13),
	(2916, '2023-11-20 17:36:34.761696', '87', 'Switch', 3, '', 23, 13),
	(2917, '2023-11-20 17:36:34.761696', '86', 'Salt', 3, '', 23, 13),
	(2918, '2023-11-20 17:36:34.761696', '85', 'Pen', 3, '', 23, 13),
	(2919, '2023-11-20 17:36:34.777323', '84', 'Krest', 3, '', 23, 13),
	(2920, '2023-11-20 17:36:34.777323', '83', 'Nescafe', 3, '', 23, 13),
	(2921, '2023-11-20 17:36:34.777323', '82', 'Nuvita ', 3, '', 23, 13),
	(2922, '2023-11-20 17:36:34.777323', '81', 'Menthol', 3, '', 23, 13),
	(2923, '2023-11-20 17:36:34.777323', '80', 'Eno', 3, '', 23, 13),
	(2924, '2023-11-20 17:36:34.792948', '79', 'Single', 3, '', 23, 13),
	(2925, '2023-11-20 17:36:34.792948', '78', 'Marie', 3, '', 23, 13),
	(2926, '2023-11-20 17:36:34.792948', '77', 'Toothbrush', 3, '', 23, 13),
	(2927, '2023-11-20 17:36:34.792948', '76', 'Mboga', 3, '', 23, 13),
	(2928, '2023-11-20 17:36:34.808577', '75', 'Mosquito Coil', 3, '', 23, 13),
	(2929, '2023-11-20 17:36:34.812800', '74', 'Biscuits', 3, '', 23, 13),
	(2930, '2023-11-20 17:36:34.812800', '73', 'Beef Flavour', 3, '', 23, 13),
	(2931, '2023-11-20 17:36:34.812800', '72', 'Sossi', 3, '', 23, 13),
	(2932, '2023-11-20 17:36:34.812800', '71', 'Classic', 3, '', 23, 13),
	(2933, '2023-11-20 17:36:34.812800', '70', 'Indomie', 3, '', 23, 13),
	(2934, '2023-11-20 17:36:34.829608', '69', 'Soda Glass', 3, '', 23, 13),
	(2935, '2023-11-20 17:36:34.829608', '68', 'Soda Plastic', 3, '', 23, 13),
	(2936, '2023-11-20 17:36:34.829608', '67', 'Novida', 3, '', 23, 13),
	(2937, '2023-11-20 17:36:34.829608', '66', 'Juo Ukwaju', 3, '', 23, 13),
	(2938, '2023-11-20 17:36:34.829608', '65', 'Juo Orange', 3, '', 23, 13),
	(2939, '2023-11-20 17:36:34.846027', '64', 'Jooz Orange Juice', 3, '', 23, 13),
	(2940, '2023-11-20 17:36:34.846027', '63', 'Minute Maid ', 3, '', 23, 13),
	(2941, '2023-11-20 17:36:34.846027', '62', 'Tomato', 3, '', 23, 13),
	(2942, '2023-11-20 17:36:34.846027', '61', 'Salt & Vnegar', 3, '', 23, 13),
	(2943, '2023-11-20 17:36:34.846027', '60', 'Chilli', 3, '', 23, 13),
	(2944, '2023-11-20 17:36:34.863332', '59', 'Cheese & Onion', 3, '', 23, 13),
	(2945, '2023-11-20 17:36:34.866332', '58', 'Crips', 3, '', 23, 13),
	(2946, '2023-11-20 17:36:34.870145', '57', 'Tea', 3, '', 23, 13),
	(2947, '2023-11-20 17:36:34.873146', '56', 'Baking Powder', 3, '', 23, 13),
	(2948, '2023-11-20 17:36:34.880600', '55', 'Colada', 3, '', 23, 13),
	(2949, '2023-11-20 17:36:34.884048', '54', 'Orange', 3, '', 23, 13),
	(2950, '2023-11-20 17:36:34.887045', '53', 'Nuvita', 3, '', 23, 13),
	(2951, '2023-11-20 17:36:34.891048', '52', 'Coke', 3, '', 23, 13),
	(2952, '2023-11-20 17:36:34.894431', '51', 'Passion', 3, '', 23, 13),
	(2953, '2023-11-20 17:36:34.898432', '50', 'Predator', 3, '', 23, 13),
	(2954, '2023-11-20 17:36:34.901432', '49', 'Jam', 3, '', 23, 13),
	(2955, '2023-11-20 17:36:34.904431', '48', 'Spaghetti', 3, '', 23, 13),
	(2956, '2023-11-20 17:36:34.909436', '47', 'Colgate', 3, '', 23, 13),
	(2957, '2023-11-20 17:36:34.912434', '46', 'Softcare', 3, '', 23, 13),
	(2958, '2023-11-20 17:36:34.916434', '45', 'Milk', 3, '', 23, 13),
	(2959, '2023-11-20 17:36:34.919496', '44', 'Afia ', 3, '', 23, 13),
	(2960, '2023-11-20 17:36:34.923496', '43', 'Bella', 3, '', 23, 13),
	(2961, '2023-11-20 17:36:34.926498', '42', 'Always', 3, '', 23, 13),
	(2962, '2023-11-20 17:36:34.929497', '41', 'Ngumu', 3, '', 23, 13),
	(2963, '2023-11-20 17:36:34.932496', '40', 'Mandazi', 3, '', 23, 13),
	(2964, '2023-11-20 17:36:34.936497', '39', 'Bread', 3, '', 23, 13),
	(2965, '2023-11-20 17:36:34.939496', '38', 'Water', 3, '', 23, 13),
	(2966, '2023-11-20 17:36:34.942496', '37', 'Mala', 3, '', 23, 13),
	(2967, '2023-11-20 17:36:34.946499', '36', 'Ndengu', 3, '', 23, 13),
	(2968, '2023-11-20 17:36:34.950502', '35', 'Bar Soap', 3, '', 23, 13),
	(2969, '2023-11-20 17:36:34.955502', '34', 'Quencher', 3, '', 23, 13),
	(2970, '2023-11-20 17:36:34.960504', '33', 'Maize Floor', 3, '', 23, 13),
	(2971, '2023-11-20 17:36:34.964865', '32', 'Yellow Beans', 3, '', 23, 13),
	(2972, '2023-11-20 17:36:34.967867', '31', 'Juice', 3, '', 23, 13),
	(2973, '2023-11-20 17:36:34.971866', '30', 'Soda', 3, '', 23, 13),
	(2974, '2023-11-20 17:36:34.973901', '29', 'Rice', 3, '', 23, 13),
	(2975, '2023-11-20 17:36:34.978590', '28', 'Wheat Floor', 3, '', 23, 13),
	(2976, '2023-11-20 17:36:34.981593', '27', 'Sugar', 3, '', 23, 13),
	(2977, '2023-11-20 17:36:34.984589', '26', 'Powder', 3, '', 23, 13),
	(2978, '2023-11-20 17:36:41.548614', '25', 'Kamande', 3, '', 23, 13),
	(2979, '2023-11-20 17:36:41.562891', '24', 'Jelly', 3, '', 23, 13),
	(2980, '2023-11-20 17:36:41.562891', '23', 'Coocking Fat', 3, '', 23, 13),
	(2981, '2023-11-20 17:36:41.562891', '22', 'Sausages', 3, '', 23, 13),
	(2982, '2023-11-20 17:36:41.562891', '21', 'Omo', 3, '', 23, 13),
	(2983, '2023-11-20 17:36:41.578009', '20', 'Broilers', 3, '', 23, 13),
	(2984, '2023-11-20 17:36:41.579880', '19', 'Blueband', 3, '', 23, 13),
	(2985, '2023-11-20 17:36:41.579880', '18', 'Honey', 3, '', 23, 13),
	(2986, '2023-11-20 17:36:41.579880', '3', 'Whole milk', 3, '', 23, 13),
	(2987, '2023-11-20 17:36:41.579880', '2', 'Laptops', 3, '', 23, 13),
	(2988, '2023-11-20 17:36:41.595511', '1', 'Yoghurt', 3, '', 23, 13),
	(2989, '2023-11-20 17:36:52.812270', '138', 'Pork', 3, '', 26, 13),
	(2990, '2023-11-20 17:36:52.828738', '137', 'Ordinary', 3, '', 26, 13),
	(2991, '2023-11-20 17:36:52.845490', '136', 'Ham', 3, '', 26, 13),
	(2992, '2023-11-20 17:36:52.845490', '135', 'Black Currant', 3, '', 26, 13),
	(2993, '2023-11-20 17:36:52.845490', '134', 'Potatoes', 3, '', 26, 13),
	(2994, '2023-11-20 17:36:52.845490', '133', 'Omena', 3, '', 26, 13),
	(2995, '2023-11-20 17:36:52.860537', '132', 'Cowboy', 3, '', 26, 13),
	(2996, '2023-11-20 17:36:52.862629', '131', 'Koo', 3, '', 26, 13),
	(2997, '2023-11-20 17:36:52.862629', '130', 'Patco', 3, '', 26, 13),
	(2998, '2023-11-20 17:36:52.862629', '129', 'Tropical', 3, '', 26, 13),
	(2999, '2023-11-20 17:36:52.862629', '128', 'Ginger', 3, '', 26, 13),
	(3000, '2023-11-20 17:36:52.878255', '127', 'Chicken Flavour', 3, '', 26, 13),
	(3001, '2023-11-20 17:36:52.880792', '126', 'Royco', 3, '', 26, 13),
	(3002, '2023-11-20 17:36:52.880792', '125', 'Matchbox', 3, '', 26, 13),
	(3003, '2023-11-20 17:36:52.880792', '124', 'Biscuits', 3, '', 26, 13),
	(3004, '2023-11-20 17:36:52.880792', '123', 'PK', 3, '', 26, 13),
	(3005, '2023-11-20 17:36:52.895841', '122', 'Fresh', 3, '', 26, 13),
	(3006, '2023-11-20 17:36:52.896163', '121', 'Maramoja', 3, '', 26, 13),
	(3007, '2023-11-20 17:36:52.896163', '120', 'Hedex', 3, '', 26, 13),
	(3008, '2023-11-20 17:36:52.896163', '119', 'Dormans', 3, '', 26, 13),
	(3009, '2023-11-20 17:36:52.896163', '118', 'Steelwool', 3, '', 26, 13),
	(3010, '2023-11-20 17:36:52.911787', '117', 'Paste', 3, '', 26, 13),
	(3011, '2023-11-20 17:36:52.914029', '116', 'Powder', 3, '', 26, 13),
	(3012, '2023-11-20 17:36:52.914029', '115', 'Candles', 3, '', 26, 13),
	(3013, '2023-11-20 17:36:52.914029', '114', 'Safari', 3, '', 26, 13),
	(3014, '2023-11-20 17:36:52.914029', '113', 'Ariel', 3, '', 26, 13),
	(3015, '2023-11-20 17:36:52.914029', '112', 'Ringoz', 3, '', 26, 13),
	(3016, '2023-11-20 17:36:52.931798', '111', 'Chocolate', 3, '', 26, 13),
	(3017, '2023-11-20 17:36:52.935800', '110', 'Bites', 3, '', 26, 13),
	(3018, '2023-11-20 17:36:52.938796', '109', 'Sweets', 3, '', 26, 13),
	(3019, '2023-11-20 17:36:52.941796', '108', 'Cocoa', 3, '', 26, 13),
	(3020, '2023-11-20 17:36:52.946115', '107', 'Spinach', 3, '', 26, 13),
	(3021, '2023-11-20 17:36:52.949107', '106', 'Sukuma', 3, '', 26, 13),
	(3022, '2023-11-20 17:36:52.952108', '105', 'Tuliza', 3, '', 26, 13),
	(3023, '2023-11-20 17:36:52.955109', '104', 'Panadol', 3, '', 26, 13),
	(3024, '2023-11-20 17:36:52.959111', '103', 'Sportsman', 3, '', 26, 13),
	(3025, '2023-11-20 17:36:52.961494', '102', 'SM', 3, '', 26, 13),
	(3026, '2023-11-20 17:36:52.965004', '101', 'KDF', 3, '', 26, 13),
	(3027, '2023-11-20 17:36:52.965004', '100', 'Glucose', 3, '', 26, 13),
	(3028, '2023-11-20 17:36:52.965004', '99', 'Eggs', 3, '', 26, 13),
	(3029, '2023-11-20 17:36:52.977163', '98', 'Sawa', 3, '', 26, 13),
	(3030, '2023-11-20 17:36:52.978246', '97', 'Sprite', 3, '', 26, 13),
	(3031, '2023-11-20 17:36:52.978246', '96', 'Kahawa', 3, '', 26, 13),
	(3032, '2023-11-20 17:36:52.978246', '95', 'Oreo', 3, '', 26, 13),
	(3033, '2023-11-20 17:36:52.978246', '94', 'Twiga', 3, '', 26, 13),
	(3034, '2023-11-20 17:36:52.994884', '93', 'Switch', 3, '', 26, 13),
	(3035, '2023-11-20 17:36:52.994884', '92', 'Bic', 3, '', 26, 13),
	(3036, '2023-11-20 17:36:52.994884', '91', 'Krest', 3, '', 26, 13),
	(3037, '2023-11-20 17:36:52.994884', '90', 'Nescafe', 3, '', 26, 13),
	(3038, '2023-11-20 17:36:52.994884', '89', 'Green', 3, '', 26, 13),
	(3039, '2023-11-20 17:36:53.012586', '88', 'Menthol', 3, '', 26, 13),
	(3040, '2023-11-20 17:36:53.012586', '87', 'Eno', 3, '', 26, 13),
	(3041, '2023-11-20 17:36:53.012586', '86', 'Sumoja', 3, '', 26, 13),
	(3042, '2023-11-20 17:36:53.012586', '85', 'Single', 3, '', 26, 13),
	(3043, '2023-11-20 17:36:53.031246', '84', 'Marie', 3, '', 26, 13),
	(3044, '2023-11-20 17:36:53.034247', '83', 'Brush', 3, '', 26, 13),
	(3045, '2023-11-20 17:36:53.037247', '82', 'Cabbage', 3, '', 26, 13),
	(3046, '2023-11-20 17:36:53.040245', '81', 'Coil', 3, '', 26, 13),
	(3047, '2023-11-20 17:36:53.043890', '80', 'Strawberry', 3, '', 26, 13),
	(3048, '2023-11-20 17:36:53.046888', '79', 'Lemon', 3, '', 26, 13),
	(3049, '2023-11-20 17:36:53.049889', '78', 'Beef Flavour', 3, '', 26, 13),
	(3050, '2023-11-20 17:36:53.053889', '77', 'Sossi', 3, '', 26, 13),
	(3051, '2023-11-20 17:36:53.056892', '76', 'Classic', 3, '', 26, 13),
	(3052, '2023-11-20 17:36:53.060892', '75', 'Indomie', 3, '', 26, 13),
	(3053, '2023-11-20 17:36:53.061350', '74', 'White', 3, '', 26, 13),
	(3054, '2023-11-20 17:36:53.061350', '73', 'Eden', 3, '', 26, 13),
	(3055, '2023-11-20 17:36:53.061350', '72', 'Ketepa', 3, '', 26, 13),
	(3056, '2023-11-20 17:36:53.061350', '71', 'Soda Glass', 3, '', 26, 13),
	(3057, '2023-11-20 17:36:53.078202', '70', 'Mwala', 3, '', 26, 13),
	(3058, '2023-11-20 17:36:53.082198', '69', 'Novida', 3, '', 26, 13),
	(3059, '2023-11-20 17:36:53.085199', '68', ' Mango', 3, '', 26, 13),
	(3060, '2023-11-20 17:36:53.088199', '67', 'Tomato', 3, '', 26, 13),
	(3061, '2023-11-20 17:36:53.092198', '66', 'Salt', 3, '', 26, 13),
	(3062, '2023-11-20 17:36:53.095076', '65', 'Chilli', 3, '', 26, 13),
	(3063, '2023-11-20 17:36:53.098069', '64', 'Cheese', 3, '', 26, 13),
	(3064, '2023-11-20 17:36:53.102069', '63', 'Assorted', 3, '', 26, 13),
	(3065, '2023-11-20 17:36:53.105074', '62', 'Ndhiwa', 3, '', 26, 13),
	(3066, '2023-11-20 17:36:53.108070', '61', 'Ketepa Tangawizi', 3, '', 26, 13),
	(3067, '2023-11-20 17:36:53.110419', '60', 'Baking Powder', 3, '', 26, 13),
	(3068, '2023-11-20 17:36:53.110419', '59', 'Kinangop', 3, '', 26, 13),
	(3069, '2023-11-20 17:36:53.110419', '58', 'Juice', 3, '', 26, 13),
	(3070, '2023-11-20 17:36:53.110419', '57', 'Orange', 3, '', 26, 13),
	(3071, '2023-11-20 17:36:53.126046', '56', 'Nuvita', 3, '', 26, 13),
	(3072, '2023-11-20 17:36:53.129165', '55', 'Coke', 3, '', 26, 13),
	(3073, '2023-11-20 17:36:53.133165', '54', 'Passion', 3, '', 26, 13),
	(3074, '2023-11-20 17:36:53.136165', '53', 'Predator', 3, '', 26, 13),
	(3075, '2023-11-20 17:36:53.140164', '52', 'Kabete Dairies', 3, '', 26, 13),
	(3076, '2023-11-20 17:36:53.143835', '51', 'Jam', 3, '', 26, 13),
	(3077, '2023-11-20 17:36:53.146835', '50', 'Dawat', 3, '', 26, 13),
	(3078, '2023-11-20 17:36:53.150837', '49', 'Colgate', 3, '', 26, 13),
	(3079, '2023-11-20 17:36:53.153837', '48', 'Softcare', 3, '', 26, 13),
	(3080, '2023-11-20 17:36:53.156836', '47', 'Njugunas', 3, '', 26, 13),
	(3081, '2023-11-20 17:36:53.160406', '46', 'Afia ', 3, '', 26, 13),
	(3082, '2023-11-20 17:36:53.160406', '45', 'Bella', 3, '', 26, 13),
	(3083, '2023-11-20 17:36:53.160406', '44', 'Biryani', 3, '', 26, 13),
	(3084, '2023-11-20 17:36:53.160406', '43', 'Always', 3, '', 26, 13),
	(3085, '2023-11-20 17:36:53.160406', '42', 'Ngumu', 3, '', 26, 13),
	(3086, '2023-11-20 17:36:53.176032', '41', 'Mandazi', 3, '', 26, 13),
	(3087, '2023-11-20 17:36:53.176032', '40', 'Bread', 3, '', 26, 13),
	(3088, '2023-11-20 17:36:53.176032', '39', 'Soda', 3, '', 26, 13),
	(3089, '2023-11-20 17:36:53.176032', '38', 'Water', 3, '', 26, 13),
	(3090, '2023-11-20 17:36:53.176032', '37', 'Mala', 3, '', 26, 13),
	(3091, '2023-11-20 17:36:53.191658', '36', 'Sunlight', 3, '', 26, 13),
	(3092, '2023-11-20 17:36:53.191658', '35', 'Imported', 3, '', 26, 13),
	(3093, '2023-11-20 17:36:53.191658', '34', 'Yoghurt', 3, '', 26, 13),
	(3094, '2023-11-20 17:36:53.191658', '33', 'Pineapple', 3, '', 26, 13),
	(3095, '2023-11-20 17:36:53.207283', '32', 'Pembe', 3, '', 26, 13),
	(3096, '2023-11-20 17:36:53.207283', '31', 'Cocopine', 3, '', 26, 13),
	(3097, '2023-11-20 17:36:53.207283', '30', 'Soda  Plastic', 3, '', 26, 13),
	(3098, '2023-11-20 17:36:53.207283', '29', 'Pishori', 3, '', 26, 13),
	(3099, '2023-11-20 17:36:53.222908', '28', 'Ajab', 3, '', 26, 13),
	(3100, '2023-11-20 17:36:53.222908', '27', 'Sugar', 3, '', 26, 13),
	(3101, '2023-11-20 17:36:53.222908', '26', 'Msafi', 3, '', 26, 13),
	(3102, '2023-11-20 17:36:53.222908', '25', 'Beans', 3, '', 26, 13),
	(3103, '2023-11-20 17:36:53.222908', '24', 'Arimis', 3, '', 26, 13),
	(3104, '2023-11-20 17:36:53.238533', '23', 'Kimbo', 3, '', 26, 13),
	(3105, '2023-11-20 17:36:53.238533', '22', 'Fresh Fri', 3, '', 26, 13),
	(3106, '2023-11-20 17:36:53.238533', '21', 'Sausages', 3, '', 26, 13),
	(3107, '2023-11-20 17:36:53.238533', '20', 'Omo', 3, '', 26, 13),
	(3108, '2023-11-20 17:36:53.254156', '19', 'Broilers', 3, '', 26, 13),
	(3109, '2023-11-20 17:36:53.254156', '18', 'Blueband', 3, '', 26, 13),
	(3110, '2023-11-20 17:36:53.261475', '17', 'Honey', 3, '', 26, 13),
	(3111, '2023-11-20 17:36:53.265472', '6', 'Hp', 3, '', 26, 13),
	(3112, '2023-11-20 17:36:53.268471', '5', 'Lenovo', 3, '', 26, 13),
	(3113, '2023-11-20 17:36:53.272473', '3', 'Delight', 3, '', 26, 13),
	(3114, '2023-11-20 17:36:53.275473', '2', 'delamere', 3, '', 26, 13),
	(3115, '2023-11-20 17:36:53.279406', '1', 'fresh milk', 3, '', 26, 13),
	(3116, '2023-11-20 17:59:18.186013', '663', 'Kinangop Milk', 2, '[{"changed": {"name": "product images", "object": "/media/products/20231120/Fresh_Milk_JpQgLl5.jpg", "fields": ["Image"]}}, {"changed": {"name": "product images", "object": "/media/products/20231120/Fresh_Milk_2_Nnd2KNt.jpg", "fields": ["Image"]}}]', 25, 13),
	(3117, '2023-11-20 17:59:46.916104', '659', 'Fresh Milk - Kabete Dairies', 2, '[{"changed": {"name": "product images", "object": "/media/products/20231120/Fresh_Milk_3_RsLAQ7w.jpg", "fields": ["Image"]}}]', 25, 13),
	(3118, '2023-11-20 18:00:07.831669', '654', 'Fresh Milk - Njugunas', 2, '[{"changed": {"name": "product images", "object": "/media/products/20231120/Fresh_Milk_xYFgAmW.jpg", "fields": ["Image"]}}]', 25, 13),
	(3119, '2023-11-20 18:02:03.557420', '645', 'Mala', 2, '[{"added": {"name": "product images", "object": "/media/products/20231120/mala_2.jpeg"}}, {"changed": {"name": "product images", "object": "/media/products/20231120/mala.jpeg", "fields": ["Image"]}}]', 25, 13),
	(3120, '2023-11-20 18:04:07.415330', '624', 'Broilers', 2, '[{"added": {"name": "product images", "object": "/media/products/20231120/broilers.jpeg"}}, {"deleted": {"name": "product images", "object": "/media/products/20231120/other_bOmd4Ou.png"}}, {"deleted": {"name": "product images", "object": "/media/products/20231120/other_wwsN4E3.png"}}, {"deleted": {"name": "product images", "object": "/media/products/20231120/other_ELQklEG.png"}}, {"deleted": {"name": "product images", "object": "/media/products/20231120/other_DotFGcN.png"}}]', 25, 13),
	(3121, '2023-11-20 18:04:14.398849', '1382', 'Broilers (150)', 2, '[]', 36, 13),
	(3122, '2023-11-20 18:07:31.751135', '623', 'Blue band', 2, '[{"added": {"name": "product images", "object": "/media/products/20231120/blueband.jpeg"}}, {"added": {"name": "product images", "object": "/media/products/20231120/blueband2.jpeg"}}, {"deleted": {"name": "product images", "object": "/media/products/20231120/other.png"}}, {"deleted": {"name": "product images", "object": "/media/products/20231120/other_fBXSFFB.png"}}, {"deleted": {"name": "product images", "object": "/media/products/20231120/other_wjCTnPm.png"}}, {"deleted": {"name": "product images", "object": "/media/products/20231120/other_WI7CcpO.png"}}, {"deleted": {"name": "product images", "object": "/media/products/20231120/other_bL9scma.png"}}]', 25, 13),
	(3123, '2023-11-20 18:07:33.085646', '1304', 'Blue band (6)', 2, '[]', 36, 13),
	(3124, '2023-11-20 18:07:59.536411', '1456', 'Sugar (41)', 3, '', 36, 13),
	(3125, '2023-11-20 18:07:59.539408', '1315', 'Sugar (10)', 3, '', 36, 13),
	(3126, '2023-11-20 18:09:22.260262', '632', 'Sugar', 2, '[{"added": {"name": "product images", "object": "/media/products/20231120/sugar.jpeg"}}, {"deleted": {"name": "product images", "object": "/media/products/20231120/other_8u5Ed9F.png"}}, {"deleted": {"name": "product images", "object": "/media/products/20231120/other_pfjWBde.png"}}, {"deleted": {"name": "product images", "object": "/media/products/20231120/other_zSnxaeh.png"}}, {"deleted": {"name": "product images", "object": "/media/products/20231120/other_hZN6m24.png"}}, {"deleted": {"name": "product images", "object": "/media/products/20231120/other_z1UBcCm.png"}}, {"deleted": {"name": "product images", "object": "/media/products/20231120/other_66334qa.png"}}]', 25, 13),
	(3127, '2023-11-20 18:09:24.526334', '1457', 'Sugar (2)', 2, '[]', 36, 13),
	(3128, '2023-11-20 18:11:26.718063', '1460', 'Soda (2)', 3, '', 36, 13),
	(3129, '2023-11-20 18:11:26.734348', '1459', 'Soda (4)', 3, '', 36, 13),
	(3130, '2023-11-20 18:11:26.734967', '1458', 'Soda (1)', 3, '', 36, 13),
	(3131, '2023-11-20 18:11:26.734967', '1445', 'Soda (2)', 3, '', 36, 13),
	(3132, '2023-11-20 18:11:26.734967', '1444', 'Soda (3)', 3, '', 36, 13),
	(3133, '2023-11-20 18:11:26.734967', '1442', 'Soda (1)', 3, '', 36, 13),
	(3134, '2023-11-20 18:11:26.751875', '1394', 'Soda (24)', 3, '', 36, 13),
	(3135, '2023-11-20 18:11:26.751875', '1362', 'Soda (24)', 3, '', 36, 13),
	(3136, '2023-11-20 18:11:26.751875', '1341', 'Soda (24)', 3, '', 36, 13),
	(3137, '2023-11-20 18:11:26.751875', '1330', 'Soda (24)', 3, '', 36, 13),
	(3138, '2023-11-20 18:11:26.770352', '1310', 'Soda (24)', 3, '', 36, 13),
	(3139, '2023-11-20 18:11:26.773349', '1308', 'Soda (24)', 3, '', 36, 13),
	(3140, '2023-11-20 18:11:26.776345', '1307', 'Soda (24)', 3, '', 36, 13),
	(3141, '2023-11-20 18:11:26.779391', '1283', 'Soda (12)', 3, '', 36, 13),
	(3142, '2023-11-20 18:23:49.990602', '635', 'Soda', 2, '[{"deleted": {"name": "product images", "object": "/media/products/20231120/soda_black_currant_KsEawrh.jpg"}}, {"deleted": {"name": "product images", "object": "/media/products/20231120/soda_coke_w8Fc4bY.jpg"}}, {"deleted": {"name": "product images", "object": "/media/products/20231120/soda_krest_hBnIY2u.jpg"}}, {"deleted": {"name": "product images", "object": "/media/products/20231120/soda_passion_ZpV2v7f.jpg"}}, {"deleted": {"name": "product images", "object": "/media/products/20231120/soda_plastic_TZBjjVd.jpg"}}, {"deleted": {"name": "product images", "object": "/media/products/20231120/soda_black_currant_fzWRi9o.jpg"}}, {"deleted": {"name": "product images", "object": "/media/products/20231120/soda_coke_DrgaDVo.jpg"}}, {"deleted": {"name": "product images", "object": "/media/products/20231120/soda_krest_FILzq13.jpg"}}, {"deleted": {"name": "product images", "object": "/media/products/20231120/soda_passion_2unTO0r.jpg"}}, {"deleted": {"name": "product images", "object": "/media/products/20231120/soda_plastic_2_WH51s7w.jpg"}}, {"deleted": {"name": "product images", "object": "/media/products/20231120/soda_plastic_3_KtAmvaC.jpg"}}, {"deleted": {"name": "product images", "object": "/media/products/20231120/soda_plastic_4_6W2CABB.jpg"}}, {"deleted": {"name": "product images", "object": "/media/products/20231120/soda_plastic_NLDaKad.jpg"}}]', 25, 13),
	(3143, '2023-11-20 18:23:51.616711', '1454', 'Soda (4)', 2, '[]', 36, 13),
	(3144, '2023-11-20 18:26:59.837990', '1', 'Front Store Settings', 2, '[{"changed": {"fields": ["Flash sale end date", "Slider products"]}}]', 40, 13),
	(3145, '2023-11-20 18:29:44.718117', '1292', 'Bella Baby Wipes (5)', 2, '[{"changed": {"fields": ["Slider image"]}}]', 36, 13),
	(3146, '2023-11-20 18:30:38.922243', '1382', 'Broilers (150)', 2, '[{"changed": {"fields": ["Slider image"]}}]', 36, 13),
	(3147, '2023-11-20 19:02:08.839783', '744', 'Pork - Ribs/Chops', 3, '', 25, 13),
	(3148, '2023-11-20 19:02:08.864759', '743', 'Ordinary Cuts', 3, '', 25, 13),
	(3149, '2023-11-20 19:02:08.868750', '742', 'Ham/Shoulder/Belly/Picnic', 3, '', 25, 13),
	(3150, '2023-11-20 19:02:08.871749', '741', 'Potatoes', 3, '', 25, 13),
	(3151, '2023-11-20 19:02:08.875564', '740', 'Omena', 3, '', 25, 13),
	(3152, '2023-11-20 19:02:08.878575', '739', 'Cowboy Cooking Fat', 3, '', 25, 13),
	(3153, '2023-11-20 19:02:08.881575', '738', 'Koo (Kenya Cuffy)', 3, '', 25, 13),
	(3154, '2023-11-20 19:02:08.884575', '737', 'Patco Sweets', 3, '', 25, 13),
	(3155, '2023-11-20 19:02:08.887576', '736', 'Tropical Sweets', 3, '', 25, 13),
	(3156, '2023-11-20 19:02:08.888816', '735', 'Tropical Heat Ginger Spice', 3, '', 25, 13),
	(3157, '2023-11-20 19:02:08.888816', '734', 'Matchbox', 3, '', 25, 13),
	(3158, '2023-11-20 19:02:08.888816', '733', 'PK Chewing Gum', 3, '', 25, 13),
	(3159, '2023-11-20 19:02:08.888816', '732', 'Fresh', 3, '', 25, 13),
	(3160, '2023-11-20 19:02:08.904441', '731', 'Panadol', 3, '', 25, 13),
	(3161, '2023-11-20 19:02:08.908924', '730', 'Maramoja', 3, '', 25, 13),
	(3162, '2023-11-20 19:02:08.912923', '729', 'Hedex', 3, '', 25, 13),
	(3163, '2023-11-20 19:02:08.918199', '728', 'Dormans', 3, '', 25, 13),
	(3164, '2023-11-20 19:02:08.922356', '727', 'Steelwool', 3, '', 25, 13),
	(3165, '2023-11-20 19:02:08.926350', '726', 'Safari Puffs', 3, '', 25, 13),
	(3166, '2023-11-20 19:02:08.930757', '725', 'Gilda Conc Tomato Paste', 3, '', 25, 13),
	(3167, '2023-11-20 19:02:08.934667', '724', 'Tropical Heat Curry Powder', 3, '', 25, 13),
	(3168, '2023-11-20 19:02:08.937750', '723', 'Ariel Powder Soap', 3, '', 25, 13),
	(3169, '2023-11-20 19:02:08.942284', '722', 'Candles Sumo', 3, '', 25, 13),
	(3170, '2023-11-20 19:02:08.946082', '721', 'Ariel', 3, '', 25, 13),
	(3171, '2023-11-20 19:02:08.949608', '720', 'Ringoz', 3, '', 25, 13),
	(3172, '2023-11-20 19:02:08.953608', '719', 'Drinking Chocolate Raha', 3, '', 25, 13),
	(3173, '2023-11-20 19:02:08.957289', '718', 'Bites', 3, '', 25, 13),
	(3174, '2023-11-20 19:02:08.961363', '717', 'Sweets', 3, '', 25, 13),
	(3175, '2023-11-20 19:02:08.965268', '716', 'Cocoa Raha', 3, '', 25, 13),
	(3176, '2023-11-20 19:02:08.968932', '715', 'Spinach', 3, '', 25, 13),
	(3177, '2023-11-20 19:02:08.972258', '714', 'Sukuma Wiki', 3, '', 25, 13),
	(3178, '2023-11-20 19:02:08.976261', '713', 'Tuliza', 3, '', 25, 13),
	(3179, '2023-11-20 19:02:08.980267', '712', 'Panado Extra', 3, '', 25, 13),
	(3180, '2023-11-20 19:02:08.983674', '711', 'Sunlight Bar Soap', 3, '', 25, 13),
	(3181, '2023-11-20 19:02:08.987396', '710', 'KDF', 3, '', 25, 13),
	(3182, '2023-11-20 19:02:08.990651', '709', 'Glucose Excel', 3, '', 25, 13),
	(3183, '2023-11-20 19:02:08.990651', '708', 'Eggs', 3, '', 25, 13),
	(3184, '2023-11-20 19:02:08.990651', '707', 'Yego Marie Biscuits', 3, '', 25, 13),
	(3185, '2023-11-20 19:02:08.990651', '706', 'Sawa Bath Soap', 3, '', 25, 13),
	(3186, '2023-11-20 19:02:09.006279', '705', 'Softcare Diaper Gold', 3, '', 25, 13),
	(3187, '2023-11-20 19:02:09.006279', '704', 'Kahawa No. 1', 3, '', 25, 13),
	(3188, '2023-11-20 19:02:09.006279', '703', 'Oreo Biscuits', 3, '', 25, 13),
	(3189, '2023-11-20 19:02:09.006279', '702', 'Twiga Exercise Book', 3, '', 25, 13),
	(3190, '2023-11-20 19:02:09.023158', '701', 'Cigarettes ', 3, '', 25, 13),
	(3191, '2023-11-20 19:02:09.023158', '700', 'Kensalt Salt', 3, '', 25, 13),
	(3192, '2023-11-20 19:02:09.023158', '699', 'Bic Razor', 3, '', 25, 13),
	(3193, '2023-11-20 19:02:09.023158', '698', 'Nescafe', 3, '', 25, 13),
	(3194, '2023-11-20 19:02:09.038874', '697', 'Family (packet) Nuvita Green', 3, '', 25, 13),
	(3195, '2023-11-20 19:02:09.042336', '696', 'Family (packet) Nuvita Orange', 3, '', 25, 13),
	(3196, '2023-11-20 19:02:09.046597', '695', 'Menthol King', 3, '', 25, 13),
	(3197, '2023-11-20 19:02:09.049766', '694', 'Eno', 3, '', 25, 13),
	(3198, '2023-11-20 19:02:09.053767', '693', 'Sumoja Milking Jelly', 3, '', 25, 13),
	(3199, '2023-11-20 19:02:09.057878', '692', 'Sunlight Powder', 3, '', 25, 13),
	(3200, '2023-11-20 19:02:09.061297', '691', 'Weetabix Single Serve', 3, '', 25, 13),
	(3201, '2023-11-20 19:02:09.064940', '690', 'Golden Marie Biscuits', 3, '', 25, 13),
	(3202, '2023-11-20 19:02:09.068839', '689', 'Toothbrush', 3, '', 25, 13),
	(3203, '2023-11-20 19:02:09.072768', '688', 'Cabbage', 3, '', 25, 13),
	(3204, '2023-11-20 19:02:09.076767', '687', 'Mosquito Coil', 3, '', 25, 13),
	(3205, '2023-11-20 19:02:09.080555', '686', 'Biscuits', 3, '', 25, 13),
	(3206, '2023-11-20 19:02:09.084193', '685', 'Royco', 3, '', 25, 13),
	(3207, '2023-11-20 19:02:09.088150', '684', 'Toilet Paper  ', 3, '', 25, 13),
	(3208, '2023-11-20 19:02:09.092190', '683', 'Sossi', 3, '', 25, 13),
	(3209, '2023-11-20 19:02:09.096112', '682', 'Festive Classic Bread', 3, '', 25, 13),
	(3210, '2023-11-20 19:02:09.100029', '681', 'Indomie Jumbo Chicken', 3, '', 25, 13),
	(3211, '2023-11-20 19:02:09.103956', '680', 'White Wash 175g', 3, '', 25, 13),
	(3212, '2023-11-20 19:02:09.107615', '679', 'Eden Tea', 3, '', 25, 13),
	(3213, '2023-11-20 19:02:09.111632', '678', 'Ketepa Tea Leaves', 3, '', 25, 13),
	(3214, '2023-11-20 19:02:09.115629', '677', 'Novida', 3, '', 25, 13),
	(3215, '2023-11-20 19:02:09.118795', '676', 'Afia Mixed Fruit Juice', 3, '', 25, 13),
	(3216, '2023-11-20 19:02:09.122733', '675', 'Juo Ukwaju Juice', 3, '', 25, 13),
	(3217, '2023-11-20 19:02:09.126394', '674', 'Juo Orange Juice', 3, '', 25, 13),
	(3218, '2023-11-20 19:02:09.129873', '673', 'Jooz Orange Juice', 3, '', 25, 13),
	(3219, '2023-11-20 19:02:09.133875', '672', 'Minute Maid Mango', 3, '', 25, 13),
	(3220, '2023-11-20 19:02:09.137767', '671', 'Afia Juice Mango', 3, '', 25, 13),
	(3221, '2023-11-20 19:02:09.141595', '670', 'Tomato', 3, '', 25, 13),
	(3222, '2023-11-20 19:02:09.144876', '669', 'Salt & Vinegar', 3, '', 25, 13),
	(3223, '2023-11-20 19:02:09.148499', '668', 'Chilli Lemon', 3, '', 25, 13),
	(3224, '2023-11-20 19:02:09.152493', '667', 'Cheese & Onion', 3, '', 25, 13),
	(3225, '2023-11-20 19:02:09.156642', '666', 'Crisps Assorted', 3, '', 25, 13),
	(3226, '2023-11-20 19:02:09.156642', '665', 'Ketepa Tangawizi Tea Leaves', 3, '', 25, 13),
	(3227, '2023-11-20 19:02:09.156642', '664', 'Baking Powder', 3, '', 25, 13),
	(3228, '2023-11-20 19:02:09.156642', '663', 'Kinangop Milk', 3, '', 25, 13),
	(3229, '2023-11-20 19:02:09.172450', '662', 'Champ Mango Colada', 3, '', 25, 13),
	(3230, '2023-11-20 19:02:09.175881', '661', 'Nuvita Break Time Biscuits', 3, '', 25, 13),
	(3231, '2023-11-20 19:02:09.179234', '660', 'Predator', 3, '', 25, 13),
	(3232, '2023-11-20 19:02:09.183196', '659', 'Fresh Milk - Kabete Dairies', 3, '', 25, 13),
	(3233, '2023-11-20 19:02:09.187067', '658', 'Jam ', 3, '', 25, 13),
	(3234, '2023-11-20 19:02:09.190227', '657', 'Spaghetti Daawat Green', 3, '', 25, 13),
	(3235, '2023-11-20 19:02:09.194305', '656', 'Colgate', 3, '', 25, 13),
	(3236, '2023-11-20 19:02:09.197856', '655', 'Softcare Pads', 3, '', 25, 13),
	(3237, '2023-11-20 19:02:09.201690', '654', 'Fresh Milk - Njugunas', 3, '', 25, 13),
	(3238, '2023-11-20 19:02:09.205593', '653', 'Afia Juice Mixed Fruit', 3, '', 25, 13),
	(3239, '2023-11-20 19:02:09.205593', '652', 'Bella Baby Wipes', 3, '', 25, 13),
	(3240, '2023-11-20 19:02:09.205593', '651', 'Biryani Rice', 3, '', 25, 13),
	(3241, '2023-11-20 19:02:09.205593', '650', 'Always', 3, '', 25, 13),
	(3242, '2023-11-20 19:02:09.221214', '649', 'Ngumu', 3, '', 25, 13),
	(3243, '2023-11-20 19:02:09.223281', '648', 'Mandazi', 3, '', 25, 13),
	(3244, '2023-11-20 19:02:09.223281', '647', 'Bread', 3, '', 25, 13),
	(3245, '2023-11-20 19:02:09.223281', '646', 'Water', 3, '', 25, 13),
	(3246, '2023-11-20 19:02:09.223281', '645', 'Mala', 3, '', 25, 13),
	(3247, '2023-11-20 19:02:09.239269', '644', 'Ndengu', 3, '', 25, 13),
	(3248, '2023-11-20 19:02:09.243153', '643', 'Sunlight Powder Yellow', 3, '', 25, 13),
	(3249, '2023-11-20 19:02:09.246758', '642', 'Premium Imported Rice', 3, '', 25, 13),
	(3250, '2023-11-20 19:02:09.253751', '641', 'Msafi Bar Soap', 3, '', 25, 13),
	(3251, '2023-11-20 19:02:09.257749', '640', 'Yoghurt', 3, '', 25, 13),
	(3252, '2023-11-20 19:02:09.261760', '639', 'Quencher Pineapple Juice', 3, '', 25, 13),
	(3253, '2023-11-20 19:02:09.265340', '638', 'Unga Ugali - Pembe', 3, '', 25, 13),
	(3254, '2023-11-20 19:02:09.269262', '637', 'Yellow Beans', 3, '', 25, 13),
	(3255, '2023-11-20 19:02:09.272259', '636', 'Savannah Cocopine Juice', 3, '', 25, 13),
	(3256, '2023-11-20 19:02:09.275604', '635', 'Soda', 3, '', 25, 13),
	(3257, '2023-11-20 19:02:09.275604', '634', 'Premium Pishori Rice', 3, '', 25, 13),
	(3258, '2023-11-20 19:02:09.275604', '633', 'Unga Chapati - Ajab', 3, '', 25, 13),
	(3259, '2023-11-20 19:02:09.275604', '632', 'Sugar', 3, '', 25, 13),
	(3260, '2023-11-20 19:02:09.291146', '631', 'Msafi Powder', 3, '', 25, 13),
	(3261, '2023-11-20 19:02:09.291768', '630', 'Kamande', 3, '', 25, 13),
	(3262, '2023-11-20 19:02:09.291768', '629', 'Arimis', 3, '', 25, 13),
	(3263, '2023-11-20 19:02:09.291768', '628', 'Kimbo Cooking Fat', 3, '', 25, 13),
	(3264, '2023-11-20 19:02:09.305540', '627', 'Fresh Fri Cooking Oil', 3, '', 25, 13),
	(3265, '2023-11-20 19:02:09.309542', '626', 'Sausages', 3, '', 25, 13),
	(3266, '2023-11-20 19:02:09.312546', '625', 'Omo', 3, '', 25, 13),
	(3267, '2023-11-20 19:02:09.316537', '624', 'Broilers', 3, '', 25, 13),
	(3268, '2023-11-20 19:02:09.320055', '623', 'Blue band', 3, '', 25, 13),
	(3269, '2023-11-20 19:02:09.324083', '622', 'Honey', 3, '', 25, 13),
	(3270, '2023-11-20 19:02:26.272892', '51', 'Bella', 3, '', 27, 13),
	(3271, '2023-11-20 19:02:26.272892', '50', 'wipes', 3, '', 27, 13),
	(3272, '2023-11-20 19:02:26.289157', '49', 'Small', 3, '', 27, 13),
	(3273, '2023-11-20 19:02:26.289157', '48', 'Medium', 3, '', 27, 13),
	(3274, '2023-11-20 19:02:26.289157', '47', 'Large', 3, '', 27, 13),
	(3275, '2023-11-20 19:02:26.289157', '46', 'Big', 3, '', 27, 13),
	(3276, '2023-11-20 19:02:26.304367', '45', 'Lollypop', 3, '', 27, 13),
	(3277, '2023-11-20 19:02:26.306189', '44', 'pages', 3, '', 27, 13),
	(3278, '2023-11-20 19:02:26.306189', '43', 'Soaps', 3, '', 27, 13),
	(3279, '2023-11-20 19:02:26.306189', '42', 'Rose', 3, '', 27, 13),
	(3280, '2023-11-20 19:02:26.306189', '41', 'Original', 3, '', 27, 13),
	(3281, '2023-11-20 19:02:26.322628', '40', 'Bar', 3, '', 27, 13),
	(3282, '2023-11-20 19:02:26.322628', '39', 'Cubes', 3, '', 27, 13),
	(3283, '2023-11-20 19:02:26.322628', '38', 'Red', 3, '', 27, 13),
	(3284, '2023-11-20 19:02:26.322628', '37', 'Pair', 3, '', 27, 13),
	(3285, '2023-11-20 19:02:26.322628', '36', 'Pink', 3, '', 27, 13),
	(3286, '2023-11-20 19:02:26.339380', '35', 'Rhino', 3, '', 27, 13),
	(3287, '2023-11-20 19:02:26.339380', '34', 'Makueni', 3, '', 27, 13),
	(3288, '2023-11-20 19:02:26.339380', '33', 'Liters', 3, '', 27, 13),
	(3289, '2023-11-20 19:02:26.339380', '32', 'Liter', 3, '', 27, 13),
	(3290, '2023-11-20 19:02:26.355971', '31', 'SM', 3, '', 27, 13),
	(3291, '2023-11-20 19:02:26.355971', '30', 'Safari', 3, '', 27, 13),
	(3292, '2023-11-20 19:02:26.355971', '29', 'Switch', 3, '', 27, 13),
	(3293, '2023-11-20 19:02:26.355971', '28', 'Sportsman', 3, '', 27, 13),
	(3294, '2023-11-20 19:02:26.355971', '27', 'Supermatch', 3, '', 27, 13),
	(3295, '2023-11-20 19:02:26.372696', '26', 'Assorted', 3, '', 27, 13),
	(3296, '2023-11-20 19:02:26.372696', '25', 'Yellow', 3, '', 27, 13),
	(3297, '2023-11-20 19:02:26.372696', '24', 'Blue', 3, '', 27, 13),
	(3298, '2023-11-20 19:02:26.372696', '23', 'Green', 3, '', 27, 13),
	(3299, '2023-11-20 19:02:26.388686', '22', 'kg', 3, '', 27, 13),
	(3300, '2023-11-20 19:02:26.389417', '21', 'pieces', 3, '', 27, 13),
	(3301, '2023-11-20 19:02:26.389417', '20', 'Nuvita', 3, '', 27, 13),
	(3302, '2023-11-20 19:02:26.389417', '19', 'Golden', 3, '', 27, 13),
	(3303, '2023-11-20 19:02:26.389417', '18', 'piece(s)', 3, '', 27, 13),
	(3304, '2023-11-20 19:02:26.405799', '17', 'Satchet', 3, '', 27, 13),
	(3305, '2023-11-20 19:02:26.409808', '16', 'g', 3, '', 27, 13),
	(3306, '2023-11-20 19:02:26.412832', '1', 'ml', 3, '', 27, 13),
	(3307, '2023-11-20 19:07:40.439667', '260', 'Pork', 3, '', 26, 13),
	(3308, '2023-11-20 19:07:40.443311', '259', 'Ordinary', 3, '', 26, 13),
	(3309, '2023-11-20 19:07:40.443311', '258', 'Ham', 3, '', 26, 13),
	(3310, '2023-11-20 19:07:40.450225', '257', 'Black Currant', 3, '', 26, 13),
	(3311, '2023-11-20 19:07:40.456220', '256', 'Potatoes', 3, '', 26, 13),
	(3312, '2023-11-20 19:07:40.460224', '255', 'Omena', 3, '', 26, 13),
	(3313, '2023-11-20 19:07:40.462132', '254', 'Cowboy', 3, '', 26, 13),
	(3314, '2023-11-20 19:07:40.467728', '253', 'Koo', 3, '', 26, 13),
	(3315, '2023-11-20 19:07:40.469066', '252', 'Patco', 3, '', 26, 13),
	(3316, '2023-11-20 19:07:40.469066', '251', 'Tropical', 3, '', 26, 13),
	(3317, '2023-11-20 19:07:40.469066', '250', 'Ginger', 3, '', 26, 13),
	(3318, '2023-11-20 19:07:40.482557', '249', 'Chicken Flavour', 3, '', 26, 13),
	(3319, '2023-11-20 19:07:40.483930', '248', 'Royco', 3, '', 26, 13),
	(3320, '2023-11-20 19:07:40.483930', '247', 'Matchbox', 3, '', 26, 13),
	(3321, '2023-11-20 19:07:40.483930', '246', 'Biscuits', 3, '', 26, 13),
	(3322, '2023-11-20 19:07:40.499214', '245', 'PK', 3, '', 26, 13),
	(3323, '2023-11-20 19:07:40.500558', '244', 'Fresh', 3, '', 26, 13),
	(3324, '2023-11-20 19:07:40.500558', '243', 'Maramoja', 3, '', 26, 13),
	(3325, '2023-11-20 19:07:40.500558', '242', 'Hedex', 3, '', 26, 13),
	(3326, '2023-11-20 19:07:40.500558', '241', 'Dormans', 3, '', 26, 13),
	(3327, '2023-11-20 19:07:40.516129', '240', 'Steelwool', 3, '', 26, 13),
	(3328, '2023-11-20 19:07:40.520477', '239', 'Paste', 3, '', 26, 13),
	(3329, '2023-11-20 19:07:40.523475', '238', 'Powder', 3, '', 26, 13),
	(3330, '2023-11-20 19:07:40.526474', '237', 'Candles', 3, '', 26, 13),
	(3331, '2023-11-20 19:07:40.529474', '236', 'Safari', 3, '', 26, 13),
	(3332, '2023-11-20 19:07:40.532804', '235', 'Ariel', 3, '', 26, 13),
	(3333, '2023-11-20 19:07:40.533800', '234', 'Ringoz', 3, '', 26, 13),
	(3334, '2023-11-20 19:07:40.533800', '233', 'Chocolate', 3, '', 26, 13),
	(3335, '2023-11-20 19:07:40.533800', '232', 'Bites', 3, '', 26, 13),
	(3336, '2023-11-20 19:07:40.533800', '231', 'Sweets', 3, '', 26, 13),
	(3337, '2023-11-20 19:07:40.550532', '230', 'Cocoa', 3, '', 26, 13),
	(3338, '2023-11-20 19:07:40.550532', '229', 'Spinach', 3, '', 26, 13),
	(3339, '2023-11-20 19:07:40.550532', '228', 'Sukuma', 3, '', 26, 13),
	(3340, '2023-11-20 19:07:40.550532', '227', 'Tuliza', 3, '', 26, 13),
	(3341, '2023-11-20 19:07:40.550532', '226', 'Panadol', 3, '', 26, 13),
	(3342, '2023-11-20 19:07:40.568895', '225', 'Sportsman', 3, '', 26, 13),
	(3343, '2023-11-20 19:07:40.572894', '224', 'SM', 3, '', 26, 13),
	(3344, '2023-11-20 19:07:40.575892', '223', 'KDF', 3, '', 26, 13),
	(3345, '2023-11-20 19:07:40.578892', '222', 'Glucose', 3, '', 26, 13),
	(3346, '2023-11-20 19:07:40.582897', '221', 'Eggs', 3, '', 26, 13),
	(3347, '2023-11-20 19:07:40.586383', '220', 'Sawa', 3, '', 26, 13),
	(3348, '2023-11-20 19:07:40.589382', '219', 'Sprite', 3, '', 26, 13),
	(3349, '2023-11-20 19:07:40.592384', '218', 'Kahawa', 3, '', 26, 13),
	(3350, '2023-11-20 19:07:40.596384', '217', 'Oreo', 3, '', 26, 13),
	(3351, '2023-11-20 19:07:40.601003', '216', 'Twiga', 3, '', 26, 13),
	(3352, '2023-11-20 19:07:40.604938', '215', 'Switch', 3, '', 26, 13),
	(3353, '2023-11-20 19:07:40.608882', '214', 'Bic', 3, '', 26, 13),
	(3354, '2023-11-20 19:07:40.611882', '213', 'Krest', 3, '', 26, 13),
	(3355, '2023-11-20 19:07:40.615884', '212', 'Nescafe', 3, '', 26, 13),
	(3356, '2023-11-20 19:07:40.620172', '211', 'Green', 3, '', 26, 13),
	(3357, '2023-11-20 19:07:40.623172', '210', 'Menthol', 3, '', 26, 13),
	(3358, '2023-11-20 19:07:40.626170', '209', 'Eno', 3, '', 26, 13),
	(3359, '2023-11-20 19:07:40.629170', '208', 'Sumoja', 3, '', 26, 13),
	(3360, '2023-11-20 19:07:40.634044', '207', 'Single', 3, '', 26, 13),
	(3361, '2023-11-20 19:07:40.638044', '206', 'Marie', 3, '', 26, 13),
	(3362, '2023-11-20 19:07:40.641042', '205', 'Brush', 3, '', 26, 13),
	(3363, '2023-11-20 19:07:40.644547', '204', 'Cabbage', 3, '', 26, 13),
	(3364, '2023-11-20 19:07:40.647543', '203', 'Coil', 3, '', 26, 13),
	(3365, '2023-11-20 19:07:40.652416', '202', 'Strawberry', 3, '', 26, 13),
	(3366, '2023-11-20 19:07:40.655414', '201', 'Lemon', 3, '', 26, 13),
	(3367, '2023-11-20 19:07:40.659416', '200', 'Beef Flavour', 3, '', 26, 13),
	(3368, '2023-11-20 19:07:40.662416', '199', 'Sossi', 3, '', 26, 13),
	(3369, '2023-11-20 19:07:40.665414', '198', 'Classic', 3, '', 26, 13),
	(3370, '2023-11-20 19:07:40.669418', '197', 'Indomie', 3, '', 26, 13),
	(3371, '2023-11-20 19:07:40.672416', '196', 'White', 3, '', 26, 13),
	(3372, '2023-11-20 19:07:40.675417', '195', 'Eden', 3, '', 26, 13),
	(3373, '2023-11-20 19:07:40.678415', '194', 'Ketepa', 3, '', 26, 13),
	(3374, '2023-11-20 19:07:40.682744', '193', 'Soda Glass', 3, '', 26, 13),
	(3375, '2023-11-20 19:07:40.686219', '192', 'Mwala', 3, '', 26, 13),
	(3376, '2023-11-20 19:07:40.689219', '191', 'Novida', 3, '', 26, 13),
	(3377, '2023-11-20 19:07:40.693222', '190', ' Mango', 3, '', 26, 13),
	(3378, '2023-11-20 19:07:40.696219', '189', 'Tomato', 3, '', 26, 13),
	(3379, '2023-11-20 19:07:40.699269', '188', 'Salt', 3, '', 26, 13),
	(3380, '2023-11-20 19:07:40.699269', '187', 'Chilli', 3, '', 26, 13),
	(3381, '2023-11-20 19:07:40.699269', '186', 'Cheese', 3, '', 26, 13),
	(3382, '2023-11-20 19:07:40.699269', '185', 'Assorted', 3, '', 26, 13),
	(3383, '2023-11-20 19:07:40.699269', '184', 'Ndhiwa', 3, '', 26, 13),
	(3384, '2023-11-20 19:07:40.714897', '183', 'Ketepa Tangawizi', 3, '', 26, 13),
	(3385, '2023-11-20 19:07:40.714897', '182', 'Baking Powder', 3, '', 26, 13),
	(3386, '2023-11-20 19:07:40.714897', '181', 'Kinangop', 3, '', 26, 13),
	(3387, '2023-11-20 19:07:40.714897', '180', 'Juice', 3, '', 26, 13),
	(3388, '2023-11-20 19:07:40.730523', '179', 'Orange', 3, '', 26, 13),
	(3389, '2023-11-20 19:07:40.730523', '178', 'Nuvita', 3, '', 26, 13),
	(3390, '2023-11-20 19:07:40.730523', '177', 'Coke', 3, '', 26, 13),
	(3391, '2023-11-20 19:07:40.730523', '176', 'Passion', 3, '', 26, 13),
	(3392, '2023-11-20 19:07:40.730523', '175', 'Predator', 3, '', 26, 13),
	(3393, '2023-11-20 19:07:40.746146', '174', 'Kabete Dairies', 3, '', 26, 13),
	(3394, '2023-11-20 19:07:40.746146', '173', 'Jam', 3, '', 26, 13),
	(3395, '2023-11-20 19:07:40.746146', '172', 'Dawat', 3, '', 26, 13),
	(3396, '2023-11-20 19:07:40.746146', '171', 'Colgate', 3, '', 26, 13),
	(3397, '2023-11-20 19:07:40.761771', '170', 'Softcare', 3, '', 26, 13),
	(3398, '2023-11-20 19:07:40.765851', '169', 'Njugunas', 3, '', 26, 13),
	(3399, '2023-11-20 19:07:40.768851', '168', 'Afia ', 3, '', 26, 13),
	(3400, '2023-11-20 19:07:40.771851', '167', 'Bella', 3, '', 26, 13),
	(3401, '2023-11-20 19:07:40.774851', '166', 'Biryani', 3, '', 26, 13),
	(3402, '2023-11-20 19:07:40.778851', '165', 'Always', 3, '', 26, 13),
	(3403, '2023-11-20 19:07:40.781851', '164', 'Ngumu', 3, '', 26, 13),
	(3404, '2023-11-20 19:07:40.785760', '163', 'Mandazi', 3, '', 26, 13),
	(3405, '2023-11-20 19:07:40.788761', '162', 'Bread', 3, '', 26, 13),
	(3406, '2023-11-20 19:07:40.791758', '161', 'Soda', 3, '', 26, 13),
	(3407, '2023-11-20 19:07:40.794758', '160', 'Water', 3, '', 26, 13),
	(3408, '2023-11-20 19:07:40.797758', '159', 'Mala', 3, '', 26, 13),
	(3409, '2023-11-20 19:07:40.798932', '158', 'Sunlight', 3, '', 26, 13),
	(3410, '2023-11-20 19:07:40.798932', '157', 'Imported', 3, '', 26, 13),
	(3411, '2023-11-20 19:07:40.798932', '156', 'Yoghurt', 3, '', 26, 13),
	(3412, '2023-11-20 19:07:40.798932', '155', 'Pineapple', 3, '', 26, 13),
	(3413, '2023-11-20 19:07:40.798932', '154', 'Pembe', 3, '', 26, 13),
	(3414, '2023-11-20 19:07:40.816810', '153', 'Cocopine', 3, '', 26, 13),
	(3415, '2023-11-20 19:07:40.820808', '152', 'Soda  Plastic', 3, '', 26, 13),
	(3416, '2023-11-20 19:07:40.823806', '151', 'Pishori', 3, '', 26, 13),
	(3417, '2023-11-20 19:07:40.827811', '150', 'Ajab', 3, '', 26, 13),
	(3418, '2023-11-20 19:07:40.830809', '149', 'Sugar', 3, '', 26, 13),
	(3419, '2023-11-20 19:07:40.834858', '148', 'Msafi', 3, '', 26, 13),
	(3420, '2023-11-20 19:07:40.838856', '147', 'Beans', 3, '', 26, 13),
	(3421, '2023-11-20 19:07:40.841858', '146', 'Arimis', 3, '', 26, 13),
	(3422, '2023-11-20 19:07:40.845858', '145', 'Kimbo', 3, '', 26, 13),
	(3423, '2023-11-20 19:07:40.849144', '144', 'Fresh Fri', 3, '', 26, 13),
	(3424, '2023-11-20 19:07:40.849144', '143', 'Sausages', 3, '', 26, 13),
	(3425, '2023-11-20 19:07:40.866874', '142', 'Omo', 3, '', 26, 13),
	(3426, '2023-11-20 19:07:40.866874', '141', 'Broilers', 3, '', 26, 13),
	(3427, '2023-11-20 19:07:40.866874', '140', 'Blueband', 3, '', 26, 13),
	(3428, '2023-11-20 19:07:40.887791', '139', 'Honey', 3, '', 26, 13),
	(3429, '2023-11-20 19:07:58.748992', '113', 'Meat', 3, '', 24, 13),
	(3430, '2023-11-20 19:07:58.753280', '112', 'Other', 3, '', 24, 13),
	(3431, '2023-11-20 19:07:58.756275', '111', 'Royco', 3, '', 24, 13),
	(3432, '2023-11-20 19:07:58.759276', '110', 'Matchbox', 3, '', 24, 13),
	(3433, '2023-11-20 19:07:58.763277', '109', 'Chewing Gum', 3, '', 24, 13),
	(3434, '2023-11-20 19:07:58.766279', '108', 'Steelwool', 3, '', 24, 13),
	(3435, '2023-11-20 19:07:58.770276', '107', 'Puffs', 3, '', 24, 13),
	(3436, '2023-11-20 19:07:58.774276', '106', 'Candles', 3, '', 24, 13),
	(3437, '2023-11-20 19:07:58.777277', '105', 'Ringoz', 3, '', 24, 13),
	(3438, '2023-11-20 19:07:58.780275', '104', 'Bites', 3, '', 24, 13),
	(3439, '2023-11-20 19:07:58.785291', '103', 'Sweets', 3, '', 24, 13),
	(3440, '2023-11-20 19:07:58.789277', '102', 'Ndazis', 3, '', 24, 13),
	(3441, '2023-11-20 19:07:58.792275', '101', 'Glucose', 3, '', 24, 13),
	(3442, '2023-11-20 19:07:58.796277', '100', 'Yego', 3, '', 24, 13),
	(3443, '2023-11-20 19:07:58.799675', '99', 'Cigar', 3, '', 24, 13),
	(3444, '2023-11-20 19:07:58.799675', '98', 'Stationary', 3, '', 24, 13),
	(3445, '2023-11-20 19:07:58.799675', '97', 'Beverges', 3, '', 24, 13),
	(3446, '2023-11-20 19:07:58.799675', '96', 'Family', 3, '', 24, 13),
	(3447, '2023-11-20 19:07:58.814627', '95', 'Orange', 3, '', 24, 13),
	(3448, '2023-11-20 19:07:58.817260', '94', 'Pain Killers', 3, '', 24, 13),
	(3449, '2023-11-20 19:07:58.817260', '93', 'Weetabix', 3, '', 24, 13),
	(3450, '2023-11-20 19:07:58.817260', '92', 'Brush', 3, '', 24, 13),
	(3451, '2023-11-20 19:07:58.833094', '91', 'Mboga', 3, '', 24, 13),
	(3452, '2023-11-20 19:07:58.833094', '90', 'Repellants', 3, '', 24, 13),
	(3453, '2023-11-20 19:07:58.833094', '89', 'Flavour', 3, '', 24, 13),
	(3454, '2023-11-20 19:07:58.850681', '88', 'Spices', 3, '', 24, 13),
	(3455, '2023-11-20 19:07:58.851513', '87', 'Crips', 3, '', 24, 13),
	(3456, '2023-11-20 19:07:58.851513', '86', 'Beverages', 3, '', 24, 13),
	(3457, '2023-11-20 19:07:58.851513', '85', 'Powder Powder', 3, '', 24, 13),
	(3458, '2023-11-20 19:07:58.864603', '84', 'Biscuits', 3, '', 24, 13),
	(3459, '2023-11-20 19:07:58.868601', '83', 'Tooth Paste', 3, '', 24, 13),
	(3460, '2023-11-20 19:07:58.871599', '82', 'Toiletry', 3, '', 24, 13),
	(3461, '2023-11-20 19:07:58.874599', '81', 'Pads', 3, '', 24, 13),
	(3462, '2023-11-20 19:07:58.877602', '80', 'Ngumu', 3, '', 24, 13),
	(3463, '2023-11-20 19:07:58.881517', '79', 'Mandazi', 3, '', 24, 13),
	(3464, '2023-11-20 19:07:58.884519', '78', 'Bread', 3, '', 24, 13),
	(3465, '2023-11-20 19:07:58.887517', '77', 'Dairy Products', 3, '', 24, 13),
	(3466, '2023-11-20 19:07:58.890517', '76', 'Drinks', 3, '', 24, 13),
	(3467, '2023-11-20 19:07:58.893516', '75', 'Cereals', 3, '', 24, 13),
	(3468, '2023-11-20 19:07:58.898120', '74', 'Floor', 3, '', 24, 13),
	(3469, '2023-11-20 19:07:58.901310', '73', 'Sugar', 3, '', 24, 13),
	(3470, '2023-11-20 19:07:58.901310', '72', 'Legumes', 3, '', 24, 13),
	(3471, '2023-11-20 19:07:58.901310', '71', 'Jelly', 3, '', 24, 13),
	(3472, '2023-11-20 19:07:58.901310', '70', 'Cooking Oil', 3, '', 24, 13),
	(3473, '2023-11-20 19:07:58.915618', '69', 'Fast Foods', 3, '', 24, 13),
	(3474, '2023-11-20 19:07:58.918615', '68', 'Soap & Detergents', 3, '', 24, 13),
	(3475, '2023-11-20 19:07:58.920466', '67', 'Poultry Products', 3, '', 24, 13),
	(3476, '2023-11-20 19:07:58.920466', '66', 'Flavours', 3, '', 24, 13),
	(3477, '2023-11-20 19:07:58.920466', '65', 'Sweeteners', 3, '', 24, 13),
	(3478, '2023-11-20 19:08:11.087089', '2313', '/media/products/20231120/sugar.jpeg', 3, '', 30, 13),
	(3479, '2023-11-20 19:08:11.090090', '2312', '/media/products/20231120/blueband2.jpeg', 3, '', 30, 13),
	(3480, '2023-11-20 19:08:11.094088', '2311', '/media/products/20231120/blueband.jpeg', 3, '', 30, 13),
	(3481, '2023-11-20 19:08:11.097089', '2310', '/media/products/20231120/broilers.jpeg', 3, '', 30, 13),
	(3482, '2023-11-20 19:08:11.100091', '2309', '/media/products/20231120/mala_2.jpeg', 3, '', 30, 13),
	(3483, '2023-11-20 19:08:11.104088', '2299', '/media/products/20231120/soda_plastic_4_ed2OCGY.jpg', 3, '', 30, 13),
	(3484, '2023-11-20 19:08:11.107088', '2298', '/media/products/20231120/soda_plastic_3_urzDRCR.jpg', 3, '', 30, 13),
	(3485, '2023-11-20 19:08:11.111090', '2297', '/media/products/20231120/soda_plastic_2_A0szOuk.jpg', 3, '', 30, 13),
	(3486, '2023-11-20 19:08:11.113722', '2292', '/media/products/20231120/soda_plastic_pPfMCvm.jpg', 3, '', 30, 13),
	(3487, '2023-11-20 19:08:11.113722', '2291', '/media/products/20231120/soda_plastic_4_aBq5Uo6.jpg', 3, '', 30, 13),
	(3488, '2023-11-20 19:08:11.113722', '2290', '/media/products/20231120/soda_plastic_3_7stqmzh.jpg', 3, '', 30, 13),
	(3489, '2023-11-20 19:08:11.113722', '2289', '/media/products/20231120/soda_plastic_2_mK5cy5s.jpg', 3, '', 30, 13),
	(3490, '2023-11-20 19:08:11.131556', '2288', '/media/products/20231120/soda_passion_ryBmf7V.jpg', 3, '', 30, 13),
	(3491, '2023-11-20 19:08:11.131556', '2287', '/media/products/20231120/soda_krest_yEpj7ND.jpg', 3, '', 30, 13),
	(3492, '2023-11-20 19:08:11.131556', '2286', '/media/products/20231120/soda_coke_Uw0IkpP.jpg', 3, '', 30, 13),
	(3493, '2023-11-20 19:08:11.131556', '2285', '/media/products/20231120/soda_black_currant_1ULnoUI.jpg', 3, '', 30, 13),
	(3494, '2023-11-20 19:08:11.147097', '2282', '/media/products/20231120/other_XOZEbZD.png', 3, '', 30, 13),
	(3495, '2023-11-20 19:08:11.150634', '2281', '/media/products/20231120/soda_plastic_KrpAjlS.jpg', 3, '', 30, 13),
	(3496, '2023-11-20 19:08:11.154634', '2280', '/media/products/20231120/soda_plastic_4_5m5msFG.jpg', 3, '', 30, 13),
	(3497, '2023-11-20 19:08:11.157633', '2279', '/media/products/20231120/soda_plastic_3_HItZwLg.jpg', 3, '', 30, 13),
	(3498, '2023-11-20 19:08:11.161637', '2278', '/media/products/20231120/soda_plastic_2_Xuyw4FJ.jpg', 3, '', 30, 13),
	(3499, '2023-11-20 19:08:11.164636', '2277', '/media/products/20231120/soda_passion_sq26KLO.jpg', 3, '', 30, 13),
	(3500, '2023-11-20 19:08:11.167418', '2276', '/media/products/20231120/soda_krest_mYLXuXD.jpg', 3, '', 30, 13),
	(3501, '2023-11-20 19:08:11.167418', '2275', '/media/products/20231120/soda_coke_PZEXbpP.jpg', 3, '', 30, 13),
	(3502, '2023-11-20 19:08:11.176503', '2274', '/media/products/20231120/soda_black_currant_XyPf5Bo.jpg', 3, '', 30, 13),
	(3503, '2023-11-20 19:08:11.179501', '2271', '/media/products/20231120/other_hrmtdr5.png', 3, '', 30, 13),
	(3504, '2023-11-20 19:08:11.184030', '2270', '/media/products/20231120/other_Eujpux8.png', 3, '', 30, 13),
	(3505, '2023-11-20 19:08:11.189028', '2269', '/media/products/20231120/other_ws4zOsV.png', 3, '', 30, 13),
	(3506, '2023-11-20 19:08:11.192029', '2268', '/media/products/20231120/other_X6cbhtX.png', 3, '', 30, 13),
	(3507, '2023-11-20 19:08:11.196039', '2267', '/media/products/20231120/soda_plastic_IIxj5LL.jpg', 3, '', 30, 13),
	(3508, '2023-11-20 19:08:11.201029', '2266', '/media/products/20231120/soda_plastic_4_elvqdo2.jpg', 3, '', 30, 13),
	(3509, '2023-11-20 19:08:11.204029', '2265', '/media/products/20231120/soda_plastic_3_dDBnIAx.jpg', 3, '', 30, 13),
	(3510, '2023-11-20 19:08:11.208029', '2264', '/media/products/20231120/soda_plastic_2_I5s0i2t.jpg', 3, '', 30, 13),
	(3511, '2023-11-20 19:08:11.211028', '2263', '/media/products/20231120/soda_passion_2ir3AS7.jpg', 3, '', 30, 13),
	(3512, '2023-11-20 19:08:11.214029', '2262', '/media/products/20231120/soda_krest_u9vk9WR.jpg', 3, '', 30, 13),
	(3513, '2023-11-20 19:08:11.218029', '2261', '/media/products/20231120/soda_coke_dGI63NM.jpg', 3, '', 30, 13),
	(3514, '2023-11-20 19:08:11.222029', '2260', '/media/products/20231120/soda_black_currant_UqOAPgg.jpg', 3, '', 30, 13),
	(3515, '2023-11-20 19:08:11.225028', '2259', '/media/products/20231120/Sweet_Potatoes.jpg', 3, '', 30, 13),
	(3516, '2023-11-20 19:08:11.229028', '2258', '/media/products/20231120/Irish_Potatoes.jpg', 3, '', 30, 13),
	(3517, '2023-11-20 19:08:11.232659', '2257', '/media/products/20231120/soda_plastic_I6GWInW.jpg', 3, '', 30, 13),
	(3518, '2023-11-20 19:08:11.235660', '2256', '/media/products/20231120/soda_plastic_4_Nat2rLj.jpg', 3, '', 30, 13),
	(3519, '2023-11-20 19:08:11.239659', '2255', '/media/products/20231120/soda_plastic_3_CyvBekN.jpg', 3, '', 30, 13),
	(3520, '2023-11-20 19:08:11.242659', '2254', '/media/products/20231120/soda_plastic_2_sWm9EEi.jpg', 3, '', 30, 13),
	(3521, '2023-11-20 19:08:11.247272', '2253', '/media/products/20231120/soda_passion_CyUWrir.jpg', 3, '', 30, 13),
	(3522, '2023-11-20 19:08:11.250273', '2252', '/media/products/20231120/soda_krest_7mafwgW.jpg', 3, '', 30, 13),
	(3523, '2023-11-20 19:08:11.253271', '2251', '/media/products/20231120/soda_coke_92nW5Kq.jpg', 3, '', 30, 13),
	(3524, '2023-11-20 19:08:11.256272', '2250', '/media/products/20231120/soda_black_currant_a3WDmBB.jpg', 3, '', 30, 13),
	(3525, '2023-11-20 19:08:11.260273', '2249', '/media/products/20231120/soda_plastic_RnGVvso.jpg', 3, '', 30, 13),
	(3526, '2023-11-20 19:08:11.263837', '2248', '/media/products/20231120/soda_plastic_4_JagEsic.jpg', 3, '', 30, 13),
	(3527, '2023-11-20 19:08:11.263837', '2247', '/media/products/20231120/soda_plastic_3_kgyg02S.jpg', 3, '', 30, 13),
	(3528, '2023-11-20 19:08:11.263837', '2246', '/media/products/20231120/soda_plastic_2_SqAjXkD.jpg', 3, '', 30, 13),
	(3529, '2023-11-20 19:08:11.263837', '2245', '/media/products/20231120/soda_passion_rzNOt7x.jpg', 3, '', 30, 13),
	(3530, '2023-11-20 19:08:11.263837', '2244', '/media/products/20231120/soda_krest_xQAkTdR.jpg', 3, '', 30, 13),
	(3531, '2023-11-20 19:08:11.279462', '2243', '/media/products/20231120/soda_coke_wQxwMDk.jpg', 3, '', 30, 13),
	(3532, '2023-11-20 19:08:11.279462', '2242', '/media/products/20231120/soda_black_currant_EPMwMrF.jpg', 3, '', 30, 13),
	(3533, '2023-11-20 19:08:11.279462', '2241', '/media/products/20231120/Omena.jpg', 3, '', 30, 13),
	(3534, '2023-11-20 19:08:11.295089', '2240', '/media/products/20231120/Omena_2.jpg', 3, '', 30, 13),
	(3535, '2023-11-20 19:08:11.295089', '2239', '/media/products/20231120/soda_plastic_3d0qMU6.jpg', 3, '', 30, 13),
	(3536, '2023-11-20 19:08:11.302904', '2238', '/media/products/20231120/soda_plastic_4_MdNaY7U.jpg', 3, '', 30, 13),
	(3537, '2023-11-20 19:08:11.306905', '2237', '/media/products/20231120/soda_plastic_3_PprOq61.jpg', 3, '', 30, 13),
	(3538, '2023-11-20 19:08:11.309905', '2236', '/media/products/20231120/soda_plastic_2_c3Rzxmm.jpg', 3, '', 30, 13),
	(3539, '2023-11-20 19:08:11.315584', '2235', '/media/products/20231120/soda_passion_kVISsn5.jpg', 3, '', 30, 13),
	(3540, '2023-11-20 19:08:11.318582', '2234', '/media/products/20231120/soda_krest_xUfDZq5.jpg', 3, '', 30, 13),
	(3541, '2023-11-20 19:08:11.321581', '2233', '/media/products/20231120/soda_coke_hdEowiL.jpg', 3, '', 30, 13),
	(3542, '2023-11-20 19:08:11.325242', '2232', '/media/products/20231120/soda_black_currant_f7m0lS4.jpg', 3, '', 30, 13),
	(3543, '2023-11-20 19:08:11.328242', '2231', '/media/products/20231120/other_2LdhJZn.png', 3, '', 30, 13),
	(3544, '2023-11-20 19:08:11.332346', '2230', '/media/products/20231120/other_ph295Tg.png', 3, '', 30, 13),
	(3545, '2023-11-20 19:08:11.335346', '2229', '/media/products/20231120/other_MJeOarD.png', 3, '', 30, 13),
	(3546, '2023-11-20 19:08:11.339345', '2228', '/media/products/20231120/other_PHYOsXs.png', 3, '', 30, 13),
	(3547, '2023-11-20 19:08:11.342346', '2227', '/media/products/20231120/other_ZbC3TpW.png', 3, '', 30, 13),
	(3548, '2023-11-20 19:08:11.345345', '2226', '/media/products/20231120/other_xYtPGLc.png', 3, '', 30, 13),
	(3549, '2023-11-20 19:08:11.349313', '2225', '/media/products/20231120/other_i5l8vJr.png', 3, '', 30, 13),
	(3550, '2023-11-20 19:08:11.353313', '2224', '/media/products/20231120/other_1zXdMxC.png', 3, '', 30, 13),
	(3551, '2023-11-20 19:08:11.357312', '2223', '/media/products/20231120/other_jydjQ1a.png', 3, '', 30, 13),
	(3552, '2023-11-20 19:08:11.360314', '2222', '/media/products/20231120/other_Mk7WMJy.png', 3, '', 30, 13),
	(3553, '2023-11-20 19:08:11.363311', '2221', '/media/products/20231120/other_8sw0LqL.png', 3, '', 30, 13),
	(3554, '2023-11-20 19:08:11.367313', '2220', '/media/products/20231120/other_VGJlgVM.png', 3, '', 30, 13),
	(3555, '2023-11-20 19:08:11.370310', '2219', '/media/products/20231120/Nuvita_Biscuits_6owl5Gd.jpg', 3, '', 30, 13),
	(3556, '2023-11-20 19:08:11.373309', '2218', '/media/products/20231120/Manji_Ginger_Biscuits_lKrVJnq.jpg', 3, '', 30, 13),
	(3557, '2023-11-20 19:08:11.376310', '2217', '/media/products/20231120/Nuvita_Biscuits_ovjXhEP.jpg', 3, '', 30, 13),
	(3558, '2023-11-20 19:08:11.380311', '2216', '/media/products/20231120/Manji_Ginger_Biscuits_YynohOy.jpg', 3, '', 30, 13),
	(3559, '2023-11-20 19:08:11.383741', '2215', '/media/products/20231120/Nuvita_Biscuits_x6IJO0b.jpg', 3, '', 30, 13),
	(3560, '2023-11-20 19:08:11.386738', '2214', '/media/products/20231120/Manji_Ginger_Biscuits_9bpvn91.jpg', 3, '', 30, 13),
	(3561, '2023-11-20 19:08:11.389740', '2213', '/media/products/20231120/other_0XbeNNL.png', 3, '', 30, 13),
	(3562, '2023-11-20 19:08:11.392738', '2212', '/media/products/20231120/other_NchsI6f.png', 3, '', 30, 13),
	(3563, '2023-11-20 19:08:11.395738', '2211', '/media/products/20231120/Fresh_pk_92vvrTW.jpg', 3, '', 30, 13),
	(3564, '2023-11-20 19:08:11.396992', '2210', '/media/products/20231120/fresh_p.k_V4lxU7R.jpg', 3, '', 30, 13),
	(3565, '2023-11-20 19:08:11.396992', '2209', '/media/products/20231120/fresh_p.k_1_EnurKOu.jpg', 3, '', 30, 13),
	(3566, '2023-11-20 19:08:11.396992', '2208', '/media/products/20231120/Fresh_Milk_douWkpw.jpg', 3, '', 30, 13),
	(3567, '2023-11-20 19:08:11.396992', '2207', '/media/products/20231120/Fresh_Milk_3_9U3LXpK.jpg', 3, '', 30, 13),
	(3568, '2023-11-20 19:08:11.412617', '2206', '/media/products/20231120/Fresh_Milk_2_kuGPF5j.jpg', 3, '', 30, 13),
	(3569, '2023-11-20 19:08:11.415356', '2205', '/media/products/20231120/fresh_fri_oil_F4WdtqF.jpg', 3, '', 30, 13),
	(3570, '2023-11-20 19:08:11.415356', '2204', '/media/products/20231120/Fresh_pk_JL21zCq.jpg', 3, '', 30, 13),
	(3571, '2023-11-20 19:08:11.415356', '2203', '/media/products/20231120/fresh_p.k_D1CAKLm.jpg', 3, '', 30, 13),
	(3572, '2023-11-20 19:08:11.415356', '2202', '/media/products/20231120/fresh_p.k_1_jBgBdql.jpg', 3, '', 30, 13),
	(3573, '2023-11-20 19:08:11.415356', '2201', '/media/products/20231120/Fresh_Milk_95eGLEj.jpg', 3, '', 30, 13),
	(3574, '2023-11-20 19:08:11.432586', '2200', '/media/products/20231120/Fresh_Milk_3_oOtDp7p.jpg', 3, '', 30, 13),
	(3575, '2023-11-20 19:08:11.436587', '2199', '/media/products/20231120/Fresh_Milk_2_NNTH4OW.jpg', 3, '', 30, 13),
	(3576, '2023-11-20 19:08:11.439587', '2198', '/media/products/20231120/fresh_fri_oil_nTp5Au8.jpg', 3, '', 30, 13),
	(3577, '2023-11-20 19:08:11.442587', '2197', '/media/products/20231120/Fresh_pk_Cne3Oqb.jpg', 3, '', 30, 13),
	(3578, '2023-11-20 19:08:11.445588', '2196', '/media/products/20231120/fresh_p.k_06cXlek.jpg', 3, '', 30, 13),
	(3579, '2023-11-20 19:08:11.448399', '2195', '/media/products/20231120/fresh_p.k_1_7z8f02T.jpg', 3, '', 30, 13),
	(3580, '2023-11-20 19:08:11.452398', '2194', '/media/products/20231120/Fresh_Milk_Z5WVQDt.jpg', 3, '', 30, 13),
	(3581, '2023-11-20 19:08:11.455413', '2193', '/media/products/20231120/Fresh_Milk_3_WbrG4CS.jpg', 3, '', 30, 13),
	(3582, '2023-11-20 19:08:11.458413', '2192', '/media/products/20231120/Fresh_Milk_2_FJTuJ74.jpg', 3, '', 30, 13),
	(3583, '2023-11-20 19:08:11.461395', '2191', '/media/products/20231120/fresh_fri_oil_EqI1UNu.jpg', 3, '', 30, 13),
	(3584, '2023-11-20 19:08:11.463654', '2190', '/media/products/20231120/Fresh_pk.jpg', 3, '', 30, 13),
	(3585, '2023-11-20 19:08:11.463654', '2189', '/media/products/20231120/fresh_p.k.jpg', 3, '', 30, 13),
	(3586, '2023-11-20 19:08:11.463654', '2188', '/media/products/20231120/fresh_p.k_1.jpg', 3, '', 30, 13),
	(3587, '2023-11-20 19:08:11.481338', '2187', '/media/products/20231120/Fresh_Milk.jpg', 3, '', 30, 13),
	(3588, '2023-11-20 19:08:11.481338', '2186', '/media/products/20231120/Fresh_Milk_3.jpg', 3, '', 30, 13),
	(3589, '2023-11-20 19:08:11.481338', '2185', '/media/products/20231120/Fresh_Milk_2.jpg', 3, '', 30, 13),
	(3590, '2023-11-20 19:08:11.481338', '2184', '/media/products/20231120/fresh_fri_oil.jpg', 3, '', 30, 13),
	(3591, '2023-11-20 19:08:11.497385', '2183', '/media/products/20231120/sweets_4oUbDCs.jpg', 3, '', 30, 13),
	(3592, '2023-11-20 19:08:11.501389', '2182', '/media/products/20231120/sweets_patco_u8If6iJ.jpg', 3, '', 30, 13),
	(3593, '2023-11-20 19:08:11.505121', '2181', '/media/products/20231120/sweets_koo_a5xc3LU.jpg', 3, '', 30, 13),
	(3594, '2023-11-20 19:08:11.508690', '2180', '/media/products/20231120/sweets_n4kwvtH.jpg', 3, '', 30, 13),
	(3595, '2023-11-20 19:08:11.512687', '2179', '/media/products/20231120/sweets_patco_Oa5FErS.jpg', 3, '', 30, 13),
	(3596, '2023-11-20 19:08:11.517658', '2178', '/media/products/20231120/sweets_koo_XlSqnQT.jpg', 3, '', 30, 13),
	(3597, '2023-11-20 19:08:11.521290', '2177', '/media/products/20231120/other_PqNf6Au.png', 3, '', 30, 13),
	(3598, '2023-11-20 19:08:11.525483', '2176', '/media/products/20231120/other_g9Qi0Y1.png', 3, '', 30, 13),
	(3599, '2023-11-20 19:08:11.529483', '2175', '/media/products/20231120/other_MzsnakB.png', 3, '', 30, 13),
	(3600, '2023-11-20 19:08:11.533404', '2174', '/media/products/20231120/other_Tl0Br8L.png', 3, '', 30, 13),
	(3601, '2023-11-20 19:08:11.536489', '2173', '/media/products/20231120/other_h5CmzzA.png', 3, '', 30, 13),
	(3602, '2023-11-20 19:08:11.541435', '2172', '/media/products/20231120/other_YgMhOcH.png', 3, '', 30, 13),
	(3603, '2023-11-20 19:08:11.547438', '2171', '/media/products/20231120/other_uvxsIq7.png', 3, '', 30, 13),
	(3604, '2023-11-20 19:08:11.552639', '2170', '/media/products/20231120/other_w1ArkZD.png', 3, '', 30, 13),
	(3605, '2023-11-20 19:08:11.557162', '2169', '/media/products/20231120/other_jVJOmL8.png', 3, '', 30, 13),
	(3606, '2023-11-20 19:08:11.560979', '2168', '/media/products/20231120/other_KZHY035.png', 3, '', 30, 13),
	(3607, '2023-11-20 19:08:11.564895', '2167', '/media/products/20231120/other_t9ba7Df.png', 3, '', 30, 13),
	(3608, '2023-11-20 19:08:11.569479', '2166', '/media/products/20231120/other_6425wZ5.png', 3, '', 30, 13),
	(3609, '2023-11-20 19:08:11.573567', '2165', '/media/products/20231120/other_y3mUz89.png', 3, '', 30, 13),
	(3610, '2023-11-20 19:08:11.578266', '2164', '/media/products/20231120/ariel_tGWtdf5.jpg', 3, '', 30, 13),
	(3611, '2023-11-20 19:08:11.582258', '2163', '/media/products/20231120/ariel_4Krc0s7.jpg', 3, '', 30, 13),
	(3612, '2023-11-20 19:08:11.586265', '2162', '/media/products/20231120/ariel.jpg', 3, '', 30, 13),
	(3613, '2023-11-20 19:08:11.590257', '2161', '/media/products/20231120/omo_BtuAbU0.jpg', 3, '', 30, 13),
	(3614, '2023-11-20 19:08:11.594478', '2160', '/media/products/20231120/other_Q27MZvj.png', 3, '', 30, 13),
	(3615, '2023-11-20 19:08:11.598494', '2159', '/media/products/20231120/other_OioRDCU.png', 3, '', 30, 13),
	(3616, '2023-11-20 19:08:11.602799', '2158', '/media/products/20231120/Bites_2.jpg', 3, '', 30, 13),
	(3617, '2023-11-20 19:08:11.607401', '2157', '/media/products/20231120/Bites_1.jpg', 3, '', 30, 13),
	(3618, '2023-11-20 19:08:11.610552', '2156', '/media/products/20231120/other_iwwoaqf.png', 3, '', 30, 13),
	(3619, '2023-11-20 19:08:11.615398', '2155', '/media/products/20231120/other_4TgD8ma.png', 3, '', 30, 13),
	(3620, '2023-11-20 19:08:11.621351', '2154', '/media/products/20231120/sweets.jpg', 3, '', 30, 13),
	(3621, '2023-11-20 19:08:11.625739', '2153', '/media/products/20231120/sweets_patco.jpg', 3, '', 30, 13),
	(3622, '2023-11-20 19:08:11.629760', '2152', '/media/products/20231120/sweets_koo.jpg', 3, '', 30, 13),
	(3623, '2023-11-20 19:08:11.634759', '2151', '/media/products/20231120/other_sCEm02J.png', 3, '', 30, 13),
	(3624, '2023-11-20 19:08:11.638777', '2150', '/media/products/20231120/soda_plastic_xo9bXo7.jpg', 3, '', 30, 13),
	(3625, '2023-11-20 19:08:11.642195', '2149', '/media/products/20231120/soda_plastic_4_XSxeEal.jpg', 3, '', 30, 13),
	(3626, '2023-11-20 19:08:11.647243', '2148', '/media/products/20231120/soda_plastic_3_nYWpWBM.jpg', 3, '', 30, 13),
	(3627, '2023-11-20 19:08:11.651444', '2147', '/media/products/20231120/soda_plastic_2_bTLGx6c.jpg', 3, '', 30, 13),
	(3628, '2023-11-20 19:08:11.654442', '2146', '/media/products/20231120/soda_passion_tFq9up9.jpg', 3, '', 30, 13),
	(3629, '2023-11-20 19:08:11.658488', '2145', '/media/products/20231120/soda_krest_9n0AQ5i.jpg', 3, '', 30, 13),
	(3630, '2023-11-20 19:08:11.662295', '2144', '/media/products/20231120/soda_coke_m28ycOT.jpg', 3, '', 30, 13),
	(3631, '2023-11-20 19:08:11.665297', '2143', '/media/products/20231120/soda_black_currant_sYcpdNW.jpg', 3, '', 30, 13),
	(3632, '2023-11-20 19:08:11.668387', '2142', '/media/products/20231120/other_gBQPgKX.png', 3, '', 30, 13),
	(3633, '2023-11-20 19:08:11.672313', '2141', '/media/products/20231120/other_DQmNSm0.png', 3, '', 30, 13),
	(3634, '2023-11-20 19:08:11.676303', '2140', '/media/products/20231120/other_XXMm7Cm.png', 3, '', 30, 13),
	(3635, '2023-11-20 19:08:11.680298', '2139', '/media/products/20231120/other_Sw6qFyL.png', 3, '', 30, 13),
	(3636, '2023-11-20 19:08:11.685302', '2138', '/media/products/20231120/other_EgeL6Fq.png', 3, '', 30, 13),
	(3637, '2023-11-20 19:08:11.688950', '2137', '/media/products/20231120/other_mHaYmSp.png', 3, '', 30, 13),
	(3638, '2023-11-20 19:08:11.692864', '2136', '/media/products/20231120/other_1NZPK0a.png', 3, '', 30, 13),
	(3639, '2023-11-20 19:08:11.696862', '2135', '/media/products/20231120/other_dU0NXgO.png', 3, '', 30, 13),
	(3640, '2023-11-20 19:08:11.700876', '2134', '/media/products/20231120/other_GRI4wtH.png', 3, '', 30, 13),
	(3641, '2023-11-20 19:08:11.704814', '2133', '/media/products/20231120/other_6FsqKZ7.png', 3, '', 30, 13),
	(3642, '2023-11-20 19:08:11.708596', '2132', '/media/products/20231120/other_bPETvte.png', 3, '', 30, 13),
	(3643, '2023-11-20 19:08:11.712601', '2130', '/media/products/20231120/eggs.jpg', 3, '', 30, 13),
	(3644, '2023-11-20 19:08:11.717073', '2129', '/media/products/20231120/other_pE0ubkL.png', 3, '', 30, 13),
	(3645, '2023-11-20 19:08:11.720154', '2128', '/media/products/20231120/other_dosNACT.png', 3, '', 30, 13),
	(3646, '2023-11-20 19:08:11.724431', '2127', '/media/products/20231120/other_0nLk2r2.png', 3, '', 30, 13),
	(3647, '2023-11-20 19:08:11.728145', '2126', '/media/products/20231120/other_Gkh9UkC.png', 3, '', 30, 13),
	(3648, '2023-11-20 19:08:11.730333', '2125', '/media/products/20231120/sawa_bath_soap_rHa4f0W.jpg', 3, '', 30, 13),
	(3649, '2023-11-20 19:08:11.730333', '2124', '/media/products/20231120/sawa_bath_soap.jpg', 3, '', 30, 13),
	(3650, '2023-11-20 19:08:11.730333', '2123', '/media/products/20231120/other_Uo7qhkl.png', 3, '', 30, 13),
	(3651, '2023-11-20 19:08:11.730333', '2122', '/media/products/20231120/other_TOrOZxc.png', 3, '', 30, 13),
	(3652, '2023-11-20 19:08:11.730333', '2121', '/media/products/20231120/soda_plastic_WNgCtoM.jpg', 3, '', 30, 13),
	(3653, '2023-11-20 19:08:11.747543', '2120', '/media/products/20231120/soda_plastic_4_pbf4ZKW.jpg', 3, '', 30, 13),
	(3654, '2023-11-20 19:08:11.751516', '2119', '/media/products/20231120/soda_plastic_3_YtGecyA.jpg', 3, '', 30, 13),
	(3655, '2023-11-20 19:08:11.755882', '2118', '/media/products/20231120/soda_plastic_2_t7SBj5w.jpg', 3, '', 30, 13),
	(3656, '2023-11-20 19:08:11.759052', '2117', '/media/products/20231120/soda_passion_Qs5iZs3.jpg', 3, '', 30, 13),
	(3657, '2023-11-20 19:08:11.763876', '2116', '/media/products/20231120/soda_krest_jHMzpg1.jpg', 3, '', 30, 13),
	(3658, '2023-11-20 19:08:11.767526', '2115', '/media/products/20231120/soda_coke_2Myd69K.jpg', 3, '', 30, 13),
	(3659, '2023-11-20 19:08:11.771137', '2114', '/media/products/20231120/soda_black_currant_8pIouX4.jpg', 3, '', 30, 13),
	(3660, '2023-11-20 19:08:11.775124', '2113', '/media/products/20231120/other_DwCdG8m.png', 3, '', 30, 13),
	(3661, '2023-11-20 19:08:11.779119', '2112', '/media/products/20231120/other_3ARHRA1.png', 3, '', 30, 13),
	(3662, '2023-11-20 19:08:11.783116', '2111', '/media/products/20231120/other_0rS1AgR.png', 3, '', 30, 13),
	(3663, '2023-11-20 19:08:11.787333', '2110', '/media/products/20231120/other_uiw6yej.png', 3, '', 30, 13),
	(3664, '2023-11-20 19:08:11.791639', '2109', '/media/products/20231120/other_ztMmP1Z.png', 3, '', 30, 13),
	(3665, '2023-11-20 19:08:11.795639', '2108', '/media/products/20231120/other_TzGXWW1.png', 3, '', 30, 13),
	(3666, '2023-11-20 19:08:11.799736', '2107', '/media/products/20231120/other_lveQFbL.png', 3, '', 30, 13),
	(3667, '2023-11-20 19:08:11.803752', '2106', '/media/products/20231120/other_jUFD5kr.png', 3, '', 30, 13),
	(3668, '2023-11-20 19:08:11.807438', '2105', '/media/products/20231120/other_KZbzW80.png', 3, '', 30, 13),
	(3669, '2023-11-20 19:08:11.811440', '2104', '/media/products/20231120/soda_plastic_F86m61i.jpg', 3, '', 30, 13),
	(3670, '2023-11-20 19:08:11.815270', '2103', '/media/products/20231120/soda_plastic_4_Rvu3DqD.jpg', 3, '', 30, 13),
	(3671, '2023-11-20 19:08:11.819272', '2102', '/media/products/20231120/soda_plastic_3_ZAuMYSf.jpg', 3, '', 30, 13),
	(3672, '2023-11-20 19:08:11.823464', '2101', '/media/products/20231120/soda_plastic_2_3hBXCIQ.jpg', 3, '', 30, 13),
	(3673, '2023-11-20 19:08:11.827225', '2100', '/media/products/20231120/soda_passion_Dh8Kaj6.jpg', 3, '', 30, 13),
	(3674, '2023-11-20 19:08:11.832072', '2099', '/media/products/20231120/soda_krest_ITHwWDv.jpg', 3, '', 30, 13),
	(3675, '2023-11-20 19:08:11.836264', '2098', '/media/products/20231120/soda_coke_d1ysQoL.jpg', 3, '', 30, 13),
	(3676, '2023-11-20 19:08:11.839386', '2097', '/media/products/20231120/soda_black_currant_wz7bfJ2.jpg', 3, '', 30, 13),
	(3677, '2023-11-20 19:08:11.843214', '2096', '/media/products/20231120/other_42iDfWc.png', 3, '', 30, 13),
	(3678, '2023-11-20 19:08:11.847137', '2095', '/media/products/20231120/other_qXFvjJO.png', 3, '', 30, 13),
	(3679, '2023-11-20 19:08:11.851237', '2094', '/media/products/20231120/other_Xz0H0x1.png', 3, '', 30, 13),
	(3680, '2023-11-20 19:08:11.855164', '2093', '/media/products/20231120/other_cyS0U4C.png', 3, '', 30, 13),
	(3681, '2023-11-20 19:08:11.862665', '2092', '/media/products/20231120/other_89EJ9tY.png', 3, '', 30, 13),
	(3682, '2023-11-20 19:08:11.866682', '2091', '/media/products/20231120/other_5r7V49z.png', 3, '', 30, 13),
	(3683, '2023-11-20 19:08:11.869995', '2090', '/media/products/20231120/Fresh_Milk_2_Nnd2KNt.jpg', 3, '', 30, 13),
	(3684, '2023-11-20 19:08:11.874173', '2089', '/media/products/20231120/other_FX8rpKF.png', 3, '', 30, 13),
	(3685, '2023-11-20 19:08:11.878026', '2088', '/media/products/20231120/other_VHMNx7k.png', 3, '', 30, 13),
	(3686, '2023-11-20 19:08:11.882286', '2087', '/media/products/20231120/msafi_bar_soap_lCnoP5O.jpg', 3, '', 30, 13),
	(3687, '2023-11-20 19:08:11.886710', '2086', '/media/products/20231120/other_OEXvqcY.png', 3, '', 30, 13),
	(3688, '2023-11-20 19:08:11.890352', '2085', '/media/products/20231120/other_RpCIpPw.png', 3, '', 30, 13),
	(3689, '2023-11-20 19:08:11.898000', '2084', '/media/products/20231120/toothbrush.jpg', 3, '', 30, 13),
	(3690, '2023-11-20 19:08:11.902006', '2083', '/media/products/20231120/msafi_bar_soap_7hm0rgf.jpg', 3, '', 30, 13),
	(3691, '2023-11-20 19:08:11.905790', '2082', '/media/products/20231120/other_7jL5R2t.png', 3, '', 30, 13),
	(3692, '2023-11-20 19:08:11.910045', '2081', '/media/products/20231120/other_SvRVMpZ.png', 3, '', 30, 13),
	(3693, '2023-11-20 19:08:11.913869', '2080', '/media/products/20231120/other_1mvYEb9.png', 3, '', 30, 13),
	(3694, '2023-11-20 19:08:11.917867', '2079', '/media/products/20231120/Nuvita_Biscuits_mcOBils.jpg', 3, '', 30, 13),
	(3695, '2023-11-20 19:08:11.921962', '2078', '/media/products/20231120/Manji_Ginger_Biscuits_nW92ZA8.jpg', 3, '', 30, 13),
	(3696, '2023-11-20 19:08:11.926061', '2077', '/media/products/20231120/Nuvita_Biscuits.jpg', 3, '', 30, 13),
	(3697, '2023-11-20 19:08:11.930628', '2076', '/media/products/20231120/Manji_Ginger_Biscuits.jpg', 3, '', 30, 13),
	(3698, '2023-11-20 19:08:11.935251', '2075', '/media/products/20231120/other_ButSBzr.png', 3, '', 30, 13),
	(3699, '2023-11-20 19:08:11.938991', '2074', '/media/products/20231120/soda_plastic_EWvS5C9.jpg', 3, '', 30, 13),
	(3700, '2023-11-20 19:08:11.942974', '2073', '/media/products/20231120/soda_plastic_4_I13uTEP.jpg', 3, '', 30, 13),
	(3701, '2023-11-20 19:08:11.946982', '2072', '/media/products/20231120/soda_plastic_3_ggQ2uvo.jpg', 3, '', 30, 13),
	(3702, '2023-11-20 19:08:11.949853', '2071', '/media/products/20231120/soda_plastic_2_axlxQAl.jpg', 3, '', 30, 13),
	(3703, '2023-11-20 19:08:11.949853', '2070', '/media/products/20231120/soda_passion_6gysUUH.jpg', 3, '', 30, 13),
	(3704, '2023-11-20 19:08:11.949853', '2069', '/media/products/20231120/soda_krest_ApkO5Hi.jpg', 3, '', 30, 13),
	(3705, '2023-11-20 19:08:11.949853', '2068', '/media/products/20231120/soda_coke_mp9fNw6.jpg', 3, '', 30, 13),
	(3706, '2023-11-20 19:08:11.967807', '2067', '/media/products/20231120/soda_black_currant_Pq7CA1Q.jpg', 3, '', 30, 13),
	(3707, '2023-11-20 19:08:11.971380', '2066', '/media/products/20231120/other_xjPInkw.png', 3, '', 30, 13),
	(3708, '2023-11-20 19:08:11.975394', '2065', '/media/products/20231120/other_OFljzhH.png', 3, '', 30, 13),
	(3709, '2023-11-20 19:08:11.979227', '2064', '/media/products/20231120/other_aHHs67d.png', 3, '', 30, 13),
	(3710, '2023-11-20 19:08:11.983823', '2063', '/media/products/20231120/other_Is98QQ1.png', 3, '', 30, 13),
	(3711, '2023-11-20 19:08:11.983823', '2062', '/media/products/20231120/other_p7mH6vM.png', 3, '', 30, 13),
	(3712, '2023-11-20 19:08:11.983823', '2061', '/media/products/20231120/Eden_tea_1DZgeSW.jpg', 3, '', 30, 13),
	(3713, '2023-11-20 19:08:11.983823', '2060', '/media/products/20231120/Eden_tea.jpg', 3, '', 30, 13),
	(3714, '2023-11-20 19:08:11.999263', '2059', '/media/products/20231120/other_mvsv5a6.png', 3, '', 30, 13),
	(3715, '2023-11-20 19:08:12.003207', '2058', '/media/products/20231120/soda_plastic_dxbSMYY.jpg', 3, '', 30, 13),
	(3716, '2023-11-20 19:08:12.007221', '2057', '/media/products/20231120/soda_plastic_4_n5JqIdI.jpg', 3, '', 30, 13),
	(3717, '2023-11-20 19:08:12.011456', '2056', '/media/products/20231120/soda_plastic_3_pzFm63T.jpg', 3, '', 30, 13),
	(3718, '2023-11-20 19:08:12.015293', '2055', '/media/products/20231120/soda_plastic_2_mbRL8tX.jpg', 3, '', 30, 13),
	(3719, '2023-11-20 19:08:12.019868', '2054', '/media/products/20231120/soda_passion_erTlkxo.jpg', 3, '', 30, 13),
	(3720, '2023-11-20 19:08:12.024532', '2053', '/media/products/20231120/soda_krest_MjOO2sX.jpg', 3, '', 30, 13),
	(3721, '2023-11-20 19:08:12.028379', '2052', '/media/products/20231120/soda_coke_YfinD0u.jpg', 3, '', 30, 13),
	(3722, '2023-11-20 19:08:12.032213', '2051', '/media/products/20231120/soda_black_currant_NeOSpiK.jpg', 3, '', 30, 13),
	(3723, '2023-11-20 19:08:12.037219', '2050', '/media/products/20231120/other_6Kv4yXM.png', 3, '', 30, 13),
	(3724, '2023-11-20 19:08:12.041215', '2049', '/media/products/20231120/soda_plastic_aA1zZIG.jpg', 3, '', 30, 13),
	(3725, '2023-11-20 19:08:12.045771', '2048', '/media/products/20231120/soda_plastic_4_jWuVpjY.jpg', 3, '', 30, 13),
	(3726, '2023-11-20 19:08:12.050252', '2047', '/media/products/20231120/soda_plastic_3_C9y5Wfq.jpg', 3, '', 30, 13),
	(3727, '2023-11-20 19:08:12.057853', '2046', '/media/products/20231120/soda_plastic_2_TPvDinz.jpg', 3, '', 30, 13),
	(3728, '2023-11-20 19:08:12.065272', '2045', '/media/products/20231120/soda_passion_dYBOC1w.jpg', 3, '', 30, 13),
	(3729, '2023-11-20 19:08:12.070359', '2044', '/media/products/20231120/soda_krest_6dyn0v7.jpg', 3, '', 30, 13),
	(3730, '2023-11-20 19:08:12.079556', '2043', '/media/products/20231120/soda_coke_0ky7rXc.jpg', 3, '', 30, 13),
	(3731, '2023-11-20 19:08:12.084796', '2042', '/media/products/20231120/soda_black_currant_nx0p83E.jpg', 3, '', 30, 13),
	(3732, '2023-11-20 19:08:12.090944', '2041', '/media/products/20231120/other_VLLpXCR.png', 3, '', 30, 13),
	(3733, '2023-11-20 19:08:12.095983', '2040', '/media/products/20231120/other_qG2JdAw.png', 3, '', 30, 13),
	(3734, '2023-11-20 19:08:12.103738', '2039', '/media/products/20231120/other_VT9SGCx.png', 3, '', 30, 13),
	(3735, '2023-11-20 19:08:12.110490', '2038', '/media/products/20231120/other_oxoHOvj.png', 3, '', 30, 13),
	(3736, '2023-11-20 19:08:12.115446', '2037', '/media/products/20231120/other_oHENSD8.png', 3, '', 30, 13),
	(3737, '2023-11-20 19:08:12.120294', '2036', '/media/products/20231120/other_thLsxC9.png', 3, '', 30, 13),
	(3738, '2023-11-20 19:08:12.124726', '2035', '/media/products/20231120/other_NLt43hj.png', 3, '', 30, 13),
	(3739, '2023-11-20 19:08:12.131730', '2034', '/media/products/20231120/other_tIyhQQy.png', 3, '', 30, 13),
	(3740, '2023-11-20 19:08:12.135976', '2033', '/media/products/20231120/other_bZ8NzPb.png', 3, '', 30, 13),
	(3741, '2023-11-20 19:08:12.142661', '2032', '/media/products/20231120/tomatoes.jpg', 3, '', 30, 13),
	(3742, '2023-11-20 19:08:12.147562', '2031', '/media/products/20231120/tomato_paste.jpg', 3, '', 30, 13),
	(3743, '2023-11-20 19:08:12.152002', '2030', '/media/products/20231120/other_F08nEnZ.png', 3, '', 30, 13),
	(3744, '2023-11-20 19:08:12.156263', '2029', '/media/products/20231120/other_u8X25qg.png', 3, '', 30, 13),
	(3745, '2023-11-20 19:08:12.164096', '2028', '/media/products/20231120/other_eIkgfst.png', 3, '', 30, 13),
	(3746, '2023-11-20 19:08:12.170095', '2027', '/media/products/20231120/crisps_assorted.jpg', 3, '', 30, 13),
	(3747, '2023-11-20 19:08:12.176585', '2025', '/media/products/20231120/other_drCSb0K.png', 3, '', 30, 13),
	(3748, '2023-11-20 19:08:12.183703', '2024', '/media/products/20231120/Baking_Powder.jpg', 3, '', 30, 13),
	(3749, '2023-11-20 19:08:12.187879', '2023', '/media/products/20231120/Baking_Powder_2.jpg', 3, '', 30, 13),
	(3750, '2023-11-20 19:08:12.194609', '2022', '/media/products/20231120/Fresh_Milk_JpQgLl5.jpg', 3, '', 30, 13),
	(3751, '2023-11-20 19:08:12.200306', '2021', '/media/products/20231120/other_m6Wj19w.png', 3, '', 30, 13),
	(3752, '2023-11-20 19:08:12.204373', '2020', '/media/products/20231120/soda_plastic_dKQE19w.jpg', 3, '', 30, 13),
	(3753, '2023-11-20 19:08:12.208385', '2019', '/media/products/20231120/soda_plastic_4_fTupXxn.jpg', 3, '', 30, 13),
	(3754, '2023-11-20 19:08:12.219741', '2018', '/media/products/20231120/soda_plastic_3_oQdWCK1.jpg', 3, '', 30, 13),
	(3755, '2023-11-20 19:08:12.225201', '2017', '/media/products/20231120/soda_plastic_2_wEarX1o.jpg', 3, '', 30, 13),
	(3756, '2023-11-20 19:08:12.230204', '2016', '/media/products/20231120/soda_passion_F61r3hH.jpg', 3, '', 30, 13),
	(3757, '2023-11-20 19:08:12.235364', '2015', '/media/products/20231120/soda_krest_Fnb25jI.jpg', 3, '', 30, 13),
	(3758, '2023-11-20 19:08:12.239929', '2014', '/media/products/20231120/soda_coke_ovRFNDb.jpg', 3, '', 30, 13),
	(3759, '2023-11-20 19:08:12.244331', '2013', '/media/products/20231120/soda_black_currant_ZSz7Cbr.jpg', 3, '', 30, 13),
	(3760, '2023-11-20 19:08:12.251334', '2012', '/media/products/20231120/other_fzdihep.png', 3, '', 30, 13),
	(3761, '2023-11-20 19:08:12.255498', '2011', '/media/products/20231120/soda_plastic_sAYFAKD.jpg', 3, '', 30, 13),
	(3762, '2023-11-20 19:08:12.259758', '2010', '/media/products/20231120/soda_plastic_4_DgLglox.jpg', 3, '', 30, 13),
	(3763, '2023-11-20 19:08:12.263791', '2009', '/media/products/20231120/soda_plastic_3_m58wOoU.jpg', 3, '', 30, 13),
	(3764, '2023-11-20 19:08:12.271496', '2008', '/media/products/20231120/soda_plastic_2_02Y46ZP.jpg', 3, '', 30, 13),
	(3765, '2023-11-20 19:08:12.276048', '2007', '/media/products/20231120/soda_passion_FJ5xsmM.jpg', 3, '', 30, 13),
	(3766, '2023-11-20 19:08:12.280423', '2006', '/media/products/20231120/soda_krest_NRHjKnK.jpg', 3, '', 30, 13),
	(3767, '2023-11-20 19:08:12.286430', '2005', '/media/products/20231120/soda_coke_jlTCqZH.jpg', 3, '', 30, 13),
	(3768, '2023-11-20 19:08:12.292598', '2004', '/media/products/20231120/soda_black_currant_j1kQUyK.jpg', 3, '', 30, 13),
	(3769, '2023-11-20 19:08:12.297518', '2003', '/media/products/20231120/soda_plastic_lOEA5mx.jpg', 3, '', 30, 13),
	(3770, '2023-11-20 19:08:12.304918', '2002', '/media/products/20231120/soda_plastic_4_HOVs7sT.jpg', 3, '', 30, 13),
	(3771, '2023-11-20 19:08:12.309920', '2001', '/media/products/20231120/soda_plastic_3_VTUntwM.jpg', 3, '', 30, 13),
	(3772, '2023-11-20 19:08:12.314968', '2000', '/media/products/20231120/soda_plastic_2_0yRqujk.jpg', 3, '', 30, 13),
	(3773, '2023-11-20 19:08:12.322067', '1999', '/media/products/20231120/soda_passion_38EcGBE.jpg', 3, '', 30, 13),
	(3774, '2023-11-20 19:08:12.332893', '1998', '/media/products/20231120/soda_krest_TzHIqba.jpg', 3, '', 30, 13),
	(3775, '2023-11-20 19:08:12.338312', '1997', '/media/products/20231120/soda_coke_XgGzIov.jpg', 3, '', 30, 13),
	(3776, '2023-11-20 19:08:12.342522', '1996', '/media/products/20231120/soda_black_currant_hqakMcq.jpg', 3, '', 30, 13),
	(3777, '2023-11-20 19:08:12.347387', '1995', '/media/products/20231120/other_MECGB9I.png', 3, '', 30, 13),
	(3778, '2023-11-20 19:08:12.351818', '1994', '/media/products/20231120/Fresh_Milk_3_RsLAQ7w.jpg', 3, '', 30, 13),
	(3779, '2023-11-20 19:08:12.356823', '1992', '/media/products/20231120/other_5h8nDXd.png', 3, '', 30, 13),
	(3780, '2023-11-20 19:08:12.362819', '1990', '/media/products/20231120/other_CK4dfq1.png', 3, '', 30, 13),
	(3781, '2023-11-20 19:08:12.367799', '1989', '/media/products/20231120/Colgate_lH2hRwT.jpg', 3, '', 30, 13),
	(3782, '2023-11-20 19:08:12.373798', '1988', '/media/products/20231120/Colgate_1_6ufO3aA.jpg', 3, '', 30, 13),
	(3783, '2023-11-20 19:08:12.377820', '1987', '/media/products/20231120/Colgate.jpg', 3, '', 30, 13),
	(3784, '2023-11-20 19:08:12.381801', '1986', '/media/products/20231120/Colgate_1.jpg', 3, '', 30, 13),
	(3785, '2023-11-20 19:08:12.386456', '1985', '/media/products/20231120/other_M0RhQxE.png', 3, '', 30, 13),
	(3786, '2023-11-20 19:08:12.390788', '1984', '/media/products/20231120/Fresh_Milk_xYFgAmW.jpg', 3, '', 30, 13),
	(3787, '2023-11-20 19:08:12.397132', '1983', '/media/products/20231120/other_jzQAVDB.png', 3, '', 30, 13),
	(3788, '2023-11-20 19:08:12.403281', '1982', '/media/products/20231120/other_Cxd7QPo.png', 3, '', 30, 13),
	(3789, '2023-11-20 19:08:12.417852', '1981', '/media/products/20231120/other_uvEUlL3.png', 3, '', 30, 13),
	(3790, '2023-11-20 19:08:12.422850', '1980', '/media/products/20231120/other_z3e884n.png', 3, '', 30, 13),
	(3791, '2023-11-20 19:08:12.426744', '1979', '/media/products/20231120/bella_baby_wipes.jpg', 3, '', 30, 13),
	(3792, '2023-11-20 19:08:12.430745', '1978', '/media/products/20231120/biryani_rice_C9rRDQ9.jpg', 3, '', 30, 13),
	(3793, '2023-11-20 19:08:12.437742', '1977', '/media/products/20231120/biryani_rice_2_Z9nwCbC.jpg', 3, '', 30, 13),
	(3794, '2023-11-20 19:08:12.441795', '1976', '/media/products/20231120/biryani_rice_enduF5r.jpg', 3, '', 30, 13),
	(3795, '2023-11-20 19:08:12.452120', '1975', '/media/products/20231120/biryani_rice_2_XKIOuIa.jpg', 3, '', 30, 13),
	(3796, '2023-11-20 19:08:12.455961', '1974', '/media/products/20231120/biryani_rice.jpg', 3, '', 30, 13),
	(3797, '2023-11-20 19:08:12.458961', '1973', '/media/products/20231120/biryani_rice_2.jpg', 3, '', 30, 13),
	(3798, '2023-11-20 19:08:12.462963', '1972', '/media/products/20231120/other_XNyYb2h.png', 3, '', 30, 13),
	(3799, '2023-11-20 19:08:12.468137', '1971', '/media/products/20231120/Always.jpg', 3, '', 30, 13),
	(3800, '2023-11-20 19:08:12.471120', '1970', '/media/products/20231120/Always_2.jpg', 3, '', 30, 13),
	(3801, '2023-11-20 19:08:12.474120', '1969', '/media/products/20231120/other_viNYtfz.png', 3, '', 30, 13),
	(3802, '2023-11-20 19:08:12.478072', '1968', '/media/products/20231120/other_BKM1ZIQ.png', 3, '', 30, 13),
	(3803, '2023-11-20 19:08:12.481066', '1967', '/media/products/20231120/Festive_bread.jpg', 3, '', 30, 13),
	(3804, '2023-11-20 19:08:12.484099', '1966', '/media/products/20231120/Bread.jpg', 3, '', 30, 13),
	(3805, '2023-11-20 19:08:12.487062', '1965', '/media/products/20231120/soda_plastic_9ZxrOdg.jpg', 3, '', 30, 13),
	(3806, '2023-11-20 19:08:12.490063', '1964', '/media/products/20231120/soda_plastic_4_orH1NzI.jpg', 3, '', 30, 13),
	(3807, '2023-11-20 19:08:12.494062', '1963', '/media/products/20231120/soda_plastic_3_P0rh5i7.jpg', 3, '', 30, 13),
	(3808, '2023-11-20 19:08:12.497063', '1962', '/media/products/20231120/soda_plastic_2_qf6BljU.jpg', 3, '', 30, 13),
	(3809, '2023-11-20 19:08:12.501063', '1961', '/media/products/20231120/soda_passion_IpTleIg.jpg', 3, '', 30, 13),
	(3810, '2023-11-20 19:08:12.504075', '1960', '/media/products/20231120/soda_krest_eYfzlrQ.jpg', 3, '', 30, 13),
	(3811, '2023-11-20 19:08:12.507062', '1959', '/media/products/20231120/soda_coke_BBguN7i.jpg', 3, '', 30, 13),
	(3812, '2023-11-20 19:08:12.511063', '1958', '/media/products/20231120/soda_black_currant_nWtlede.jpg', 3, '', 30, 13),
	(3813, '2023-11-20 19:08:12.513928', '1957', '/media/products/20231120/other_rS07N3I.png', 3, '', 30, 13),
	(3814, '2023-11-20 19:08:12.513928', '1956', '/media/products/20231120/mala.jpeg', 3, '', 30, 13),
	(3815, '2023-11-20 19:08:12.513928', '1955', '/media/products/20231120/other_Newzgo1.png', 3, '', 30, 13),
	(3816, '2023-11-20 19:08:12.513928', '1953', '/media/products/20231120/other_M4aBA3b.png', 3, '', 30, 13),
	(3817, '2023-11-20 19:08:12.513928', '1952', '/media/products/20231120/other_SGXlxUM.png', 3, '', 30, 13),
	(3818, '2023-11-20 19:08:12.531167', '1951', '/media/products/20231120/other_f5An2EN.png', 3, '', 30, 13),
	(3819, '2023-11-20 19:08:12.535167', '1950', '/media/products/20231120/other_f0wYDos.png', 3, '', 30, 13),
	(3820, '2023-11-20 19:08:12.538166', '1949', '/media/products/20231120/other_4ZulnKl.png', 3, '', 30, 13),
	(3821, '2023-11-20 19:08:12.541165', '1948', '/media/products/20231120/msafi_bar_soap.jpg', 3, '', 30, 13),
	(3822, '2023-11-20 19:08:12.544166', '1947', '/media/products/20231120/yoghurt.jpg', 3, '', 30, 13),
	(3823, '2023-11-20 19:08:12.547227', '1946', '/media/products/20231120/other_FPPcYBh.png', 3, '', 30, 13),
	(3824, '2023-11-20 19:08:12.550224', '1945', '/media/products/20231120/other_DeIi2eW.png', 3, '', 30, 13),
	(3825, '2023-11-20 19:08:12.554226', '1944', '/media/products/20231120/other_xK71MS3.png', 3, '', 30, 13),
	(3826, '2023-11-20 19:08:12.557226', '1943', '/media/products/20231120/other_TjDJn9I.png', 3, '', 30, 13),
	(3827, '2023-11-20 19:08:12.560224', '1942', '/media/products/20231120/other_I3xCc4N.png', 3, '', 30, 13),
	(3828, '2023-11-20 19:08:12.564229', '1941', '/media/products/20231120/other_zDfonSD.png', 3, '', 30, 13),
	(3829, '2023-11-20 19:08:12.567028', '1940', '/media/products/20231120/soda_plastic.jpg', 3, '', 30, 13),
	(3830, '2023-11-20 19:08:12.571027', '1939', '/media/products/20231120/soda_plastic_4.jpg', 3, '', 30, 13),
	(3831, '2023-11-20 19:08:12.574027', '1938', '/media/products/20231120/soda_plastic_3.jpg', 3, '', 30, 13),
	(3832, '2023-11-20 19:08:12.577027', '1937', '/media/products/20231120/soda_plastic_2.jpg', 3, '', 30, 13),
	(3833, '2023-11-20 19:08:12.580232', '1936', '/media/products/20231120/soda_passion.jpg', 3, '', 30, 13),
	(3834, '2023-11-20 19:08:12.580232', '1935', '/media/products/20231120/soda_krest.jpg', 3, '', 30, 13),
	(3835, '2023-11-20 19:08:12.580232', '1934', '/media/products/20231120/soda_coke.jpg', 3, '', 30, 13),
	(3836, '2023-11-20 19:08:12.580232', '1933', '/media/products/20231120/soda_black_currant.jpg', 3, '', 30, 13),
	(3837, '2023-11-20 19:08:12.580232', '1932', '/media/products/20231120/other_uKVAf8p.png', 3, '', 30, 13),
	(3838, '2023-11-20 19:08:12.596938', '1931', '/media/products/20231120/other_4HLSTig.png', 3, '', 30, 13),
	(3839, '2023-11-20 19:08:12.597870', '1930', '/media/products/20231120/other_EBXCm2K.png', 3, '', 30, 13),
	(3840, '2023-11-20 19:08:12.597870', '1929', '/media/products/20231120/other_Q6gyAIH.png', 3, '', 30, 13),
	(3841, '2023-11-20 19:08:12.597870', '1927', '/media/products/20231120/other_lhT2hWh.png', 3, '', 30, 13),
	(3842, '2023-11-20 19:08:12.597870', '1926', '/media/products/20231120/other_SayZDSq.png', 3, '', 30, 13),
	(3843, '2023-11-20 19:08:12.597870', '1925', '/media/products/20231120/Kamande.jpg', 3, '', 30, 13),
	(3844, '2023-11-20 19:08:12.617720', '1924', '/media/products/20231120/Kamande_2.jpg', 3, '', 30, 13),
	(3845, '2023-11-20 19:08:12.620719', '1923', '/media/products/20231120/other_428sNVz.png', 3, '', 30, 13),
	(3846, '2023-11-20 19:08:12.623718', '1922', '/media/products/20231120/Honey_2_pj7htDC.jpeg', 3, '', 30, 13),
	(3847, '2023-11-20 19:08:12.626720', '1921', '/media/products/20231120/Honey_1_HpK8lxF.jpeg', 3, '', 30, 13),
	(3848, '2023-11-20 19:08:12.630744', '1919', '/media/products/20231120/other_znXTOlG.png', 3, '', 30, 13),
	(3849, '2023-11-20 19:08:12.633751', '1918', '/media/products/20231120/other_bzSVJTD.png', 3, '', 30, 13),
	(3850, '2023-11-20 19:08:12.637743', '1917', '/media/products/20231120/other_jAt0NhS.png', 3, '', 30, 13),
	(3851, '2023-11-20 19:08:12.640740', '1916', '/media/products/20231120/Honey_2_nEYbrK5.jpeg', 3, '', 30, 13),
	(3852, '2023-11-20 19:08:12.643751', '1915', '/media/products/20231120/Honey_1_CCoPQYA.jpeg', 3, '', 30, 13),
	(3853, '2023-11-20 19:08:12.646929', '1914', '/media/products/20231120/omo_C6OlpeS.jpg', 3, '', 30, 13),
	(3854, '2023-11-20 19:08:12.646929', '1913', '/media/products/20231120/omo.jpg', 3, '', 30, 13),
	(3855, '2023-11-20 19:08:12.646929', '1908', '/media/products/20231120/Honey_2_QvON0Jn.jpeg', 3, '', 30, 13),
	(3856, '2023-11-20 19:08:12.646929', '1907', '/media/products/20231120/Honey_1_SiAqB1C.jpeg', 3, '', 30, 13),
	(3857, '2023-11-20 19:08:12.646929', '1906', '/media/products/20231120/Honey_2.jpeg', 3, '', 30, 13),
	(3858, '2023-11-20 19:08:12.663653', '1905', '/media/products/20231120/Honey_1.jpeg', 3, '', 30, 13),
	(3859, '2023-11-20 19:08:29.869384', '234', 'Pork', 3, '', 23, 13),
	(3860, '2023-11-20 19:08:29.873384', '233', 'Other', 3, '', 23, 13),
	(3861, '2023-11-20 19:08:29.876385', '232', 'Potatoes', 3, '', 23, 13),
	(3862, '2023-11-20 19:08:29.880389', '231', 'Omena', 3, '', 23, 13),
	(3863, '2023-11-20 19:08:29.882581', '230', 'Koo', 3, '', 23, 13),
	(3864, '2023-11-20 19:08:29.882581', '229', 'Patco', 3, '', 23, 13),
	(3865, '2023-11-20 19:08:29.882581', '228', 'Tropical', 3, '', 23, 13),
	(3866, '2023-11-20 19:08:29.882581', '227', 'Ginger', 3, '', 23, 13),
	(3867, '2023-11-20 19:08:29.897284', '226', 'Chicken Flavour', 3, '', 23, 13),
	(3868, '2023-11-20 19:08:29.897284', '225', 'Royco', 3, '', 23, 13),
	(3869, '2023-11-20 19:08:29.897284', '224', 'Matchbox', 3, '', 23, 13),
	(3870, '2023-11-20 19:08:29.897284', '223', 'PK', 3, '', 23, 13),
	(3871, '2023-11-20 19:08:29.897284', '222', 'Fresh', 3, '', 23, 13),
	(3872, '2023-11-20 19:08:29.914203', '221', 'Maramoja', 3, '', 23, 13),
	(3873, '2023-11-20 19:08:29.914203', '220', 'Hedex', 3, '', 23, 13),
	(3874, '2023-11-20 19:08:29.914203', '219', 'Dormans', 3, '', 23, 13),
	(3875, '2023-11-20 19:08:29.914203', '218', 'Steelwool', 3, '', 23, 13),
	(3876, '2023-11-20 19:08:29.930100', '217', 'Curry Powder', 3, '', 23, 13),
	(3877, '2023-11-20 19:08:29.930548', '216', 'Candles', 3, '', 23, 13),
	(3878, '2023-11-20 19:08:29.930548', '215', 'Safari', 3, '', 23, 13),
	(3879, '2023-11-20 19:08:29.930548', '214', 'Ringoz', 3, '', 23, 13),
	(3880, '2023-11-20 19:08:29.930548', '213', 'Chocolate', 3, '', 23, 13),
	(3881, '2023-11-20 19:08:29.946771', '212', 'Bites', 3, '', 23, 13),
	(3882, '2023-11-20 19:08:29.947610', '211', 'Sweets', 3, '', 23, 13),
	(3883, '2023-11-20 19:08:29.947610', '210', 'Cocoa', 3, '', 23, 13),
	(3884, '2023-11-20 19:08:29.947610', '209', 'Tuliza', 3, '', 23, 13),
	(3885, '2023-11-20 19:08:29.962456', '208', 'Panadol', 3, '', 23, 13),
	(3886, '2023-11-20 19:08:29.966784', '207', 'Sportsman', 3, '', 23, 13),
	(3887, '2023-11-20 19:08:29.966784', '206', 'SM', 3, '', 23, 13),
	(3888, '2023-11-20 19:08:29.966784', '205', 'KDF', 3, '', 23, 13),
	(3889, '2023-11-20 19:08:29.966784', '204', 'Glucose', 3, '', 23, 13),
	(3890, '2023-11-20 19:08:29.981750', '203', 'Eggs', 3, '', 23, 13),
	(3891, '2023-11-20 19:08:29.984747', '202', 'Bath Soap', 3, '', 23, 13),
	(3892, '2023-11-20 19:08:29.988352', '201', 'Diaper', 3, '', 23, 13),
	(3893, '2023-11-20 19:08:29.991348', '200', 'Sprite', 3, '', 23, 13),
	(3894, '2023-11-20 19:08:29.994349', '199', 'Kahawa', 3, '', 23, 13),
	(3895, '2023-11-20 19:08:29.997351', '198', 'Oreo', 3, '', 23, 13),
	(3896, '2023-11-20 19:08:30.001350', '197', 'Exercise Book', 3, '', 23, 13),
	(3897, '2023-11-20 19:08:30.004350', '196', 'Switch', 3, '', 23, 13),
	(3898, '2023-11-20 19:08:30.007348', '195', 'Salt', 3, '', 23, 13),
	(3899, '2023-11-20 19:08:30.010349', '194', 'Pen', 3, '', 23, 13),
	(3900, '2023-11-20 19:08:30.013592', '193', 'Krest', 3, '', 23, 13),
	(3901, '2023-11-20 19:08:30.016589', '192', 'Nescafe', 3, '', 23, 13),
	(3902, '2023-11-20 19:08:30.020594', '191', 'Nuvita ', 3, '', 23, 13),
	(3903, '2023-11-20 19:08:30.023591', '190', 'Menthol', 3, '', 23, 13),
	(3904, '2023-11-20 19:08:30.026591', '189', 'Eno', 3, '', 23, 13),
	(3905, '2023-11-20 19:08:30.030275', '188', 'Single', 3, '', 23, 13),
	(3906, '2023-11-20 19:08:30.033274', '187', 'Marie', 3, '', 23, 13),
	(3907, '2023-11-20 19:08:30.036156', '186', 'Toothbrush', 3, '', 23, 13),
	(3908, '2023-11-20 19:08:30.036156', '185', 'Mboga', 3, '', 23, 13),
	(3909, '2023-11-20 19:08:30.036156', '184', 'Mosquito Coil', 3, '', 23, 13),
	(3910, '2023-11-20 19:08:30.036156', '183', 'Biscuits', 3, '', 23, 13),
	(3911, '2023-11-20 19:08:30.050635', '182', 'Beef Flavour', 3, '', 23, 13),
	(3912, '2023-11-20 19:08:30.053639', '181', 'Sossi', 3, '', 23, 13),
	(3913, '2023-11-20 19:08:30.054772', '180', 'Classic', 3, '', 23, 13),
	(3914, '2023-11-20 19:08:30.054772', '179', 'Indomie', 3, '', 23, 13),
	(3915, '2023-11-20 19:08:30.064463', '178', 'Soda Glass', 3, '', 23, 13),
	(3916, '2023-11-20 19:08:30.064463', '177', 'Soda Plastic', 3, '', 23, 13),
	(3917, '2023-11-20 19:08:30.064463', '176', 'Novida', 3, '', 23, 13),
	(3918, '2023-11-20 19:08:30.079320', '175', 'Juo Ukwaju', 3, '', 23, 13),
	(3919, '2023-11-20 19:08:30.083319', '174', 'Juo Orange', 3, '', 23, 13),
	(3920, '2023-11-20 19:08:30.087321', '173', 'Jooz Orange Juice', 3, '', 23, 13),
	(3921, '2023-11-20 19:08:30.094321', '172', 'Minute Maid ', 3, '', 23, 13),
	(3922, '2023-11-20 19:08:30.097370', '171', 'Tomato', 3, '', 23, 13),
	(3923, '2023-11-20 19:08:30.100372', '170', 'Salt & Vnegar', 3, '', 23, 13),
	(3924, '2023-11-20 19:08:30.104371', '169', 'Chilli', 3, '', 23, 13),
	(3925, '2023-11-20 19:08:30.107369', '168', 'Cheese & Onion', 3, '', 23, 13),
	(3926, '2023-11-20 19:08:30.110370', '167', 'Crips', 3, '', 23, 13),
	(3927, '2023-11-20 19:08:30.114880', '166', 'Tea', 3, '', 23, 13),
	(3928, '2023-11-20 19:08:30.115875', '165', 'Baking Powder', 3, '', 23, 13),
	(3929, '2023-11-20 19:08:30.115875', '164', 'Colada', 3, '', 23, 13),
	(3930, '2023-11-20 19:08:30.115875', '163', 'Orange', 3, '', 23, 13),
	(3931, '2023-11-20 19:08:30.129073', '162', 'Nuvita', 3, '', 23, 13),
	(3932, '2023-11-20 19:08:30.132068', '161', 'Coke', 3, '', 23, 13),
	(3933, '2023-11-20 19:08:30.135071', '160', 'Passion', 3, '', 23, 13),
	(3934, '2023-11-20 19:08:30.139071', '159', 'Predator', 3, '', 23, 13),
	(3935, '2023-11-20 19:08:30.142070', '158', 'Jam', 3, '', 23, 13),
	(3936, '2023-11-20 19:08:30.145069', '157', 'Spaghetti', 3, '', 23, 13),
	(3937, '2023-11-20 19:08:30.149094', '156', 'Colgate', 3, '', 23, 13),
	(3938, '2023-11-20 19:08:30.152092', '155', 'Softcare', 3, '', 23, 13),
	(3939, '2023-11-20 19:08:30.155095', '154', 'Milk', 3, '', 23, 13),
	(3940, '2023-11-20 19:08:30.158095', '153', 'Afia ', 3, '', 23, 13),
	(3941, '2023-11-20 19:08:30.162343', '152', 'Bella', 3, '', 23, 13),
	(3942, '2023-11-20 19:08:30.162343', '151', 'Always', 3, '', 23, 13),
	(3943, '2023-11-20 19:08:30.177969', '150', 'Ngumu', 3, '', 23, 13),
	(3944, '2023-11-20 19:08:30.177969', '149', 'Mandazi', 3, '', 23, 13),
	(3945, '2023-11-20 19:08:30.177969', '148', 'Bread', 3, '', 23, 13),
	(3946, '2023-11-20 19:08:30.193596', '147', 'Water', 3, '', 23, 13),
	(3947, '2023-11-20 19:08:30.197836', '146', 'Mala', 3, '', 23, 13),
	(3948, '2023-11-20 19:08:30.201837', '145', 'Ndengu', 3, '', 23, 13),
	(3949, '2023-11-20 19:08:30.207836', '144', 'Bar Soap', 3, '', 23, 13),
	(3950, '2023-11-20 19:08:30.213649', '143', 'Yoghurt', 3, '', 23, 13),
	(3951, '2023-11-20 19:08:30.220639', '142', 'Quencher', 3, '', 23, 13),
	(3952, '2023-11-20 19:08:30.224641', '141', 'Maize Floor', 3, '', 23, 13),
	(3953, '2023-11-20 19:08:30.230898', '140', 'Yellow Beans', 3, '', 23, 13),
	(3954, '2023-11-20 19:08:30.232244', '139', 'Juice', 3, '', 23, 13),
	(3955, '2023-11-20 19:08:30.232244', '138', 'Soda', 3, '', 23, 13),
	(3956, '2023-11-20 19:08:30.247867', '137', 'Rice', 3, '', 23, 13),
	(3957, '2023-11-20 19:08:30.247867', '136', 'Wheat Floor', 3, '', 23, 13),
	(3958, '2023-11-20 19:08:30.247867', '135', 'Sugar', 3, '', 23, 13),
	(3959, '2023-11-20 19:08:30.263493', '134', 'Powder', 3, '', 23, 13),
	(3960, '2023-11-20 19:08:30.263493', '133', 'Kamande', 3, '', 23, 13),
	(3961, '2023-11-20 19:08:30.263493', '132', 'Jelly', 3, '', 23, 13),
	(3962, '2023-11-20 19:08:30.263493', '131', 'Coocking Fat', 3, '', 23, 13),
	(3963, '2023-11-20 19:08:30.279119', '130', 'Sausages', 3, '', 23, 13),
	(3964, '2023-11-20 19:08:30.279119', '129', 'Omo', 3, '', 23, 13),
	(3965, '2023-11-20 19:08:30.279119', '128', 'Broilers', 3, '', 23, 13),
	(3966, '2023-11-20 19:08:30.294748', '127', 'Blueband', 3, '', 23, 13),
	(3967, '2023-11-20 19:08:30.294748', '126', 'Honey', 3, '', 23, 13),
	(3968, '2023-11-20 19:13:47.358785', '745', 'Honey', 2, '[{"changed": {"name": "Size Variation", "object": "1 kg", "fields": ["Unit price"]}}]', 25, 13),
	(3969, '2023-11-20 19:21:53.341411', '1461', 'Honey (3)', 3, '', 36, 13),
	(3970, '2023-11-20 19:22:06.195738', '2314', '/media/products/20231120/Honey_2.jpeg', 3, '', 30, 13),
	(3971, '2023-11-20 19:28:19.614300', '748', 'Omo', 3, '', 25, 13),
	(3972, '2023-11-20 19:28:19.630986', '747', 'Broilers', 3, '', 25, 13),
	(3973, '2023-11-20 19:28:19.630986', '746', 'Blue band', 3, '', 25, 13),
	(3974, '2023-11-20 19:28:19.630986', '745', 'Honey', 3, '', 25, 13),
	(3975, '2023-11-20 19:28:30.957015', '2323', '/media/products/20231120/broilers_4sxnDea.jpeg', 3, '', 30, 13),
	(3976, '2023-11-20 19:28:30.957015', '2322', '/media/products/20231120/broilers_FQ2Omtk.jpeg', 3, '', 30, 13),
	(3977, '2023-11-20 19:28:30.968266', '2321', '/media/products/20231120/broilers.jpeg', 3, '', 30, 13),
	(3978, '2023-11-20 19:28:30.971265', '2320', '/media/products/20231120/blueband2.jpeg', 3, '', 30, 13),
	(3979, '2023-11-20 19:28:30.974307', '2319', '/media/products/20231120/blueband.jpeg', 3, '', 30, 13),
	(3980, '2023-11-20 19:28:30.974307', '2318', '/media/products/20231120/Honey_1_0iUrIYb.jpeg', 3, '', 30, 13),
	(3981, '2023-11-20 19:28:30.984079', '2317', '/media/products/20231120/Honey_2_YALNemm.jpeg', 3, '', 30, 13),
	(3982, '2023-11-20 19:28:30.984079', '2316', '/media/products/20231120/Honey_1.jpeg', 3, '', 30, 13),
	(3983, '2023-11-20 19:28:30.984079', '2315', '/media/products/20231120/Honey_2.jpeg', 3, '', 30, 13),
	(3984, '2023-11-20 20:04:46.450167', '876', 'Pork - Ribs/Chops', 3, '', 25, 13),
	(3985, '2023-11-20 20:04:46.462712', '875', 'Ordinary Cuts', 3, '', 25, 13),
	(3986, '2023-11-20 20:04:46.465788', '874', 'Ham/Shoulder/Belly/Picnic', 3, '', 25, 13),
	(3987, '2023-11-20 20:04:46.465788', '873', 'Potatoes', 3, '', 25, 13),
	(3988, '2023-11-20 20:04:46.465788', '872', 'Omena', 3, '', 25, 13),
	(3989, '2023-11-20 20:04:46.481259', '871', 'Cowboy Cooking Fat', 3, '', 25, 13),
	(3990, '2023-11-20 20:04:46.484255', '870', 'Koo (Kenya Cuffy)', 3, '', 25, 13),
	(3991, '2023-11-20 20:04:46.488255', '869', 'Patco Sweets', 3, '', 25, 13),
	(3992, '2023-11-20 20:04:46.491255', '868', 'Tropical Sweets', 3, '', 25, 13),
	(3993, '2023-11-20 20:04:46.494254', '867', 'Tropical Heat Ginger Spice', 3, '', 25, 13),
	(3994, '2023-11-20 20:04:46.498594', '866', 'Matchbox', 3, '', 25, 13),
	(3995, '2023-11-20 20:04:46.501606', '865', 'Nuvita Milk', 3, '', 25, 13),
	(3996, '2023-11-20 20:04:46.504593', '864', 'Nuvita Ginger', 3, '', 25, 13),
	(3997, '2023-11-20 20:04:46.507593', '863', 'Golden Ginger Nut', 3, '', 25, 13),
	(3998, '2023-11-20 20:04:46.511430', '862', 'PK Chewing Gum', 3, '', 25, 13),
	(3999, '2023-11-20 20:04:46.511430', '861', 'Fresh', 3, '', 25, 13),
	(4000, '2023-11-20 20:04:46.511430', '860', 'Lollypop Big Giant', 3, '', 25, 13),
	(4001, '2023-11-20 20:04:46.511430', '859', 'Big Daddy', 3, '', 25, 13),
	(4002, '2023-11-20 20:04:46.511430', '858', 'Panadol', 3, '', 25, 13),
	(4003, '2023-11-20 20:04:46.528149', '857', 'Maramoja', 3, '', 25, 13),
	(4004, '2023-11-20 20:04:46.529205', '856', 'Hedex', 3, '', 25, 13),
	(4005, '2023-11-20 20:04:46.529205', '855', 'Dormans', 3, '', 25, 13),
	(4006, '2023-11-20 20:04:46.529205', '854', 'Steelwool', 3, '', 25, 13),
	(4007, '2023-11-20 20:04:46.529205', '853', 'Safari Puffs', 3, '', 25, 13),
	(4008, '2023-11-20 20:04:46.544797', '852', 'Gilda Conc Tomato Paste', 3, '', 25, 13),
	(4009, '2023-11-20 20:04:46.548792', '851', 'Tropical Heat Curry Powder', 3, '', 25, 13),
	(4010, '2023-11-20 20:04:46.552690', '850', 'Ariel Powder Soap', 3, '', 25, 13),
	(4011, '2023-11-20 20:04:46.556691', '849', 'Candles Sumo', 3, '', 25, 13),
	(4012, '2023-11-20 20:04:46.559689', '848', 'Ariel', 3, '', 25, 13),
	(4013, '2023-11-20 20:04:46.562693', '847', 'Ringoz', 3, '', 25, 13),
	(4014, '2023-11-20 20:04:46.566288', '846', 'Drinking Chocolate Raha', 3, '', 25, 13),
	(4015, '2023-11-20 20:04:46.570287', '845', 'Bites', 3, '', 25, 13),
	(4016, '2023-11-20 20:04:46.573287', '844', 'Sweets', 3, '', 25, 13),
	(4017, '2023-11-20 20:04:46.576286', '843', 'Cocoa Raha', 3, '', 25, 13),
	(4018, '2023-11-20 20:04:46.579762', '842', 'Spinach', 3, '', 25, 13),
	(4019, '2023-11-20 20:04:46.579762', '841', 'Sukuma Wiki', 3, '', 25, 13),
	(4020, '2023-11-20 20:04:46.579762', '840', 'Tuliza', 3, '', 25, 13),
	(4021, '2023-11-20 20:04:46.579762', '839', 'Panado Extra', 3, '', 25, 13),
	(4022, '2023-11-20 20:04:46.579762', '838', 'Sunlight Bar Soap', 3, '', 25, 13),
	(4023, '2023-11-20 20:04:46.595391', '837', 'KDF', 3, '', 25, 13),
	(4024, '2023-11-20 20:04:46.597419', '836', 'Glucose Excel', 3, '', 25, 13),
	(4025, '2023-11-20 20:04:46.597419', '835', 'Eggs', 3, '', 25, 13),
	(4026, '2023-11-20 20:04:46.597419', '834', 'Yego Marie Biscuits', 3, '', 25, 13),
	(4027, '2023-11-20 20:04:46.597419', '833', 'Sawa Bath Soap', 3, '', 25, 13),
	(4028, '2023-11-20 20:04:46.597419', '832', 'Softcare Diaper Gold', 3, '', 25, 13),
	(4029, '2023-11-20 20:04:46.615148', '831', 'Kahawa No. 1', 3, '', 25, 13),
	(4030, '2023-11-20 20:04:46.618145', '830', 'Oreo Biscuits', 3, '', 25, 13),
	(4031, '2023-11-20 20:04:46.621144', '829', 'Twiga Exercise Book', 3, '', 25, 13),
	(4032, '2023-11-20 20:04:46.625145', '828', 'Cigarettes ', 3, '', 25, 13),
	(4033, '2023-11-20 20:04:46.628147', '827', 'Kensalt Salt', 3, '', 25, 13),
	(4034, '2023-11-20 20:04:46.632080', '826', 'Bic Razor', 3, '', 25, 13),
	(4035, '2023-11-20 20:04:46.635081', '825', 'Nescafe', 3, '', 25, 13),
	(4036, '2023-11-20 20:04:46.639079', '824', 'Family (packet) Nuvita Green', 3, '', 25, 13),
	(4037, '2023-11-20 20:04:46.642079', '823', 'Family (packet) Nuvita Orange', 3, '', 25, 13),
	(4038, '2023-11-20 20:04:46.644736', '822', 'Menthol King', 3, '', 25, 13),
	(4039, '2023-11-20 20:04:46.644736', '821', 'Eno', 3, '', 25, 13),
	(4040, '2023-11-20 20:04:46.644736', '820', 'Sumoja Milking Jelly', 3, '', 25, 13),
	(4041, '2023-11-20 20:04:46.644736', '819', 'Sunlight Powder', 3, '', 25, 13),
	(4042, '2023-11-20 20:04:46.644736', '818', 'Weetabix Single Serve', 3, '', 25, 13),
	(4043, '2023-11-20 20:04:46.662475', '817', 'Golden Marie Biscuits', 3, '', 25, 13),
	(4044, '2023-11-20 20:04:46.662475', '816', 'Toothbrush', 3, '', 25, 13),
	(4045, '2023-11-20 20:04:46.662475', '815', 'Cabbage', 3, '', 25, 13),
	(4046, '2023-11-20 20:04:46.662475', '814', 'Mosquito Coil', 3, '', 25, 13),
	(4047, '2023-11-20 20:04:46.662475', '813', 'Biscuits', 3, '', 25, 13),
	(4048, '2023-11-20 20:04:46.679509', '812', 'Royco', 3, '', 25, 13),
	(4049, '2023-11-20 20:04:46.682517', '811', 'Toilet Paper  ', 3, '', 25, 13),
	(4050, '2023-11-20 20:04:46.685517', '810', 'Sossi', 3, '', 25, 13),
	(4051, '2023-11-20 20:04:46.689508', '809', 'Festive Classic Bread', 3, '', 25, 13),
	(4052, '2023-11-20 20:04:46.692514', '808', 'Indomie Jumbo Chicken', 3, '', 25, 13),
	(4053, '2023-11-20 20:04:46.695182', '807', 'White Wash 175g', 3, '', 25, 13),
	(4054, '2023-11-20 20:04:46.699180', '806', 'Eden Tea', 3, '', 25, 13),
	(4055, '2023-11-20 20:04:46.702188', '805', 'Ketepa Tea Leaves', 3, '', 25, 13),
	(4056, '2023-11-20 20:04:46.706186', '804', 'Novida', 3, '', 25, 13),
	(4057, '2023-11-20 20:04:46.709638', '803', 'Afia Mixed Fruit Juice', 3, '', 25, 13),
	(4058, '2023-11-20 20:04:46.713087', '802', 'Juo Ukwaju Juice', 3, '', 25, 13),
	(4059, '2023-11-20 20:04:46.713087', '801', 'Juo Orange Juice', 3, '', 25, 13),
	(4060, '2023-11-20 20:04:46.713087', '800', 'Jooz Orange Juice', 3, '', 25, 13),
	(4061, '2023-11-20 20:04:46.713087', '799', 'Minute Maid Mango', 3, '', 25, 13),
	(4062, '2023-11-20 20:04:46.728605', '798', 'Afia Juice Mango', 3, '', 25, 13),
	(4063, '2023-11-20 20:04:46.729627', '797', 'Tomato', 3, '', 25, 13),
	(4064, '2023-11-20 20:04:46.729627', '796', 'Salt & Vinegar', 3, '', 25, 13),
	(4065, '2023-11-20 20:04:46.729627', '795', 'Chilli Lemon', 3, '', 25, 13),
	(4066, '2023-11-20 20:04:46.745258', '794', 'Cheese & Onion', 3, '', 25, 13),
	(4067, '2023-11-20 20:04:46.748729', '793', 'Crisps Assorted', 3, '', 25, 13),
	(4068, '2023-11-20 20:04:46.752463', '792', 'Ketepa Tangawizi Tea Leaves', 3, '', 25, 13),
	(4069, '2023-11-20 20:04:46.756540', '791', 'Baking Powder', 3, '', 25, 13),
	(4070, '2023-11-20 20:04:46.760538', '790', 'Kinangop Milk', 3, '', 25, 13),
	(4071, '2023-11-20 20:04:46.764962', '789', 'Champ Mango Colada', 3, '', 25, 13),
	(4072, '2023-11-20 20:04:46.768943', '788', 'Nuvita Break Time Biscuits', 3, '', 25, 13),
	(4073, '2023-11-20 20:04:46.772886', '787', 'Predator', 3, '', 25, 13),
	(4074, '2023-11-20 20:04:46.776885', '786', 'Fresh Milk - Kabete Dairies', 3, '', 25, 13),
	(4075, '2023-11-20 20:04:46.781063', '785', 'Jam ', 3, '', 25, 13),
	(4076, '2023-11-20 20:04:46.785057', '784', 'Spaghetti Daawat Green', 3, '', 25, 13),
	(4077, '2023-11-20 20:04:46.792181', '783', 'Colgate', 3, '', 25, 13),
	(4078, '2023-11-20 20:04:46.796024', '782', 'Softcare Pads', 3, '', 25, 13),
	(4079, '2023-11-20 20:04:46.800185', '781', 'Fresh Milk - Njugunas', 3, '', 25, 13),
	(4080, '2023-11-20 20:04:46.804173', '780', 'Afia Juice Mixed Fruit', 3, '', 25, 13),
	(4081, '2023-11-20 20:04:46.808189', '779', 'Bella Baby Wipes', 3, '', 25, 13),
	(4082, '2023-11-20 20:04:46.812020', '778', 'Biryani Rice', 3, '', 25, 13),
	(4083, '2023-11-20 20:04:46.816109', '777', 'Always', 3, '', 25, 13),
	(4084, '2023-11-20 20:04:46.819675', '776', 'Ngumu', 3, '', 25, 13),
	(4085, '2023-11-20 20:04:46.823669', '775', 'Mandazi', 3, '', 25, 13),
	(4086, '2023-11-20 20:04:46.828496', '774', 'Bread', 3, '', 25, 13),
	(4087, '2023-11-20 20:04:46.831661', '773', 'Water', 3, '', 25, 13),
	(4088, '2023-11-20 20:04:46.835926', '772', 'Mala', 3, '', 25, 13),
	(4089, '2023-11-20 20:04:46.839845', '771', 'Ndengu', 3, '', 25, 13),
	(4090, '2023-11-20 20:04:46.843232', '770', 'Sunlight Powder Yellow', 3, '', 25, 13),
	(4091, '2023-11-20 20:04:46.846937', '769', 'Premium Imported Rice', 3, '', 25, 13),
	(4092, '2023-11-20 20:04:46.849864', '768', 'Msafi Bar Soap', 3, '', 25, 13),
	(4093, '2023-11-20 20:04:46.849864', '767', 'Yoghurt', 3, '', 25, 13),
	(4094, '2023-11-20 20:04:46.849864', '766', 'Quencher Pineapple Juice', 3, '', 25, 13),
	(4095, '2023-11-20 20:04:46.862210', '765', 'Unga Ugali - Pembe', 3, '', 25, 13),
	(4096, '2023-11-20 20:04:46.867275', '764', 'Yellow Beans', 3, '', 25, 13),
	(4097, '2023-11-20 20:04:46.870771', '763', 'Savannah Cocopine Juice', 3, '', 25, 13),
	(4098, '2023-11-20 20:04:46.874767', '762', 'Soda', 3, '', 25, 13),
	(4099, '2023-11-20 20:04:46.878597', '761', 'Premium Pishori Rice', 3, '', 25, 13),
	(4100, '2023-11-20 20:04:46.881611', '760', 'Unga Chapati - Ajab', 3, '', 25, 13),
	(4101, '2023-11-20 20:04:46.885740', '759', 'Sugar', 3, '', 25, 13),
	(4102, '2023-11-20 20:04:46.889349', '758', 'Msafi Powder', 3, '', 25, 13),
	(4103, '2023-11-20 20:04:46.893363', '757', 'Kamande', 3, '', 25, 13),
	(4104, '2023-11-20 20:04:46.898176', '756', 'Arimis', 3, '', 25, 13),
	(4105, '2023-11-20 20:04:46.901347', '755', 'Kimbo Cooking Fat', 3, '', 25, 13),
	(4106, '2023-11-20 20:04:46.905434', '754', 'Fresh Fri Cooking Oil', 3, '', 25, 13),
	(4107, '2023-11-20 20:04:46.909332', '753', 'Sausages', 3, '', 25, 13),
	(4108, '2023-11-20 20:04:46.912979', '752', 'Omo', 3, '', 25, 13),
	(4109, '2023-11-20 20:04:46.916975', '751', 'Broilers', 3, '', 25, 13),
	(4110, '2023-11-20 20:04:46.920976', '750', 'Blue band', 3, '', 25, 13),
	(4111, '2023-11-20 20:04:46.924786', '749', 'Honey', 3, '', 25, 13),
	(4112, '2023-11-20 20:05:01.663553', '2647', '/media/products/20231120/other_sjR3kar.png', 3, '', 30, 13),
	(4113, '2023-11-20 20:05:01.678690', '2646', '/media/products/20231120/other_6LWD6FN.png', 3, '', 30, 13),
	(4114, '2023-11-20 20:05:01.678690', '2645', '/media/products/20231120/other_d9nrvzu.png', 3, '', 30, 13),
	(4115, '2023-11-20 20:05:01.678690', '2644', '/media/products/20231120/sugar_8JJumWR.jpeg', 3, '', 30, 13),
	(4116, '2023-11-20 20:05:01.678690', '2643', '/media/products/20231120/sugar_PmLQQEH.jpeg', 3, '', 30, 13),
	(4117, '2023-11-20 20:05:01.694878', '2642', '/media/products/20231120/other_ggD7iid.png', 3, '', 30, 13),
	(4118, '2023-11-20 20:05:01.698878', '2641', '/media/products/20231120/other_NOukk0Y.png', 3, '', 30, 13),
	(4119, '2023-11-20 20:05:01.701912', '2640', '/media/products/20231120/sugar_0IltQG0.jpeg', 3, '', 30, 13),
	(4120, '2023-11-20 20:05:01.704952', '2639', '/media/products/20231120/sugar_X1tvHMX.jpeg', 3, '', 30, 13),
	(4121, '2023-11-20 20:05:01.704952', '2638', '/media/products/20231120/other_myr7Yca.png', 3, '', 30, 13),
	(4122, '2023-11-20 20:05:01.715367', '2637', '/media/products/20231120/other_RKoyKNL.png', 3, '', 30, 13),
	(4123, '2023-11-20 20:05:01.718401', '2636', '/media/products/20231120/other_pZWX1OA.png', 3, '', 30, 13),
	(4124, '2023-11-20 20:05:01.722408', '2635', '/media/products/20231120/other_fCaibwd.png', 3, '', 30, 13),
	(4125, '2023-11-20 20:05:01.722408', '2634', '/media/products/20231120/other_SEH3f4m.png', 3, '', 30, 13),
	(4126, '2023-11-20 20:05:01.729666', '2633', '/media/products/20231120/Irish_Potatoes.jpg', 3, '', 30, 13),
	(4127, '2023-11-20 20:05:01.733701', '2632', '/media/products/20231120/Sweet_Potatoes.jpg', 3, '', 30, 13),
	(4128, '2023-11-20 20:05:01.737666', '2631', '/media/products/20231120/other_4EHWvDR.png', 3, '', 30, 13),
	(4129, '2023-11-20 20:05:01.738706', '2630', '/media/products/20231120/other_Wejbi7w.png', 3, '', 30, 13),
	(4130, '2023-11-20 20:05:01.744984', '2629', '/media/products/20231120/Omena_2.jpg', 3, '', 30, 13),
	(4131, '2023-11-20 20:05:01.748984', '2628', '/media/products/20231120/Omena.jpg', 3, '', 30, 13),
	(4132, '2023-11-20 20:05:01.752987', '2627', '/media/products/20231120/other_HKjCBbg.png', 3, '', 30, 13),
	(4133, '2023-11-20 20:05:01.755092', '2626', '/media/products/20231120/kimbo_cooking_fat_c7afIE5.jpeg', 3, '', 30, 13),
	(4134, '2023-11-20 20:05:01.755092', '2625', '/media/products/20231120/cowboy_cocking_fat_GzHyNfd.jpeg', 3, '', 30, 13),
	(4135, '2023-11-20 20:05:01.763281', '2624', '/media/products/20231120/kimbo_cooking_fat_6YCVUuQ.jpeg', 3, '', 30, 13),
	(4136, '2023-11-20 20:05:01.767285', '2623', '/media/products/20231120/cowboy_cocking_fat_bfd7pmU.jpeg', 3, '', 30, 13),
	(4137, '2023-11-20 20:05:01.771281', '2622', '/media/products/20231120/kimbo_coocking_fat_O8Gltbn.jpg', 3, '', 30, 13),
	(4138, '2023-11-20 20:05:01.772330', '2621', '/media/products/20231120/kimbo_cooking_fat_830TLiN.jpeg', 3, '', 30, 13),
	(4139, '2023-11-20 20:05:01.778969', '2620', '/media/products/20231120/kimbo_cooking_fat_NudsCMl.jpeg', 3, '', 30, 13),
	(4140, '2023-11-20 20:05:01.783006', '2619', '/media/products/20231120/cowboy_cocking_fat.jpeg', 3, '', 30, 13),
	(4141, '2023-11-20 20:05:01.785969', '2618', '/media/products/20231120/other_eRnRn10.png', 3, '', 30, 13),
	(4142, '2023-11-20 20:05:01.789047', '2617', '/media/products/20231120/tomatoes_2aCnkBn.jpg', 3, '', 30, 13),
	(4143, '2023-11-20 20:05:01.789047', '2616', '/media/products/20231120/sweets_SRnwuhl.jpg', 3, '', 30, 13),
	(4144, '2023-11-20 20:05:01.797678', '2615', '/media/products/20231120/sweets_DepvwbB.jpg', 3, '', 30, 13),
	(4145, '2023-11-20 20:05:01.800638', '2614', '/media/products/20231120/broilers_Bibm6OI.jpeg', 3, '', 30, 13),
	(4146, '2023-11-20 20:05:01.803024', '2613', '/media/products/20231120/broilers_S3bAWaq.jpeg', 3, '', 30, 13),
	(4147, '2023-11-20 20:05:01.803024', '2612', '/media/products/20231120/Manji_Ginger_Biscuits_Bw1jgsS.jpg', 3, '', 30, 13),
	(4148, '2023-11-20 20:05:01.811794', '2611', '/media/products/20231120/broilers_MvvcM0n.jpeg', 3, '', 30, 13),
	(4149, '2023-11-20 20:05:01.815787', '2610', '/media/products/20231120/Manji_Ginger_Biscuits_ISYP7nv.jpg', 3, '', 30, 13),
	(4150, '2023-11-20 20:05:01.818787', '2609', '/media/products/20231120/other_HLAsIlL.png', 3, '', 30, 13),
	(4151, '2023-11-20 20:05:01.822789', '2608', '/media/products/20231120/other_4oNzn2o.png', 3, '', 30, 13),
	(4152, '2023-11-20 20:05:01.825788', '2607', '/media/products/20231120/other_8KVdGK1.png', 3, '', 30, 13),
	(4153, '2023-11-20 20:05:01.829321', '2606', '/media/products/20231120/kinangop_milk_wD6g23s.jpeg', 3, '', 30, 13),
	(4154, '2023-11-20 20:05:01.832319', '2605', '/media/products/20231120/Nuvita_Biscuits_cDRpNdg.jpg', 3, '', 30, 13),
	(4155, '2023-11-20 20:05:01.835318', '2604', '/media/products/20231120/Manji_Ginger_Biscuits_brcMYWr.jpg', 3, '', 30, 13),
	(4156, '2023-11-20 20:05:01.839320', '2603', '/media/products/20231120/Nuvita_Biscuits_FnhIDT0.jpg', 3, '', 30, 13),
	(4157, '2023-11-20 20:05:01.842327', '2602', '/media/products/20231120/Manji_Ginger_Biscuits_N54dY7O.jpg', 3, '', 30, 13),
	(4158, '2023-11-20 20:05:01.844854', '2601', '/media/products/20231120/Unga_Chapati_qlHx5mp.jpeg', 3, '', 30, 13),
	(4159, '2023-11-20 20:05:01.844854', '2600', '/media/products/20231120/kimbo_cooking_fat_a1clOU7.jpeg', 3, '', 30, 13),
	(4160, '2023-11-20 20:05:01.844854', '2599', '/media/products/20231120/other_TcZBcXm.png', 3, '', 30, 13),
	(4161, '2023-11-20 20:05:01.844854', '2598', '/media/products/20231120/Fresh_Milk_S15ZW5v.jpg', 3, '', 30, 13),
	(4162, '2023-11-20 20:05:01.844854', '2597', '/media/products/20231120/Fresh_pk_kwx9J11.jpg', 3, '', 30, 13),
	(4163, '2023-11-20 20:05:01.862533', '2596', '/media/products/20231120/Fresh_Milk_VcIp05G.jpg', 3, '', 30, 13),
	(4164, '2023-11-20 20:05:01.866533', '2595', '/media/products/20231120/Fresh_pk_O2q0cEp.jpg', 3, '', 30, 13),
	(4165, '2023-11-20 20:05:01.869532', '2594', '/media/products/20231120/Fresh_Milk_39Sgxqa.jpg', 3, '', 30, 13),
	(4166, '2023-11-20 20:05:01.873534', '2593', '/media/products/20231120/Fresh_pk_dnjgt3C.jpg', 3, '', 30, 13),
	(4167, '2023-11-20 20:05:01.876533', '2592', '/media/products/20231120/Fresh_Milk.jpg', 3, '', 30, 13),
	(4168, '2023-11-20 20:05:01.880414', '2591', '/media/products/20231120/Fresh_pk_tGKfVKm.jpg', 3, '', 30, 13),
	(4169, '2023-11-20 20:05:01.880414', '2590', '/media/products/20231120/other_UTAMUoF.png', 3, '', 30, 13),
	(4170, '2023-11-20 20:05:01.880414', '2589', '/media/products/20231120/other_VLU7lcv.png', 3, '', 30, 13),
	(4171, '2023-11-20 20:05:01.880414', '2588', '/media/products/20231120/Ketepa_tea_MI7oJ6Z.jpg', 3, '', 30, 13),
	(4172, '2023-11-20 20:05:01.880414', '2587', '/media/products/20231120/other_T6eYk6R.png', 3, '', 30, 13),
	(4173, '2023-11-20 20:05:01.897411', '2586', '/media/products/20231120/bar_soap_tN5IANg.jpg', 3, '', 30, 13),
	(4174, '2023-11-20 20:05:01.901411', '2585', '/media/products/20231120/omo_f9DFOnC.jpg', 3, '', 30, 13),
	(4175, '2023-11-20 20:05:01.905412', '2584', '/media/products/20231120/other_YKdS8SZ.png', 3, '', 30, 13),
	(4176, '2023-11-20 20:05:01.908420', '2583', '/media/products/20231120/tomatoes_qdUIRl2.jpg', 3, '', 30, 13),
	(4177, '2023-11-20 20:05:01.911611', '2582', '/media/products/20231120/other_tR3YIvL.png', 3, '', 30, 13),
	(4178, '2023-11-20 20:05:01.911611', '2581', '/media/products/20231120/Safari_tea_TSXJANf.jpg', 3, '', 30, 13),
	(4179, '2023-11-20 20:05:01.911611', '2580', '/media/products/20231120/tomato_paste.jpg', 3, '', 30, 13),
	(4180, '2023-11-20 20:05:01.911611', '2579', '/media/products/20231120/other_fGidtLK.png', 3, '', 30, 13),
	(4181, '2023-11-20 20:05:01.928113', '2578', '/media/products/20231120/Msafi_Powder_sE0sn3j.jpeg', 3, '', 30, 13),
	(4182, '2023-11-20 20:05:01.932112', '2577', '/media/products/20231120/Baking_Powder_2_jvL0DQR.jpg', 3, '', 30, 13),
	(4183, '2023-11-20 20:05:01.935120', '2576', '/media/products/20231120/Kamande_2_2fy3rNQ.jpg', 3, '', 30, 13),
	(4184, '2023-11-20 20:05:01.938121', '2575', '/media/products/20231120/Colgate_MU320OL.jpg', 3, '', 30, 13),
	(4185, '2023-11-20 20:05:01.941121', '2574', '/media/products/20231120/Colgate_1_wSC2dpZ.jpg', 3, '', 30, 13),
	(4186, '2023-11-20 20:05:01.945149', '2573', '/media/products/20231120/Colgate_4p0kT4q.jpg', 3, '', 30, 13),
	(4187, '2023-11-20 20:05:01.948155', '2572', '/media/products/20231120/Colgate_1_XawBllj.jpg', 3, '', 30, 13),
	(4188, '2023-11-20 20:05:01.951156', '2571', '/media/products/20231120/Arimis_Yv19eHC.jpeg', 3, '', 30, 13),
	(4189, '2023-11-20 20:05:01.954884', '2570', '/media/products/20231120/ariel_YwRD1qU.jpg', 3, '', 30, 13),
	(4190, '2023-11-20 20:05:01.958112', '2569', '/media/products/20231120/Arimis_W0IrgJl.jpeg', 3, '', 30, 13),
	(4191, '2023-11-20 20:05:01.960476', '2568', '/media/products/20231120/ariel_WH7Mlkx.jpg', 3, '', 30, 13),
	(4192, '2023-11-20 20:05:01.960476', '2567', '/media/products/20231120/Arimis_JxgJwTe.jpeg', 3, '', 30, 13),
	(4193, '2023-11-20 20:05:01.960476', '2566', '/media/products/20231120/ariel.jpg', 3, '', 30, 13),
	(4194, '2023-11-20 20:05:01.960476', '2565', '/media/products/20231120/omo_C3HsvMP.jpg', 3, '', 30, 13),
	(4195, '2023-11-20 20:05:01.960476', '2564', '/media/products/20231120/Minji.jpg', 3, '', 30, 13),
	(4196, '2023-11-20 20:05:01.978175', '2563', '/media/products/20231120/Unga_Chapati_84gZeOt.jpeg', 3, '', 30, 13),
	(4197, '2023-11-20 20:05:01.978175', '2562', '/media/products/20231120/kimbo_cooking_fat_KAtXeOL.jpeg', 3, '', 30, 13),
	(4198, '2023-11-20 20:05:01.978175', '2561', '/media/products/20231120/Bites_1_bJnHxa7.jpg', 3, '', 30, 13),
	(4199, '2023-11-20 20:05:01.978175', '2560', '/media/products/20231120/Bites_2_NgRILfk.jpg', 3, '', 30, 13),
	(4200, '2023-11-20 20:05:01.978175', '2559', '/media/products/20231120/other_IAnU4dS.png', 3, '', 30, 13),
	(4201, '2023-11-20 20:05:01.997109', '2558', '/media/products/20231120/Ketepa_tea_cygbOdV.jpg', 3, '', 30, 13),
	(4202, '2023-11-20 20:05:02.001109', '2557', '/media/products/20231120/sweets_koo.jpg', 3, '', 30, 13),
	(4203, '2023-11-20 20:05:02.005108', '2556', '/media/products/20231120/sweets.jpg', 3, '', 30, 13),
	(4204, '2023-11-20 20:05:02.009108', '2555', '/media/products/20231120/other_UdZ5sbU.png', 3, '', 30, 13),
	(4205, '2023-11-20 20:05:02.012878', '2554', '/media/products/20231120/other_wfSVrEl.png', 3, '', 30, 13),
	(4206, '2023-11-20 20:05:02.015882', '2553', '/media/products/20231120/other_8Emp9lg.png', 3, '', 30, 13),
	(4207, '2023-11-20 20:05:02.019845', '2552', '/media/products/20231120/other_WTuAED1.png', 3, '', 30, 13),
	(4208, '2023-11-20 20:05:02.022882', '2551', '/media/products/20231120/other_j6Z1OCs.png', 3, '', 30, 13),
	(4209, '2023-11-20 20:05:02.026205', '2550', '/media/products/20231120/other_1kEPpLo.png', 3, '', 30, 13),
	(4210, '2023-11-20 20:05:02.028163', '2549', '/media/products/20231120/bar_soap_T5gnJrE.jpg', 3, '', 30, 13),
	(4211, '2023-11-20 20:05:02.028163', '2548', '/media/products/20231120/msafi_bar_soap_AV4BjDS.jpg', 3, '', 30, 13),
	(4212, '2023-11-20 20:05:11.012464', '2547', '/media/products/20231120/bar_soap_QI0eJXK.jpg', 3, '', 30, 13),
	(4213, '2023-11-20 20:05:11.016462', '2546', '/media/products/20231120/msafi_bar_soap_NLzLT4E.jpg', 3, '', 30, 13),
	(4214, '2023-11-20 20:05:11.019461', '2545', '/media/products/20231120/Colgate_GQ8xxXL.jpg', 3, '', 30, 13),
	(4215, '2023-11-20 20:05:11.022517', '2544', '/media/products/20231120/Colgate_1_hYqzhTK.jpg', 3, '', 30, 13),
	(4216, '2023-11-20 20:05:11.022517', '2543', '/media/products/20231120/Colgate_nWc4Sz0.jpg', 3, '', 30, 13),
	(4217, '2023-11-20 20:05:11.030597', '2542', '/media/products/20231120/Colgate_1_2K3EI8N.jpg', 3, '', 30, 13),
	(4218, '2023-11-20 20:05:11.034596', '2541', '/media/products/20231120/other_SeIjWEW.png', 3, '', 30, 13),
	(4219, '2023-11-20 20:05:11.037594', '2540', '/media/products/20231120/other_QFfYmjT.png', 3, '', 30, 13),
	(4220, '2023-11-20 20:05:11.038651', '2539', '/media/products/20231120/other_U7N2WVS.png', 3, '', 30, 13),
	(4221, '2023-11-20 20:05:11.038651', '2538', '/media/products/20231120/Bites_2_byvEtFC.jpg', 3, '', 30, 13),
	(4222, '2023-11-20 20:05:11.047376', '2537', '/media/products/20231120/broilers_t7ldkJE.jpeg', 3, '', 30, 13),
	(4223, '2023-11-20 20:05:11.051378', '2536', '/media/products/20231120/eggs.jpg', 3, '', 30, 13),
	(4224, '2023-11-20 20:05:11.054449', '2535', '/media/products/20231120/Nuvita_Biscuits_CYhdWR9.jpg', 3, '', 30, 13),
	(4225, '2023-11-20 20:05:11.054449', '2534', '/media/products/20231120/Manji_Ginger_Biscuits_UiSwSJ5.jpg', 3, '', 30, 13),
	(4226, '2023-11-20 20:05:11.054449', '2533', '/media/products/20231120/other_BZ3WiXh.png', 3, '', 30, 13),
	(4227, '2023-11-20 20:05:11.064078', '2532', '/media/products/20231120/Softcare_Tl1veNF.jpg', 3, '', 30, 13),
	(4228, '2023-11-20 20:05:11.068077', '2531', '/media/products/20231120/Softcare_Diaper_ptmYdf0.jpg', 3, '', 30, 13),
	(4229, '2023-11-20 20:05:11.071075', '2530', '/media/products/20231120/Softcare_FOiQLjj.jpg', 3, '', 30, 13),
	(4230, '2023-11-20 20:05:11.072134', '2529', '/media/products/20231120/Softcare_Diaper_s8rKv8E.jpg', 3, '', 30, 13),
	(4231, '2023-11-20 20:05:11.072134', '2528', '/media/products/20231120/Safari_tea_WChMJ64.jpg', 3, '', 30, 13),
	(4232, '2023-11-20 20:05:11.080851', '2527', '/media/products/20231120/sawa_bath_soap_5YgprHQ.jpg', 3, '', 30, 13),
	(4233, '2023-11-20 20:05:11.084849', '2526', '/media/products/20231120/Safari_tea.jpg', 3, '', 30, 13),
	(4234, '2023-11-20 20:05:11.087893', '2525', '/media/products/20231120/sawa_bath_soap.jpg', 3, '', 30, 13),
	(4235, '2023-11-20 20:05:11.096550', '2524', '/media/products/20231120/Baking_Powder_UCr70Yf.jpg', 3, '', 30, 13),
	(4236, '2023-11-20 20:05:11.099549', '2523', '/media/products/20231120/Msafi_Powder_wAm9yuJ.jpeg', 3, '', 30, 13),
	(4237, '2023-11-20 20:05:11.103543', '2522', '/media/products/20231120/Softcare_b2TUeUb.jpg', 3, '', 30, 13),
	(4238, '2023-11-20 20:05:11.104594', '2521', '/media/products/20231120/Softcare_Diaper_bYcaYYb.jpg', 3, '', 30, 13),
	(4239, '2023-11-20 20:05:11.104594', '2520', '/media/products/20231120/other_374vXe5.png', 3, '', 30, 13),
	(4240, '2023-11-20 20:05:11.114177', '2519', '/media/products/20231120/other_ldlzZf2.png', 3, '', 30, 13),
	(4241, '2023-11-20 20:05:11.118176', '2518', '/media/products/20231120/Kamande_2_0OYkXBM.jpg', 3, '', 30, 13),
	(4242, '2023-11-20 20:05:11.121219', '2517', '/media/products/20231120/Manji_Ginger_Biscuits_FAkbC8j.jpg', 3, '', 30, 13),
	(4243, '2023-11-20 20:05:11.121219', '2516', '/media/products/20231120/Nuvita_Biscuits_p0nGNZY.jpg', 3, '', 30, 13),
	(4244, '2023-11-20 20:05:11.129250', '2515', '/media/products/20231120/other_alZPNRW.png', 3, '', 30, 13),
	(4245, '2023-11-20 20:05:11.135244', '2514', '/media/products/20231120/other_QgoCdmA.png', 3, '', 30, 13),
	(4246, '2023-11-20 20:05:11.139246', '2513', '/media/products/20231120/Colgate_f9MnvKu.jpg', 3, '', 30, 13),
	(4247, '2023-11-20 20:05:11.143418', '2512', '/media/products/20231120/Colgate_1_CnFjvBP.jpg', 3, '', 30, 13),
	(4248, '2023-11-20 20:05:11.144184', '2511', '/media/products/20231120/other_RZwQfZ9.png', 3, '', 30, 13),
	(4249, '2023-11-20 20:05:11.144184', '2510', '/media/products/20231120/other_kUHy5Us.png', 3, '', 30, 13),
	(4250, '2023-11-20 20:05:11.144184', '2509', '/media/products/20231120/other_V5fRQms.png', 3, '', 30, 13),
	(4251, '2023-11-20 20:05:11.144184', '2508', '/media/products/20231120/other_soxpkn3.png', 3, '', 30, 13),
	(4252, '2023-11-20 20:05:11.160892', '2507', '/media/products/20231120/other_XdaBod1.png', 3, '', 30, 13),
	(4253, '2023-11-20 20:05:11.160892', '2506', '/media/products/20231120/other_pxY9E00.png', 3, '', 30, 13),
	(4254, '2023-11-20 20:05:11.160892', '2505', '/media/products/20231120/soda_black_currant.jpg', 3, '', 30, 13),
	(4255, '2023-11-20 20:05:11.160892', '2504', '/media/products/20231120/other_894fEXo.png', 3, '', 30, 13),
	(4256, '2023-11-20 20:05:11.177562', '2503', '/media/products/20231120/other_wJhI2pW.png', 3, '', 30, 13),
	(4257, '2023-11-20 20:05:11.177562', '2502', '/media/products/20231120/other_8w079Cf.png', 3, '', 30, 13),
	(4258, '2023-11-20 20:05:11.177562', '2501', '/media/products/20231120/kinangop_milk_PLCsdOM.jpeg', 3, '', 30, 13),
	(4259, '2023-11-20 20:05:11.177562', '2500', '/media/products/20231120/Baking_Powder_2_Qh75PIr.jpg', 3, '', 30, 13),
	(4260, '2023-11-20 20:05:11.193120', '2499', '/media/products/20231120/Baking_Powder_V8IeQhl.jpg', 3, '', 30, 13),
	(4261, '2023-11-20 20:05:11.194270', '2498', '/media/products/20231120/Ketepa_tea_aT3KHeJ.jpg', 3, '', 30, 13),
	(4262, '2023-11-20 20:05:11.194270', '2497', '/media/products/20231120/Msafi_Powder_nl6fRtZ.jpeg', 3, '', 30, 13),
	(4263, '2023-11-20 20:05:11.194270', '2496', '/media/products/20231120/msafi_bar_soap_piW6saW.jpg', 3, '', 30, 13),
	(4264, '2023-11-20 20:05:11.194270', '2495', '/media/products/20231120/other_8MJUf1L.png', 3, '', 30, 13),
	(4265, '2023-11-20 20:05:11.210330', '2494', '/media/products/20231120/Nuvita_Biscuits_KIbCgFr.jpg', 3, '', 30, 13),
	(4266, '2023-11-20 20:05:11.213331', '2493', '/media/products/20231120/Manji_Ginger_Biscuits_PizCUdi.jpg', 3, '', 30, 13),
	(4267, '2023-11-20 20:05:11.217328', '2492', '/media/products/20231120/other_nMsoMBE.png', 3, '', 30, 13),
	(4268, '2023-11-20 20:05:11.220328', '2491', '/media/products/20231120/toothbrush.jpg', 3, '', 30, 13),
	(4269, '2023-11-20 20:05:11.224332', '2490', '/media/products/20231120/Msafi_Powder_zws7fzz.jpeg', 3, '', 30, 13),
	(4270, '2023-11-20 20:05:11.227706', '2489', '/media/products/20231120/msafi_bar_soap_S0nITXS.jpg', 3, '', 30, 13),
	(4271, '2023-11-20 20:05:11.227706', '2488', '/media/products/20231120/Sausages_RO9N2ov.jpeg', 3, '', 30, 13),
	(4272, '2023-11-20 20:05:11.227706', '2487', '/media/products/20231120/blueband_avABvsB.jpeg', 3, '', 30, 13),
	(4273, '2023-11-20 20:05:11.227706', '2486', '/media/products/20231120/other_HgEc4e8.png', 3, '', 30, 13),
	(4274, '2023-11-20 20:05:11.227706', '2485', '/media/products/20231120/other_UfdJbfG.png', 3, '', 30, 13),
	(4275, '2023-11-20 20:05:11.246101', '2484', '/media/products/20231120/Manji_Ginger_Biscuits_sP87qZK.jpg', 3, '', 30, 13),
	(4276, '2023-11-20 20:05:11.249097', '2483', '/media/products/20231120/Nuvita_Biscuits_bmR9Fsr.jpg', 3, '', 30, 13),
	(4277, '2023-11-20 20:05:11.253100', '2482', '/media/products/20231120/Manji_Ginger_Biscuits_KpzfV1a.jpg', 3, '', 30, 13),
	(4278, '2023-11-20 20:05:11.256100', '2481', '/media/products/20231120/Nuvita_Biscuits_Ram8Yf3.jpg', 3, '', 30, 13),
	(4279, '2023-11-20 20:05:11.259816', '2480', '/media/products/20231120/other_270QcYT.png', 3, '', 30, 13),
	(4280, '2023-11-20 20:05:11.259816', '2479', '/media/products/20231120/other_95fh1rT.png', 3, '', 30, 13),
	(4281, '2023-11-20 20:05:11.267872', '2478', '/media/products/20231120/Softcare_Diaper_YLLDSbk.jpg', 3, '', 30, 13),
	(4282, '2023-11-20 20:05:11.271848', '2477', '/media/products/20231120/broilers_SpMQnoX.jpeg', 3, '', 30, 13),
	(4283, '2023-11-20 20:05:11.274848', '2476', '/media/products/20231120/other_7ipWF5Z.png', 3, '', 30, 13),
	(4284, '2023-11-20 20:05:11.277847', '2475', '/media/products/20231120/soda_plastic_4.jpg', 3, '', 30, 13),
	(4285, '2023-11-20 20:05:11.281856', '2474', '/media/products/20231120/Festive_bread.jpg', 3, '', 30, 13),
	(4286, '2023-11-20 20:05:11.284877', '2473', '/media/products/20231120/other_3Bg9PqO.png', 3, '', 30, 13),
	(4287, '2023-11-20 20:05:11.287857', '2472', '/media/products/20231120/Bites_2_DBhKR6I.jpg', 3, '', 30, 13),
	(4288, '2023-11-20 20:05:11.290846', '2471', '/media/products/20231120/Bites_1.jpg', 3, '', 30, 13),
	(4289, '2023-11-20 20:05:11.294792', '2470', '/media/products/20231120/Eden_tea_ABEEg8K.jpg', 3, '', 30, 13),
	(4290, '2023-11-20 20:05:11.297790', '2469', '/media/products/20231120/Eden_tea_siDpGeE.jpg', 3, '', 30, 13),
	(4291, '2023-11-20 20:05:11.300793', '2468', '/media/products/20231120/Ketepa_tea_Ibd8n32.jpg', 3, '', 30, 13),
	(4292, '2023-11-20 20:05:11.303792', '2467', '/media/products/20231120/other_k3HZU51.png', 3, '', 30, 13),
	(4293, '2023-11-20 20:05:11.306801', '2466', '/media/products/20231120/imported_rice_zHoxYaZ.jpg', 3, '', 30, 13),
	(4294, '2023-11-20 20:05:11.310661', '2465', '/media/products/20231120/other_vE7sUZi.png', 3, '', 30, 13),
	(4295, '2023-11-20 20:05:11.314662', '2464', '/media/products/20231120/other_c7uNHnH.png', 3, '', 30, 13),
	(4296, '2023-11-20 20:05:11.318660', '2463', '/media/products/20231120/imported_rice_bHAiINL.jpg', 3, '', 30, 13),
	(4297, '2023-11-20 20:05:11.322663', '2462', '/media/products/20231120/imported_rice_4RlrGT5.jpg', 3, '', 30, 13),
	(4298, '2023-11-20 20:05:11.327955', '2461', '/media/products/20231120/other_l871njK.png', 3, '', 30, 13),
	(4299, '2023-11-20 20:05:11.332877', '2460', '/media/products/20231120/imported_rice_zOctfaY.jpg', 3, '', 30, 13),
	(4300, '2023-11-20 20:05:11.336867', '2459', '/media/products/20231120/biryani_rice_sTZXuSH.jpg', 3, '', 30, 13),
	(4301, '2023-11-20 20:05:11.339867', '2458', '/media/products/20231120/imported_rice_hhFc0pk.jpg', 3, '', 30, 13),
	(4302, '2023-11-20 20:05:11.343298', '2457', '/media/products/20231120/biryani_rice_YVS1HUO.jpg', 3, '', 30, 13),
	(4303, '2023-11-20 20:05:11.347307', '2456', '/media/products/20231120/Afia_2_qwwYezW.jpg', 3, '', 30, 13),
	(4304, '2023-11-20 20:05:11.350307', '2455', '/media/products/20231120/biryani_rice_2_EXEQmvt.jpg', 3, '', 30, 13),
	(4305, '2023-11-20 20:05:11.353307', '2454', '/media/products/20231120/Minji_2.jpg', 3, '', 30, 13),
	(4306, '2023-11-20 20:05:11.357307', '2453', '/media/products/20231120/minute_maid.jpg', 3, '', 30, 13),
	(4307, '2023-11-20 20:05:11.369654', '2452', '/media/products/20231120/Afia_2.jpg', 3, '', 30, 13),
	(4308, '2023-11-20 20:05:11.375661', '2451', '/media/products/20231120/biryani_rice_2_UyTkI2J.jpg', 3, '', 30, 13),
	(4309, '2023-11-20 20:05:11.380492', '2450', '/media/products/20231120/omo_2lGigcA.jpg', 3, '', 30, 13),
	(4310, '2023-11-20 20:05:11.384503', '2449', '/media/products/20231120/tomatoes.jpg', 3, '', 30, 13),
	(4311, '2023-11-20 20:05:11.388503', '2448', '/media/products/20231120/mala_2_i70xC5b.jpeg', 3, '', 30, 13),
	(4312, '2023-11-20 20:05:11.394498', '2447', '/media/products/20231120/other_xg4Zdhf.png', 3, '', 30, 13),
	(4313, '2023-11-20 20:05:11.399218', '2446', '/media/products/20231120/other_VjJNorV.png', 3, '', 30, 13),
	(4314, '2023-11-20 20:05:11.403435', '2445', '/media/products/20231120/imported_rice_lgRzCbJ.jpg', 3, '', 30, 13),
	(4315, '2023-11-20 20:05:11.408521', '2444', '/media/products/20231120/crisps_assorted.jpg', 3, '', 30, 13),
	(4316, '2023-11-20 20:05:11.412518', '2443', '/media/products/20231120/sugar_piYK3OB.jpeg', 3, '', 30, 13),
	(4317, '2023-11-20 20:05:11.434217', '2442', '/media/products/20231120/Ketepa_tea.jpg', 3, '', 30, 13),
	(4318, '2023-11-20 20:05:11.438224', '2441', '/media/products/20231120/Baking_Powder_2_aOxhyGt.jpg', 3, '', 30, 13),
	(4319, '2023-11-20 20:05:11.443209', '2440', '/media/products/20231120/Baking_Powder_T4pTQ9Z.jpg', 3, '', 30, 13),
	(4320, '2023-11-20 20:05:11.449124', '2439', '/media/products/20231120/kinangop_milk.jpeg', 3, '', 30, 13),
	(4321, '2023-11-20 20:05:11.454302', '2438', '/media/products/20231120/other_9iaROSs.png', 3, '', 30, 13),
	(4322, '2023-11-20 20:05:11.458470', '2437', '/media/products/20231120/other_n1ORB37.png', 3, '', 30, 13),
	(4323, '2023-11-20 20:05:11.462996', '2436', '/media/products/20231120/Manji_Ginger_Biscuits.jpg', 3, '', 30, 13),
	(4324, '2023-11-20 20:05:11.469996', '2435', '/media/products/20231120/Nuvita_Biscuits.jpg', 3, '', 30, 13),
	(4325, '2023-11-20 20:05:11.474249', '2434', '/media/products/20231120/other_A2EVOL3.png', 3, '', 30, 13),
	(4326, '2023-11-20 20:05:11.476660', '2433', '/media/products/20231120/other_591T9rK.png', 3, '', 30, 13),
	(4327, '2023-11-20 20:05:11.476660', '2432', '/media/products/20231120/other_yZ1hag4.png', 3, '', 30, 13),
	(4328, '2023-11-20 20:05:11.476660', '2431', '/media/products/20231120/Fresh_Milk_3_nQSQU5Q.jpg', 3, '', 30, 13),
	(4329, '2023-11-20 20:05:11.494150', '2430', '/media/products/20231120/Fresh_Milk_-_Kabete_Dairies.jpeg', 3, '', 30, 13),
	(4330, '2023-11-20 20:05:11.494150', '2429', '/media/products/20231120/blueband2_5GxWZ5Q.jpeg', 3, '', 30, 13),
	(4331, '2023-11-20 20:05:11.494150', '2428', '/media/products/20231120/blueband_w7NnRT1.jpeg', 3, '', 30, 13),
	(4332, '2023-11-20 20:05:11.512125', '2427', '/media/products/20231120/other_yQUZLG7.png', 3, '', 30, 13),
	(4333, '2023-11-20 20:05:11.518547', '2426', '/media/products/20231120/blueband2_JXr9ZjT.jpeg', 3, '', 30, 13),
	(4334, '2023-11-20 20:05:11.524542', '2425', '/media/products/20231120/blueband_LEgfJTn.jpeg', 3, '', 30, 13),
	(4335, '2023-11-20 20:05:11.528468', '2424', '/media/products/20231120/other_YIoIe7h.png', 3, '', 30, 13),
	(4336, '2023-11-20 20:05:11.536360', '2423', '/media/products/20231120/Colgate_1_XLOg2ZC.jpg', 3, '', 30, 13),
	(4337, '2023-11-20 20:05:11.540315', '2422', '/media/products/20231120/Colgate_YZLAQYE.jpg', 3, '', 30, 13),
	(4338, '2023-11-20 20:05:11.542317', '2421', '/media/products/20231120/Colgate_1.jpg', 3, '', 30, 13),
	(4339, '2023-11-20 20:05:11.547229', '2420', '/media/products/20231120/Colgate.jpg', 3, '', 30, 13),
	(4340, '2023-11-20 20:05:11.550614', '2419', '/media/products/20231120/Softcare_Diaper.jpg', 3, '', 30, 13),
	(4341, '2023-11-20 20:05:11.554776', '2418', '/media/products/20231120/Softcare.jpg', 3, '', 30, 13),
	(4342, '2023-11-20 20:05:11.558685', '2417', '/media/products/20231120/Fresh_Milk_2.jpg', 3, '', 30, 13),
	(4343, '2023-11-20 20:05:11.562605', '2416', '/media/products/20231120/Fresh_Milk_3.jpg', 3, '', 30, 13),
	(4344, '2023-11-20 20:05:11.566358', '2415', '/media/products/20231120/other_edB929G.png', 3, '', 30, 13),
	(4345, '2023-11-20 20:05:11.570079', '2414', '/media/products/20231120/other_uvzYrXS.png', 3, '', 30, 13),
	(4346, '2023-11-20 20:05:11.573993', '2413', '/media/products/20231120/other_sF1HR8K.png', 3, '', 30, 13),
	(4347, '2023-11-20 20:05:11.577909', '2412', '/media/products/20231120/Unga_Chapati_Q2TJe2z.jpeg', 3, '', 30, 13),
	(4348, '2023-11-20 20:05:11.581601', '2411', '/media/products/20231120/Unga_Chapati_Ajab_O1illfc.jpeg', 3, '', 30, 13),
	(4349, '2023-11-20 20:05:11.585492', '2410', '/media/products/20231120/softcare_baby_wipes.jpg', 3, '', 30, 13),
	(4350, '2023-11-20 20:05:11.589443', '2409', '/media/products/20231120/bella_baby_wipes.jpg', 3, '', 30, 13),
	(4351, '2023-11-20 20:05:11.593374', '2408', '/media/products/20231120/biryani_rice_2_OIn3VaD.jpg', 3, '', 30, 13),
	(4352, '2023-11-20 20:05:11.596763', '2407', '/media/products/20231120/biryani_rice_020FZPc.jpg', 3, '', 30, 13),
	(4353, '2023-11-20 20:05:11.600761', '2406', '/media/products/20231120/biryani_rice_2_Amq2vrU.jpg', 3, '', 30, 13),
	(4354, '2023-11-20 20:05:11.604654', '2405', '/media/products/20231120/biryani_rice_5A1KTHN.jpg', 3, '', 30, 13),
	(4355, '2023-11-20 20:05:11.608466', '2404', '/media/products/20231120/biryani_rice_2.jpg', 3, '', 30, 13),
	(4356, '2023-11-20 20:05:11.610864', '2403', '/media/products/20231120/biryani_rice.jpg', 3, '', 30, 13),
	(4357, '2023-11-20 20:05:11.610864', '2402', '/media/products/20231120/Baking_Powder_4TSRd4L.jpg', 3, '', 30, 13),
	(4358, '2023-11-20 20:05:11.610864', '2401', '/media/products/20231120/Msafi_Powder_V1phfE0.jpeg', 3, '', 30, 13),
	(4359, '2023-11-20 20:05:11.610864', '2400', '/media/products/20231120/Always_2.jpg', 3, '', 30, 13),
	(4360, '2023-11-20 20:05:11.626493', '2399', '/media/products/20231120/Always.jpg', 3, '', 30, 13),
	(4361, '2023-11-20 20:05:11.628933', '2398', '/media/products/20231120/other_RFUD8Ys.png', 3, '', 30, 13),
	(4362, '2023-11-20 20:05:11.628933', '2397', '/media/products/20231120/other_PxZcdwm.png', 3, '', 30, 13),
	(4363, '2023-11-20 20:05:11.628933', '2396', '/media/products/20231120/Bella.jpg', 3, '', 30, 13),
	(4364, '2023-11-20 20:05:11.628933', '2395', '/media/products/20231120/Bread.jpg', 3, '', 30, 13),
	(4365, '2023-11-20 20:05:11.647176', '2394', '/media/products/20231120/other_FxcLlDY.png', 3, '', 30, 13),
	(4366, '2023-11-20 20:05:11.650815', '2393', '/media/products/20231120/other_jzfCJj4.png', 3, '', 30, 13),
	(4367, '2023-11-20 20:05:11.654369', '2392', '/media/products/20231120/mala_2.jpeg', 3, '', 30, 13),
	(4368, '2023-11-20 20:05:11.658513', '2391', '/media/products/20231120/mala.jpeg', 3, '', 30, 13),
	(4369, '2023-11-20 20:05:11.662304', '2390', '/media/products/20231120/other_iwkBY3n.png', 3, '', 30, 13),
	(4370, '2023-11-20 20:05:11.666274', '2389', '/media/products/20231120/Eden_tea.jpg', 3, '', 30, 13),
	(4371, '2023-11-20 20:05:11.668877', '2388', '/media/products/20231120/blueband2_jYb2WGA.jpeg', 3, '', 30, 13),
	(4372, '2023-11-20 20:05:11.676499', '2387', '/media/products/20231120/blueband_B1Hp2wj.jpeg', 3, '', 30, 13),
	(4373, '2023-11-20 20:05:11.676499', '2386', '/media/products/20231120/Fresh_pk_MD84K8k.jpg', 3, '', 30, 13),
	(4374, '2023-11-20 20:05:11.676499', '2385', '/media/products/20231120/fresh_fri_oil_gsQHPlL.jpg', 3, '', 30, 13),
	(4375, '2023-11-20 20:05:11.676499', '2384', '/media/products/20231120/imported_rice_3UyEiC4.jpg', 3, '', 30, 13),
	(4376, '2023-11-20 20:05:11.676499', '2383', '/media/products/20231120/Premium_Pishori_Rice_rAlWjtA.jpeg', 3, '', 30, 13),
	(4377, '2023-11-20 20:05:11.694447', '2382', '/media/products/20231120/Msafi_Powder_TXksnr8.jpeg', 3, '', 30, 13),
	(4378, '2023-11-20 20:05:11.694447', '2381', '/media/products/20231120/Baking_Powder_2.jpg', 3, '', 30, 13),
	(4379, '2023-11-20 20:05:11.694447', '2380', '/media/products/20231120/imported_rice_tDsbziy.jpg', 3, '', 30, 13),
	(4380, '2023-11-20 20:05:11.694447', '2379', '/media/products/20231120/Premium_Pishori_Rice_kLtLoMt.jpeg', 3, '', 30, 13),
	(4381, '2023-11-20 20:05:11.711051', '2378', '/media/products/20231120/imported_rice.jpg', 3, '', 30, 13),
	(4382, '2023-11-20 20:05:11.715024', '2377', '/media/products/20231120/Premium_Pishori_Rice_vRk4g0e.jpeg', 3, '', 30, 13),
	(4383, '2023-11-20 20:05:11.719306', '2376', '/media/products/20231120/Msafi_Powder_iMYPZKE.jpeg', 3, '', 30, 13),
	(4384, '2023-11-20 20:05:11.723312', '2375', '/media/products/20231120/msafi_bar_soap.jpg', 3, '', 30, 13),
	(4385, '2023-11-20 20:05:11.727012', '2374', '/media/products/20231120/yoghurt.jpg', 3, '', 30, 13),
	(4386, '2023-11-20 20:05:11.731017', '2373', '/media/products/20231120/kimbo_coocking_fat_7a0iXup.jpg', 3, '', 30, 13),
	(4387, '2023-11-20 20:05:11.734592', '2372', '/media/products/20231120/kimbo_cooking_fat_d7KkhGA.jpeg', 3, '', 30, 13),
	(4388, '2023-11-20 20:05:11.738597', '2371', '/media/products/20231120/Unga_Chapati_JQ8FmRR.jpeg', 3, '', 30, 13),
	(4389, '2023-11-20 20:05:11.742485', '2370', '/media/products/20231120/Unga_Chapati_Ajab_gfEgZx1.jpeg', 3, '', 30, 13),
	(4390, '2023-11-20 20:05:11.745178', '2369', '/media/products/20231120/other_S0CO8RD.png', 3, '', 30, 13),
	(4391, '2023-11-20 20:05:11.745178', '2368', '/media/products/20231120/Unga_Chapati_ygyy3qR.jpeg', 3, '', 30, 13),
	(4392, '2023-11-20 20:05:11.745178', '2367', '/media/products/20231120/Unga_Chapati_Ajab_LITLM5n.jpeg', 3, '', 30, 13),
	(4393, '2023-11-20 20:05:11.745178', '2366', '/media/products/20231120/other_bIm3Kk7.png', 3, '', 30, 13),
	(4394, '2023-11-20 20:05:11.759971', '2365', '/media/products/20231120/Savannah_Cocopine.jpeg', 3, '', 30, 13),
	(4395, '2023-11-20 20:05:11.760917', '2364', '/media/products/20231120/other.png', 3, '', 30, 13),
	(4396, '2023-11-20 20:05:11.760917', '2363', '/media/products/20231120/Pishori_rice_Ykqqrvx.jpg', 3, '', 30, 13),
	(4397, '2023-11-20 20:05:11.760917', '2362', '/media/products/20231120/Premium_Pishori_Rice_QvHeAFT.jpeg', 3, '', 30, 13),
	(4398, '2023-11-20 20:05:11.760917', '2361', '/media/products/20231120/Pishori_rice_t665xeh.jpg', 3, '', 30, 13),
	(4399, '2023-11-20 20:05:11.778552', '2360', '/media/products/20231120/Premium_Pishori_Rice_7d5pXkp.jpeg', 3, '', 30, 13),
	(4400, '2023-11-20 20:05:11.784609', '2359', '/media/products/20231120/Pishori_rice.jpg', 3, '', 30, 13),
	(4401, '2023-11-20 20:05:11.788593', '2358', '/media/products/20231120/Premium_Pishori_Rice.jpeg', 3, '', 30, 13),
	(4402, '2023-11-20 20:05:11.792571', '2357', '/media/products/20231120/Unga_Chapati.jpeg', 3, '', 30, 13),
	(4403, '2023-11-20 20:05:11.796450', '2356', '/media/products/20231120/Unga_Chapati_Ajab.jpeg', 3, '', 30, 13),
	(4404, '2023-11-20 20:05:11.800387', '2355', '/media/products/20231120/sugar.jpeg', 3, '', 30, 13),
	(4405, '2023-11-20 20:05:11.804450', '2354', '/media/products/20231120/Baking_Powder_aJskRZO.jpg', 3, '', 30, 13),
	(4406, '2023-11-20 20:05:11.808354', '2353', '/media/products/20231120/Msafi_Powder_2KZNv3q.jpeg', 3, '', 30, 13),
	(4407, '2023-11-20 20:05:11.812124', '2352', '/media/products/20231120/Baking_Powder.jpg', 3, '', 30, 13),
	(4408, '2023-11-20 20:05:11.812124', '2351', '/media/products/20231120/Msafi_Powder.jpeg', 3, '', 30, 13),
	(4409, '2023-11-20 20:05:11.812124', '2350', '/media/products/20231120/Kamande_2.jpg', 3, '', 30, 13),
	(4410, '2023-11-20 20:05:11.812124', '2349', '/media/products/20231120/Kamande.jpg', 3, '', 30, 13),
	(4411, '2023-11-20 20:05:11.827751', '2348', '/media/products/20231120/Arimis.jpeg', 3, '', 30, 13),
	(4412, '2023-11-20 20:05:11.830593', '2347', '/media/products/20231120/Honey_1_JOAJASs.jpeg', 3, '', 30, 13),
	(4413, '2023-11-20 20:05:11.830593', '2346', '/media/products/20231120/Honey_2_2Q5X75s.jpeg', 3, '', 30, 13),
	(4414, '2023-11-20 20:05:11.830593', '2345', '/media/products/20231120/blueband2_D6mNQXh.jpeg', 3, '', 30, 13),
	(4415, '2023-11-20 20:05:11.830593', '2344', '/media/products/20231120/blueband_QwumyHx.jpeg', 3, '', 30, 13),
	(4416, '2023-11-20 20:05:11.846166', '2343', '/media/products/20231120/kimbo_coocking_fat.jpg', 3, '', 30, 13),
	(4417, '2023-11-20 20:05:11.850049', '2342', '/media/products/20231120/kimbo_cooking_fat.jpeg', 3, '', 30, 13),
	(4418, '2023-11-20 20:05:11.853985', '2341', '/media/products/20231120/Fresh_pk.jpg', 3, '', 30, 13),
	(4419, '2023-11-20 20:05:11.857906', '2340', '/media/products/20231120/fresh_fri_oil.jpg', 3, '', 30, 13),
	(4420, '2023-11-20 20:05:11.862038', '2339', '/media/products/20231120/bar_soap.jpg', 3, '', 30, 13),
	(4421, '2023-11-20 20:05:11.865754', '2338', '/media/products/20231120/Sausages.jpeg', 3, '', 30, 13),
	(4422, '2023-11-20 20:05:11.869467', '2337', '/media/products/20231120/Honey_1_usMQ73r.jpeg', 3, '', 30, 13),
	(4423, '2023-11-20 20:05:11.873470', '2336', '/media/products/20231120/Honey_2_1vQ8p57.jpeg', 3, '', 30, 13),
	(4424, '2023-11-20 20:05:11.877295', '2335', '/media/products/20231120/omo_9nWaBK1.jpg', 3, '', 30, 13),
	(4425, '2023-11-20 20:05:11.881265', '2334', '/media/products/20231120/omo.jpg', 3, '', 30, 13),
	(4426, '2023-11-20 20:05:11.885086', '2333', '/media/products/20231120/Bites_2_fc3euRq.jpg', 3, '', 30, 13),
	(4427, '2023-11-20 20:05:11.888754', '2332', '/media/products/20231120/broilers_JiiyunM.jpeg', 3, '', 30, 13),
	(4428, '2023-11-20 20:05:11.893576', '2331', '/media/products/20231120/Bites_2_UPYkpLZ.jpg', 3, '', 30, 13),
	(4429, '2023-11-20 20:05:11.896704', '2330', '/media/products/20231120/broilers_7hgzlB8.jpeg', 3, '', 30, 13),
	(4430, '2023-11-20 20:05:11.900766', '2329', '/media/products/20231120/Bites_2.jpg', 3, '', 30, 13),
	(4431, '2023-11-20 20:05:11.904691', '2328', '/media/products/20231120/broilers.jpeg', 3, '', 30, 13),
	(4432, '2023-11-20 20:05:11.908473', '2327', '/media/products/20231120/blueband2.jpeg', 3, '', 30, 13),
	(4433, '2023-11-20 20:05:11.912282', '2326', '/media/products/20231120/blueband.jpeg', 3, '', 30, 13),
	(4434, '2023-11-20 20:05:11.916285', '2325', '/media/products/20231120/Honey_1.jpeg', 3, '', 30, 13),
	(4435, '2023-11-20 20:05:11.919455', '2324', '/media/products/20231120/Honey_2.jpeg', 3, '', 30, 13),
	(4436, '2023-11-20 20:06:15.273542', '343', 'Pork', 3, '', 23, 13),
	(4437, '2023-11-20 20:06:15.290220', '342', 'Other', 3, '', 23, 13),
	(4438, '2023-11-20 20:06:15.290220', '341', 'Potatoes', 3, '', 23, 13),
	(4439, '2023-11-20 20:06:15.307095', '340', 'Omena', 3, '', 23, 13),
	(4440, '2023-11-20 20:06:15.307095', '339', 'Koo', 3, '', 23, 13),
	(4441, '2023-11-20 20:06:15.307095', '338', 'Patco', 3, '', 23, 13),
	(4442, '2023-11-20 20:06:15.307095', '337', 'Tropical', 3, '', 23, 13),
	(4443, '2023-11-20 20:06:15.322012', '336', 'Ginger', 3, '', 23, 13),
	(4444, '2023-11-20 20:06:15.323870', '335', 'Chicken Flavour', 3, '', 23, 13),
	(4445, '2023-11-20 20:06:15.323870', '334', 'Royco', 3, '', 23, 13),
	(4446, '2023-11-20 20:06:15.323870', '333', 'Matchbox Rhino', 3, '', 23, 13),
	(4447, '2023-11-20 20:06:15.323870', '332', 'PK', 3, '', 23, 13),
	(4448, '2023-11-20 20:06:15.339498', '331', 'Fresh', 3, '', 23, 13),
	(4449, '2023-11-20 20:06:15.343719', '330', 'Maramoja', 3, '', 23, 13),
	(4450, '2023-11-20 20:06:15.343719', '329', 'Hedex', 3, '', 23, 13),
	(4451, '2023-11-20 20:06:15.343719', '328', 'Dormans', 3, '', 23, 13),
	(4452, '2023-11-20 20:06:15.343719', '327', 'Steelwool', 3, '', 23, 13),
	(4453, '2023-11-20 20:06:15.357118', '326', 'Curry Powder', 3, '', 23, 13),
	(4454, '2023-11-20 20:06:15.357118', '325', 'Candles', 3, '', 23, 13),
	(4455, '2023-11-20 20:06:15.357118', '324', 'Safari', 3, '', 23, 13),
	(4456, '2023-11-20 20:06:15.357118', '323', 'Ringoz', 3, '', 23, 13),
	(4457, '2023-11-20 20:06:15.373475', '322', 'Chocolate', 3, '', 23, 13),
	(4458, '2023-11-20 20:06:15.373475', '321', 'Bites', 3, '', 23, 13),
	(4459, '2023-11-20 20:06:15.373475', '320', 'Sweets', 3, '', 23, 13),
	(4460, '2023-11-20 20:06:15.373475', '319', 'Cocoa', 3, '', 23, 13),
	(4461, '2023-11-20 20:06:15.373475', '318', 'Tuliza', 3, '', 23, 13),
	(4462, '2023-11-20 20:06:15.392661', '317', 'Panadol', 3, '', 23, 13),
	(4463, '2023-11-20 20:06:15.396658', '316', 'Sportsman', 3, '', 23, 13),
	(4464, '2023-11-20 20:06:15.400658', '315', 'SM', 3, '', 23, 13),
	(4465, '2023-11-20 20:06:15.403655', '314', 'KDF', 3, '', 23, 13),
	(4466, '2023-11-20 20:06:15.406661', '313', 'Glucose', 3, '', 23, 13),
	(4467, '2023-11-20 20:06:15.410660', '312', 'Eggs', 3, '', 23, 13),
	(4468, '2023-11-20 20:06:15.413659', '311', 'Bath Soap', 3, '', 23, 13),
	(4469, '2023-11-20 20:06:15.417659', '310', 'Diaper', 3, '', 23, 13),
	(4470, '2023-11-20 20:06:15.420659', '309', 'Sprite', 3, '', 23, 13),
	(4471, '2023-11-20 20:06:15.424660', '308', 'Kahawa', 3, '', 23, 13),
	(4472, '2023-11-20 20:06:15.427660', '307', 'Oreo', 3, '', 23, 13),
	(4473, '2023-11-20 20:06:15.430656', '306', 'Exercise Book', 3, '', 23, 13),
	(4474, '2023-11-20 20:06:15.433656', '305', 'Switch', 3, '', 23, 13),
	(4475, '2023-11-20 20:06:15.437658', '304', 'Salt', 3, '', 23, 13),
	(4476, '2023-11-20 20:06:15.440134', '303', 'Pen', 3, '', 23, 13),
	(4477, '2023-11-20 20:06:15.444131', '302', 'Krest', 3, '', 23, 13),
	(4478, '2023-11-20 20:06:15.447130', '301', 'Nescafe', 3, '', 23, 13),
	(4479, '2023-11-20 20:06:15.450128', '300', 'Nuvita ', 3, '', 23, 13),
	(4480, '2023-11-20 20:06:15.453130', '299', 'Menthol', 3, '', 23, 13),
	(4481, '2023-11-20 20:06:15.456398', '298', 'Eno', 3, '', 23, 13),
	(4482, '2023-11-20 20:06:15.456398', '297', 'Single', 3, '', 23, 13),
	(4483, '2023-11-20 20:06:15.456398', '296', 'Marie', 3, '', 23, 13),
	(4484, '2023-11-20 20:06:15.456398', '295', 'Toothbrush', 3, '', 23, 13),
	(4485, '2023-11-20 20:06:15.471964', '294', 'Mboga', 3, '', 23, 13),
	(4486, '2023-11-20 20:06:15.475495', '293', 'Mosquito Coil', 3, '', 23, 13),
	(4487, '2023-11-20 20:06:15.478495', '292', 'Biscuits', 3, '', 23, 13),
	(4488, '2023-11-20 20:06:15.482492', '291', 'Beef Flavour', 3, '', 23, 13),
	(4489, '2023-11-20 20:06:15.489663', '290', 'Sossi', 3, '', 23, 13),
	(4490, '2023-11-20 20:06:15.489663', '289', 'Classic', 3, '', 23, 13),
	(4491, '2023-11-20 20:06:15.489663', '288', 'Indomie', 3, '', 23, 13),
	(4492, '2023-11-20 20:06:15.489663', '287', 'Soda Glass', 3, '', 23, 13),
	(4493, '2023-11-20 20:06:15.505359', '286', 'Soda Plastic', 3, '', 23, 13),
	(4494, '2023-11-20 20:06:15.508359', '285', 'Novida', 3, '', 23, 13),
	(4495, '2023-11-20 20:06:15.512358', '284', 'Juo Ukwaju', 3, '', 23, 13),
	(4496, '2023-11-20 20:06:15.515358', '283', 'Juo Orange', 3, '', 23, 13),
	(4497, '2023-11-20 20:06:15.518357', '282', 'Jooz Orange Juice', 3, '', 23, 13),
	(4498, '2023-11-20 20:06:15.521982', '281', 'Minute Maid ', 3, '', 23, 13),
	(4499, '2023-11-20 20:06:15.524981', '280', 'Tomato', 3, '', 23, 13),
	(4500, '2023-11-20 20:06:15.527980', '279', 'Salt & Vnegar', 3, '', 23, 13),
	(4501, '2023-11-20 20:06:15.531981', '278', 'Chilli', 3, '', 23, 13),
	(4502, '2023-11-20 20:06:15.534980', '277', 'Cheese & Onion', 3, '', 23, 13),
	(4503, '2023-11-20 20:06:15.538596', '276', 'Crips', 3, '', 23, 13),
	(4504, '2023-11-20 20:06:15.538596', '275', 'Tea', 3, '', 23, 13),
	(4505, '2023-11-20 20:06:15.538596', '274', 'Baking Powder', 3, '', 23, 13),
	(4506, '2023-11-20 20:06:15.538596', '273', 'Colada', 3, '', 23, 13),
	(4507, '2023-11-20 20:06:15.538596', '272', 'Orange', 3, '', 23, 13),
	(4508, '2023-11-20 20:06:15.554224', '271', 'Nuvita', 3, '', 23, 13),
	(4509, '2023-11-20 20:06:15.560420', '270', 'Coke', 3, '', 23, 13),
	(4510, '2023-11-20 20:06:15.563421', '269', 'Passion', 3, '', 23, 13),
	(4511, '2023-11-20 20:06:15.566416', '268', 'Predator', 3, '', 23, 13),
	(4512, '2023-11-20 20:06:15.569416', '267', 'Jam', 3, '', 23, 13),
	(4513, '2023-11-20 20:06:15.572419', '266', 'Spaghetti', 3, '', 23, 13),
	(4514, '2023-11-20 20:06:15.576197', '265', 'Colgate', 3, '', 23, 13),
	(4515, '2023-11-20 20:06:15.577268', '264', 'Softcare', 3, '', 23, 13),
	(4516, '2023-11-20 20:06:15.577268', '263', 'Milk', 3, '', 23, 13),
	(4517, '2023-11-20 20:06:15.577268', '262', 'Afia ', 3, '', 23, 13),
	(4518, '2023-11-20 20:06:15.588637', '261', 'Bella', 3, '', 23, 13),
	(4519, '2023-11-20 20:06:15.592636', '260', 'Always', 3, '', 23, 13),
	(4520, '2023-11-20 20:06:15.596636', '259', 'Ngumu', 3, '', 23, 13),
	(4521, '2023-11-20 20:06:15.601634', '258', 'Mandazi', 3, '', 23, 13),
	(4522, '2023-11-20 20:06:15.605708', '257', 'Bread', 3, '', 23, 13),
	(4523, '2023-11-20 20:06:15.608707', '256', 'Water', 3, '', 23, 13),
	(4524, '2023-11-20 20:06:15.612708', '255', 'Mala', 3, '', 23, 13),
	(4525, '2023-11-20 20:06:15.615708', '254', 'Ndengu', 3, '', 23, 13),
	(4526, '2023-11-20 20:06:15.618706', '253', 'Bar Soap', 3, '', 23, 13),
	(4527, '2023-11-20 20:06:15.621879', '252', 'Yoghurt', 3, '', 23, 13),
	(4528, '2023-11-20 20:06:15.621879', '251', 'Quencher', 3, '', 23, 13),
	(4529, '2023-11-20 20:06:15.621879', '250', 'Maize Floor', 3, '', 23, 13),
	(4530, '2023-11-20 20:06:15.621879', '249', 'Yellow Beans', 3, '', 23, 13),
	(4531, '2023-11-20 20:06:15.621879', '248', 'Juice', 3, '', 23, 13),
	(4532, '2023-11-20 20:06:15.637504', '247', 'Soda', 3, '', 23, 13),
	(4533, '2023-11-20 20:06:15.637504', '246', 'Rice', 3, '', 23, 13),
	(4534, '2023-11-20 20:06:15.637504', '245', 'Wheat Floor', 3, '', 23, 13),
	(4535, '2023-11-20 20:06:15.637504', '244', 'Sugar', 3, '', 23, 13),
	(4536, '2023-11-20 20:06:15.653131', '243', 'Powder', 3, '', 23, 13),
	(4537, '2023-11-20 20:06:15.653131', '242', 'Kamande', 3, '', 23, 13),
	(4538, '2023-11-20 20:06:15.653131', '241', 'Jelly', 3, '', 23, 13),
	(4539, '2023-11-20 20:06:15.653131', '240', 'Coocking Fat', 3, '', 23, 13),
	(4540, '2023-11-20 20:06:15.653131', '239', 'Sausages', 3, '', 23, 13),
	(4541, '2023-11-20 20:06:15.668757', '238', 'Omo', 3, '', 23, 13),
	(4542, '2023-11-20 20:06:15.668757', '237', 'Broilers', 3, '', 23, 13),
	(4543, '2023-11-20 20:06:15.668757', '236', 'Blueband', 3, '', 23, 13),
	(4544, '2023-11-20 20:06:15.668757', '235', 'Honey', 3, '', 23, 13),
	(4545, '2023-11-20 20:06:37.758335', '162', 'Meat', 3, '', 24, 13),
	(4546, '2023-11-20 20:06:37.775678', '161', 'Other', 3, '', 24, 13),
	(4547, '2023-11-20 20:06:37.775678', '160', 'Royco', 3, '', 24, 13),
	(4548, '2023-11-20 20:06:37.775678', '159', 'Matchbox ', 3, '', 24, 13),
	(4549, '2023-11-20 20:06:37.787103', '158', 'Chewing Gum', 3, '', 24, 13),
	(4550, '2023-11-20 20:06:37.789105', '157', 'Steelwool', 3, '', 24, 13),
	(4551, '2023-11-20 20:06:37.789105', '156', 'Puffs', 3, '', 24, 13),
	(4552, '2023-11-20 20:06:37.789105', '155', 'Candles', 3, '', 24, 13),
	(4553, '2023-11-20 20:06:37.789105', '154', 'Ringoz', 3, '', 24, 13),
	(4554, '2023-11-20 20:06:37.805559', '153', 'Bites', 3, '', 24, 13),
	(4555, '2023-11-20 20:06:37.805559', '152', 'Sweets', 3, '', 24, 13),
	(4556, '2023-11-20 20:06:37.805559', '151', 'Ndazis', 3, '', 24, 13),
	(4557, '2023-11-20 20:06:37.822080', '150', 'Glucose', 3, '', 24, 13),
	(4558, '2023-11-20 20:06:37.822080', '149', 'Yego', 3, '', 24, 13),
	(4559, '2023-11-20 20:06:37.822080', '148', 'Cigar', 3, '', 24, 13),
	(4560, '2023-11-20 20:06:37.838081', '147', 'Stationary', 3, '', 24, 13),
	(4561, '2023-11-20 20:06:37.838535', '146', 'Beverges', 3, '', 24, 13),
	(4562, '2023-11-20 20:06:37.838535', '145', 'Family', 3, '', 24, 13),
	(4563, '2023-11-20 20:06:37.838535', '144', 'Orange', 3, '', 24, 13),
	(4564, '2023-11-20 20:06:37.838535', '143', 'Pain Killers', 3, '', 24, 13),
	(4565, '2023-11-20 20:06:37.855580', '142', 'Weetabix', 3, '', 24, 13),
	(4566, '2023-11-20 20:06:37.855580', '141', 'Brush', 3, '', 24, 13),
	(4567, '2023-11-20 20:06:37.855580', '140', 'Mboga', 3, '', 24, 13),
	(4568, '2023-11-20 20:06:37.855580', '139', 'Repellants', 3, '', 24, 13),
	(4569, '2023-11-20 20:06:37.855580', '138', 'Flavour', 3, '', 24, 13),
	(4570, '2023-11-20 20:06:37.873020', '137', 'Spices', 3, '', 24, 13),
	(4571, '2023-11-20 20:06:37.877017', '136', 'Crips', 3, '', 24, 13),
	(4572, '2023-11-20 20:06:37.880019', '135', 'Beverages', 3, '', 24, 13),
	(4573, '2023-11-20 20:06:37.883017', '134', 'Powder Powder', 3, '', 24, 13),
	(4574, '2023-11-20 20:06:37.886019', '133', 'Biscuits', 3, '', 24, 13),
	(4575, '2023-11-20 20:06:37.891021', '132', 'Tooth Paste', 3, '', 24, 13),
	(4576, '2023-11-20 20:06:37.894043', '131', 'Toiletry', 3, '', 24, 13),
	(4577, '2023-11-20 20:06:37.898042', '130', 'Pads', 3, '', 24, 13),
	(4578, '2023-11-20 20:06:37.901042', '129', 'Ngumu', 3, '', 24, 13),
	(4579, '2023-11-20 20:06:37.905048', '128', 'Mandazi', 3, '', 24, 13),
	(4580, '2023-11-20 20:06:37.908870', '127', 'Bread', 3, '', 24, 13),
	(4581, '2023-11-20 20:06:37.908870', '126', 'Dairy Products', 3, '', 24, 13),
	(4582, '2023-11-20 20:06:37.908870', '125', 'Drinks', 3, '', 24, 13),
	(4583, '2023-11-20 20:06:37.908870', '124', 'Cereals', 3, '', 24, 13),
	(4584, '2023-11-20 20:06:37.921541', '123', 'Floor', 3, '', 24, 13),
	(4585, '2023-11-20 20:06:37.921541', '122', 'Sugar', 3, '', 24, 13),
	(4586, '2023-11-20 20:06:37.921541', '121', 'Legumes', 3, '', 24, 13),
	(4587, '2023-11-20 20:06:37.921541', '120', 'Jelly', 3, '', 24, 13),
	(4588, '2023-11-20 20:06:37.937169', '119', 'Cooking Oil', 3, '', 24, 13),
	(4589, '2023-11-20 20:06:37.942567', '118', 'Fast Foods', 3, '', 24, 13),
	(4590, '2023-11-20 20:06:37.945565', '117', 'Soap & Detergents', 3, '', 24, 13),
	(4591, '2023-11-20 20:06:37.948566', '116', 'Poultry Products', 3, '', 24, 13),
	(4592, '2023-11-20 20:06:37.951566', '115', 'Flavours', 3, '', 24, 13),
	(4593, '2023-11-20 20:06:37.954962', '114', 'Sweeteners', 3, '', 24, 13),
	(4594, '2023-11-20 20:06:51.910714', '382', 'Pork', 3, '', 26, 13),
	(4595, '2023-11-20 20:06:51.913710', '381', 'Ordinary', 3, '', 26, 13),
	(4596, '2023-11-20 20:06:51.915755', '380', 'Ham', 3, '', 26, 13),
	(4597, '2023-11-20 20:06:51.915755', '379', 'Black Currant', 3, '', 26, 13),
	(4598, '2023-11-20 20:06:51.923675', '378', 'Potatoes', 3, '', 26, 13),
	(4599, '2023-11-20 20:06:51.927674', '377', 'Omena', 3, '', 26, 13),
	(4600, '2023-11-20 20:06:51.930675', '376', 'Cowboy', 3, '', 26, 13),
	(4601, '2023-11-20 20:06:51.931724', '375', 'Koo', 3, '', 26, 13),
	(4602, '2023-11-20 20:06:51.937738', '374', 'Patco', 3, '', 26, 13),
	(4603, '2023-11-20 20:06:51.940738', '373', 'Tropical', 3, '', 26, 13),
	(4604, '2023-11-20 20:06:51.943736', '372', 'Ginger', 3, '', 26, 13),
	(4605, '2023-11-20 20:06:51.947737', '371', 'Chicken Flavour Satchet', 3, '', 26, 13),
	(4606, '2023-11-20 20:06:51.948794', '370', 'Royco', 3, '', 26, 13),
	(4607, '2023-11-20 20:06:51.948794', '369', 'Rhino Kubwa', 3, '', 26, 13),
	(4608, '2023-11-20 20:06:51.956940', '368', 'Biscuits', 3, '', 26, 13),
	(4609, '2023-11-20 20:06:51.960938', '367', 'PK', 3, '', 26, 13),
	(4610, '2023-11-20 20:06:51.963938', '366', 'Fresh', 3, '', 26, 13),
	(4611, '2023-11-20 20:06:51.964995', '365', 'Maramoja', 3, '', 26, 13),
	(4612, '2023-11-20 20:06:51.964995', '364', 'Hedex', 3, '', 26, 13),
	(4613, '2023-11-20 20:06:51.964995', '363', 'Dormans', 3, '', 26, 13),
	(4614, '2023-11-20 20:06:51.964995', '362', 'Steelwool', 3, '', 26, 13),
	(4615, '2023-11-20 20:06:51.974834', '361', 'Paste', 3, '', 26, 13),
	(4616, '2023-11-20 20:06:51.977828', '360', 'Powder', 3, '', 26, 13),
	(4617, '2023-11-20 20:06:51.981872', '359', 'Candles', 3, '', 26, 13),
	(4618, '2023-11-20 20:06:51.981872', '358', 'Safari', 3, '', 26, 13),
	(4619, '2023-11-20 20:06:51.981872', '357', 'Ariel', 3, '', 26, 13),
	(4620, '2023-11-20 20:06:51.991823', '356', 'Ringoz', 3, '', 26, 13),
	(4621, '2023-11-20 20:06:51.994820', '355', 'Chocolate', 3, '', 26, 13),
	(4622, '2023-11-20 20:06:51.997872', '354', 'Bites', 3, '', 26, 13),
	(4623, '2023-11-20 20:06:52.002781', '353', 'Sweets', 3, '', 26, 13),
	(4624, '2023-11-20 20:06:52.006719', '352', 'Cocoa', 3, '', 26, 13),
	(4625, '2023-11-20 20:06:52.009720', '351', 'Spinach', 3, '', 26, 13),
	(4626, '2023-11-20 20:06:52.013719', '350', 'Sukuma', 3, '', 26, 13),
	(4627, '2023-11-20 20:06:52.016717', '349', 'Tuliza', 3, '', 26, 13),
	(4628, '2023-11-20 20:06:52.019721', '348', 'Panadol', 3, '', 26, 13),
	(4629, '2023-11-20 20:06:52.023644', '347', 'Sportsman', 3, '', 26, 13),
	(4630, '2023-11-20 20:06:52.031645', '346', 'SM', 3, '', 26, 13),
	(4631, '2023-11-20 20:06:52.034643', '345', 'KDF', 3, '', 26, 13),
	(4632, '2023-11-20 20:06:52.036047', '344', 'Glucose', 3, '', 26, 13),
	(4633, '2023-11-20 20:06:52.036047', '343', 'Eggs', 3, '', 26, 13),
	(4634, '2023-11-20 20:06:52.036047', '342', 'Sawa', 3, '', 26, 13),
	(4635, '2023-11-20 20:06:52.036047', '341', 'Sprite', 3, '', 26, 13),
	(4636, '2023-11-20 20:06:52.051674', '340', 'Kahawa', 3, '', 26, 13),
	(4637, '2023-11-20 20:06:52.053829', '339', 'Oreo', 3, '', 26, 13),
	(4638, '2023-11-20 20:06:52.053829', '338', 'Twiga', 3, '', 26, 13),
	(4639, '2023-11-20 20:06:52.053829', '337', 'Switch', 3, '', 26, 13),
	(4640, '2023-11-20 20:06:52.053829', '336', 'Bic', 3, '', 26, 13),
	(4641, '2023-11-20 20:06:52.069456', '335', 'Krest', 3, '', 26, 13),
	(4642, '2023-11-20 20:06:52.072836', '334', 'Nescafe', 3, '', 26, 13),
	(4643, '2023-11-20 20:06:52.072836', '333', 'Green', 3, '', 26, 13),
	(4644, '2023-11-20 20:06:52.072836', '332', 'Menthol', 3, '', 26, 13),
	(4645, '2023-11-20 20:06:52.072836', '331', 'Eno', 3, '', 26, 13),
	(4646, '2023-11-20 20:06:52.086110', '330', 'Sumoja', 3, '', 26, 13),
	(4647, '2023-11-20 20:06:52.087176', '329', 'Single', 3, '', 26, 13),
	(4648, '2023-11-20 20:06:52.087176', '328', 'Marie', 3, '', 26, 13),
	(4649, '2023-11-20 20:06:52.087176', '327', 'Brush', 3, '', 26, 13),
	(4650, '2023-11-20 20:06:52.087176', '326', 'Cabbage', 3, '', 26, 13),
	(4651, '2023-11-20 20:06:52.102761', '325', 'Coil', 3, '', 26, 13),
	(4652, '2023-11-20 20:06:52.103925', '324', 'Strawberry', 3, '', 26, 13),
	(4653, '2023-11-20 20:06:52.103925', '323', 'Lemon', 3, '', 26, 13),
	(4654, '2023-11-20 20:06:52.103925', '322', 'Beef Flavour', 3, '', 26, 13),
	(4655, '2023-11-20 20:06:52.103925', '321', 'Sossi', 3, '', 26, 13),
	(4656, '2023-11-20 20:06:52.119450', '320', 'Classic', 3, '', 26, 13),
	(4657, '2023-11-20 20:06:52.120557', '319', 'Indomie', 3, '', 26, 13),
	(4658, '2023-11-20 20:06:52.120557', '318', 'White', 3, '', 26, 13),
	(4659, '2023-11-20 20:06:52.120557', '317', 'Eden', 3, '', 26, 13),
	(4660, '2023-11-20 20:06:52.120557', '316', 'Ketepa', 3, '', 26, 13),
	(4661, '2023-11-20 20:06:52.137247', '315', 'Soda Glass', 3, '', 26, 13),
	(4662, '2023-11-20 20:06:52.137247', '314', 'Mwala', 3, '', 26, 13),
	(4663, '2023-11-20 20:06:52.137247', '313', 'Novida', 3, '', 26, 13),
	(4664, '2023-11-20 20:06:52.137247', '312', ' Mango', 3, '', 26, 13),
	(4665, '2023-11-20 20:06:52.137247', '311', 'Tomato', 3, '', 26, 13),
	(4666, '2023-11-20 20:06:52.154334', '310', 'Salt', 3, '', 26, 13),
	(4667, '2023-11-20 20:06:52.157337', '309', 'Chilli', 3, '', 26, 13),
	(4668, '2023-11-20 20:06:52.161332', '308', 'Cheese', 3, '', 26, 13),
	(4669, '2023-11-20 20:06:52.164334', '307', 'Assorted', 3, '', 26, 13),
	(4670, '2023-11-20 20:06:52.168330', '306', 'Ndhiwa', 3, '', 26, 13),
	(4671, '2023-11-20 20:06:52.171694', '305', 'Ketepa Tangawizi', 3, '', 26, 13),
	(4672, '2023-11-20 20:06:52.175694', '304', 'Baking Powder', 3, '', 26, 13),
	(4673, '2023-11-20 20:06:52.179072', '303', 'Kinangop', 3, '', 26, 13),
	(4674, '2023-11-20 20:06:52.182073', '302', 'Juice', 3, '', 26, 13),
	(4675, '2023-11-20 20:06:52.186075', '301', 'Orange', 3, '', 26, 13),
	(4676, '2023-11-20 20:06:52.190071', '300', 'Nuvita', 3, '', 26, 13),
	(4677, '2023-11-20 20:06:52.193070', '299', 'Coke', 3, '', 26, 13),
	(4678, '2023-11-20 20:06:52.196070', '298', 'Passion', 3, '', 26, 13),
	(4679, '2023-11-20 20:06:52.199069', '297', 'Predator', 3, '', 26, 13),
	(4680, '2023-11-20 20:06:52.203223', '296', 'Kabete Dairies', 3, '', 26, 13),
	(4681, '2023-11-20 20:06:52.208225', '295', 'Jam', 3, '', 26, 13),
	(4682, '2023-11-20 20:06:52.212224', '294', 'Dawat', 3, '', 26, 13),
	(4683, '2023-11-20 20:06:52.216225', '293', 'Colgate', 3, '', 26, 13),
	(4684, '2023-11-20 20:06:52.220593', '292', 'Softcare', 3, '', 26, 13),
	(4685, '2023-11-20 20:06:52.223592', '291', 'Njugunas', 3, '', 26, 13),
	(4686, '2023-11-20 20:06:52.227592', '290', 'Afia ', 3, '', 26, 13),
	(4687, '2023-11-20 20:06:52.230590', '289', 'Bella', 3, '', 26, 13),
	(4688, '2023-11-20 20:06:52.234591', '288', 'Biryani', 3, '', 26, 13),
	(4689, '2023-11-20 20:06:52.237258', '287', 'Always', 3, '', 26, 13),
	(4690, '2023-11-20 20:06:52.241255', '286', 'Ngumu', 3, '', 26, 13),
	(4691, '2023-11-20 20:06:52.244256', '285', 'Mandazi', 3, '', 26, 13),
	(4692, '2023-11-20 20:06:52.248257', '284', 'Bread', 3, '', 26, 13),
	(4693, '2023-11-20 20:06:52.251257', '283', 'Soda', 3, '', 26, 13),
	(4694, '2023-11-20 20:06:52.255511', '282', 'Water', 3, '', 26, 13),
	(4695, '2023-11-20 20:06:52.260509', '281', 'Mala', 3, '', 26, 13),
	(4696, '2023-11-20 20:06:52.263510', '280', 'Sunlight', 3, '', 26, 13),
	(4697, '2023-11-20 20:06:52.267511', '279', 'Imported', 3, '', 26, 13),
	(4698, '2023-11-20 20:06:52.271621', '278', 'Yoghurt', 3, '', 26, 13),
	(4699, '2023-11-20 20:06:52.274618', '277', 'Pineapple', 3, '', 26, 13),
	(4700, '2023-11-20 20:06:52.277620', '276', 'Pembe', 3, '', 26, 13),
	(4701, '2023-11-20 20:06:52.281620', '275', 'Cocopine', 3, '', 26, 13),
	(4702, '2023-11-20 20:06:52.284620', '274', 'Soda  Plastic', 3, '', 26, 13),
	(4703, '2023-11-20 20:06:52.287842', '273', 'Pishori', 3, '', 26, 13),
	(4704, '2023-11-20 20:06:52.287842', '272', 'Ajab', 3, '', 26, 13),
	(4705, '2023-11-20 20:06:52.287842', '271', 'Sugar', 3, '', 26, 13),
	(4706, '2023-11-20 20:06:52.303136', '270', 'Msafi', 3, '', 26, 13),
	(4707, '2023-11-20 20:06:52.307136', '269', 'Beans', 3, '', 26, 13),
	(4708, '2023-11-20 20:06:52.310137', '268', 'Arimis', 3, '', 26, 13),
	(4709, '2023-11-20 20:06:52.312782', '267', 'Kimbo', 3, '', 26, 13),
	(4710, '2023-11-20 20:06:52.312782', '266', 'Fresh Fri', 3, '', 26, 13),
	(4711, '2023-11-20 20:06:52.321508', '265', 'Sausages', 3, '', 26, 13),
	(4712, '2023-11-20 20:06:52.325498', '264', 'Omo', 3, '', 26, 13),
	(4713, '2023-11-20 20:06:52.328498', '263', 'Broilers', 3, '', 26, 13),
	(4714, '2023-11-20 20:06:52.331497', '262', 'Blueband', 3, '', 26, 13),
	(4715, '2023-11-20 20:06:52.335498', '261', 'Honey', 3, '', 26, 13),
	(4716, '2023-11-20 20:08:40.328636', '2907', '/media/products/20231120/other_GhXKrSb.png', 3, '', 30, 13),
	(4717, '2023-11-20 20:08:40.340867', '2906', '/media/products/20231120/other_O1WkOQT.png', 3, '', 30, 13),
	(4718, '2023-11-20 20:08:40.346395', '2905', '/media/products/20231120/other_OBEwIvH.png', 3, '', 30, 13),
	(4719, '2023-11-20 20:08:40.346395', '2904', '/media/products/20231120/other_yMxka6i.png', 3, '', 30, 13),
	(4720, '2023-11-20 20:08:40.362019', '2903', '/media/products/20231120/other_UXbbaai.png', 3, '', 30, 13),
	(4721, '2023-11-20 20:08:40.366256', '2902', '/media/products/20231120/Sossi_XRSzrh6.jpeg', 3, '', 30, 13),
	(4722, '2023-11-20 20:08:40.369243', '2901', '/media/products/20231120/other_i9upYOa.png', 3, '', 30, 13),
	(4723, '2023-11-20 20:08:40.373245', '2900', '/media/products/20231120/other_JIszGfI.png', 3, '', 30, 13),
	(4724, '2023-11-20 20:08:40.374279', '2899', '/media/products/20231120/other_Sllicqg.png', 3, '', 30, 13),
	(4725, '2023-11-20 20:08:40.379611', '2898', '/media/products/20231120/Cocoa_Raha_k8g0YGU.jpeg', 3, '', 30, 13),
	(4726, '2023-11-20 20:08:40.383623', '2897', '/media/products/20231120/other_XMy6KMK.png', 3, '', 30, 13),
	(4727, '2023-11-20 20:08:40.386610', '2896', '/media/products/20231120/other_UPmsSux.png', 3, '', 30, 13),
	(4728, '2023-11-20 20:08:40.390669', '2895', '/media/products/20231120/other_NRt4ptZ.png', 3, '', 30, 13),
	(4729, '2023-11-20 20:08:40.390669', '2894', '/media/products/20231120/other_6NEujf5.png', 3, '', 30, 13),
	(4730, '2023-11-20 20:08:40.398352', '2893', '/media/products/20231120/Irish_Potatoes_Oh4OBPT.jpg', 3, '', 30, 13),
	(4731, '2023-11-20 20:08:40.398352', '2892', '/media/products/20231120/Sweet_Potatoes_GrLQ0hY.jpg', 3, '', 30, 13),
	(4732, '2023-11-20 20:08:40.398352', '2891', '/media/products/20231120/other_h6Vjtyr.png', 3, '', 30, 13),
	(4733, '2023-11-20 20:08:40.398352', '2890', '/media/products/20231120/other_jpFahWK.png', 3, '', 30, 13),
	(4734, '2023-11-20 20:08:40.413993', '2889', '/media/products/20231120/Omena_2_cBdqhJx.jpg', 3, '', 30, 13),
	(4735, '2023-11-20 20:08:40.417961', '2888', '/media/products/20231120/Omena_gubBJVa.jpg', 3, '', 30, 13),
	(4736, '2023-11-20 20:08:40.420959', '2887', '/media/products/20231120/other_aTFHXT9.png', 3, '', 30, 13),
	(4737, '2023-11-20 20:08:40.424962', '2886', '/media/products/20231120/kimbo_cooking_fat_rqykPwf.jpeg', 3, '', 30, 13),
	(4738, '2023-11-20 20:08:40.427959', '2885', '/media/products/20231120/cowboy_cocking_fat_AOFx2be.jpeg', 3, '', 30, 13),
	(4739, '2023-11-20 20:08:40.432579', '2884', '/media/products/20231120/kimbo_cooking_fat_tKcCQMN.jpeg', 3, '', 30, 13),
	(4740, '2023-11-20 20:08:40.436582', '2883', '/media/products/20231120/cowboy_cocking_fat_ZtKbueD.jpeg', 3, '', 30, 13),
	(4741, '2023-11-20 20:08:40.439578', '2882', '/media/products/20231120/kimbo_coocking_fat_RaKdF7L.jpg', 3, '', 30, 13),
	(4742, '2023-11-20 20:08:40.442578', '2881', '/media/products/20231120/kimbo_cooking_fat_OB44o3H.jpeg', 3, '', 30, 13),
	(4743, '2023-11-20 20:08:40.446282', '2880', '/media/products/20231120/kimbo_cooking_fat_3816bWh.jpeg', 3, '', 30, 13),
	(4744, '2023-11-20 20:08:40.446282', '2879', '/media/products/20231120/cowboy_cocking_fat_ZRSoO9s.jpeg', 3, '', 30, 13),
	(4745, '2023-11-20 20:08:40.446282', '2878', '/media/products/20231120/Koo_Kenya.jpeg', 3, '', 30, 13),
	(4746, '2023-11-20 20:08:40.446282', '2877', '/media/products/20231120/other_cV7Xwnz.png', 3, '', 30, 13),
	(4747, '2023-11-20 20:08:40.446282', '2876', '/media/products/20231120/Tropical_Heat_xpEJIoq.jpeg', 3, '', 30, 13),
	(4748, '2023-11-20 20:08:40.465044', '2875', '/media/products/20231120/Tropical_Sweets.jpeg', 3, '', 30, 13),
	(4749, '2023-11-20 20:08:40.469045', '2874', '/media/products/20231120/Tropical_Heat_rknAx8a.jpeg', 3, '', 30, 13),
	(4750, '2023-11-20 20:08:40.472043', '2873', '/media/products/20231120/Tropical_Heat_SlyZV3Y.jpeg', 3, '', 30, 13),
	(4751, '2023-11-20 20:08:40.476045', '2872', '/media/products/20231120/Royco_aSLydZs.jpeg', 3, '', 30, 13),
	(4752, '2023-11-20 20:08:40.479621', '2871', '/media/products/20231120/Royco_QdaoGax.jpeg', 3, '', 30, 13),
	(4753, '2023-11-20 20:08:40.482619', '2870', '/media/products/20231120/Matchbox.jpeg', 3, '', 30, 13),
	(4754, '2023-11-20 20:08:40.486620', '2869', '/media/products/20231120/other_IBeDr30.png', 3, '', 30, 13),
	(4755, '2023-11-20 20:08:40.489619', '2868', '/media/products/20231120/other_ONjysIc.png', 3, '', 30, 13),
	(4756, '2023-11-20 20:08:40.493618', '2867', '/media/products/20231120/other_PKsSZnj.png', 3, '', 30, 13),
	(4757, '2023-11-20 20:08:40.497087', '2866', '/media/products/20231120/Drinking_Chocolate_KaQCfEC.jpeg', 3, '', 30, 13),
	(4758, '2023-11-20 20:08:40.497087', '2865', '/media/products/20231120/Drinking_Chocolate_2_4XhOqct.jpeg', 3, '', 30, 13),
	(4759, '2023-11-20 20:08:40.497087', '2864', '/media/products/20231120/PK_Chewing.jpeg', 3, '', 30, 13),
	(4760, '2023-11-20 20:08:40.497087', '2863', '/media/products/20231120/other_UI4iXIt.png', 3, '', 30, 13),
	(4761, '2023-11-20 20:08:40.497087', '2862', '/media/products/20231120/other_6JQzSCU.png', 3, '', 30, 13),
	(4762, '2023-11-20 20:08:40.512719', '2861', '/media/products/20231120/other_RGtmRWo.png', 3, '', 30, 13),
	(4763, '2023-11-20 20:08:40.512719', '2860', '/media/products/20231120/other_tq8q7K4.png', 3, '', 30, 13),
	(4764, '2023-11-20 20:08:40.512719', '2859', '/media/products/20231120/Lollypop_Big..jpeg', 3, '', 30, 13),
	(4765, '2023-11-20 20:08:40.512719', '2858', '/media/products/20231120/Big_Daddy_1.jpeg', 3, '', 30, 13),
	(4766, '2023-11-20 20:08:40.512719', '2857', '/media/products/20231120/Big_Daddy.jpeg', 3, '', 30, 13),
	(4767, '2023-11-20 20:08:40.528340', '2856', '/media/products/20231120/other_B8s4X7b.png', 3, '', 30, 13),
	(4768, '2023-11-20 20:08:40.528340', '2855', '/media/products/20231120/Panadol.jpeg', 3, '', 30, 13),
	(4769, '2023-11-20 20:08:40.528340', '2854', '/media/products/20231120/Maramoja.jpeg', 3, '', 30, 13),
	(4770, '2023-11-20 20:08:40.528340', '2853', '/media/products/20231120/Hedex.jpeg', 3, '', 30, 13),
	(4771, '2023-11-20 20:08:40.543964', '2852', '/media/products/20231120/Dormans.jpeg', 3, '', 30, 13),
	(4772, '2023-11-20 20:08:40.543964', '2851', '/media/products/20231120/Steelwool.jpeg', 3, '', 30, 13),
	(4773, '2023-11-20 20:08:40.543964', '2850', '/media/products/20231120/other_bC6z2KG.png', 3, '', 30, 13),
	(4774, '2023-11-20 20:08:40.543964', '2849', '/media/products/20231120/other_vryDWtG.png', 3, '', 30, 13),
	(4775, '2023-11-20 20:08:40.559590', '2848', '/media/products/20231120/Tropical_Heat.jpeg', 3, '', 30, 13),
	(4776, '2023-11-20 20:08:40.559590', '2847', '/media/products/20231120/Ariel_Powder.jpeg', 3, '', 30, 13),
	(4777, '2023-11-20 20:08:40.559590', '2846', '/media/products/20231120/Candles_Sumo.jpeg', 3, '', 30, 13),
	(4778, '2023-11-20 20:08:40.559590', '2845', '/media/products/20231120/Cigarettes_sHm0LKa.jpeg', 3, '', 30, 13),
	(4779, '2023-11-20 20:08:40.559590', '2844', '/media/products/20231120/Cigarettes_4FX4n5z.jpeg', 3, '', 30, 13),
	(4780, '2023-11-20 20:08:40.575214', '2843', '/media/products/20231120/other_xmPIT5z.png', 3, '', 30, 13),
	(4781, '2023-11-20 20:08:40.582246', '2842', '/media/products/20231120/other_jBDyO9P.png', 3, '', 30, 13),
	(4782, '2023-11-20 20:08:40.588933', '2841', '/media/products/20231120/other_QelkT0j.png', 3, '', 30, 13),
	(4783, '2023-11-20 20:08:40.591932', '2840', '/media/products/20231120/other_OtZzSif.png', 3, '', 30, 13),
	(4784, '2023-11-20 20:08:40.595450', '2839', '/media/products/20231120/Ringoz.jpeg', 3, '', 30, 13),
	(4785, '2023-11-20 20:08:40.600052', '2838', '/media/products/20231120/Drinking_Chocolate.jpeg', 3, '', 30, 13),
	(4786, '2023-11-20 20:08:40.603253', '2837', '/media/products/20231120/Drinking_Chocolate_2.jpeg', 3, '', 30, 13),
	(4787, '2023-11-20 20:08:40.605252', '2836', '/media/products/20231120/Bites_1_k3fV0Fi.jpg', 3, '', 30, 13),
	(4788, '2023-11-20 20:08:40.608252', '2835', '/media/products/20231120/Bites_2_fGcfLio.jpg', 3, '', 30, 13),
	(4789, '2023-11-20 20:08:40.611253', '2834', '/media/products/20231120/Nescafe_7CTy04A.jpeg', 3, '', 30, 13),
	(4790, '2023-11-20 20:08:40.615620', '2833', '/media/products/20231120/other_hJYy3qV.png', 3, '', 30, 13),
	(4791, '2023-11-20 20:08:40.617620', '2832', '/media/products/20231120/sweets_H21ZzSz.jpg', 3, '', 30, 13),
	(4792, '2023-11-20 20:08:40.619619', '2831', '/media/products/20231120/Cocoa_Raha.jpeg', 3, '', 30, 13),
	(4793, '2023-11-20 20:08:40.621620', '2830', '/media/products/20231120/other_5AwLdrW.png', 3, '', 30, 13),
	(4794, '2023-11-20 20:08:40.622622', '2829', '/media/products/20231120/Spinach.jpeg', 3, '', 30, 13),
	(4795, '2023-11-20 20:08:40.626016', '2828', '/media/products/20231120/Sukuma_Wiki.jpeg', 3, '', 30, 13),
	(4796, '2023-11-20 20:08:40.629432', '2827', '/media/products/20231120/Tuliza.jpeg', 3, '', 30, 13),
	(4797, '2023-11-20 20:08:40.632431', '2826', '/media/products/20231120/Panado_Extra.jpeg', 3, '', 30, 13),
	(4798, '2023-11-20 20:08:40.635432', '2825', '/media/products/20231120/other_MzqF39B.png', 3, '', 30, 13),
	(4799, '2023-11-20 20:08:40.639431', '2824', '/media/products/20231120/other_oY1jkdW.png', 3, '', 30, 13),
	(4800, '2023-11-20 20:08:40.642431', '2823', '/media/products/20231120/Cigarettes_rdaGs5m.jpeg', 3, '', 30, 13),
	(4801, '2023-11-20 20:08:40.646437', '2822', '/media/products/20231120/Cigarettes_hDwq66U.jpeg', 3, '', 30, 13),
	(4802, '2023-11-20 20:08:40.650209', '2821', '/media/products/20231120/other_ZLHKEaJ.png', 3, '', 30, 13),
	(4803, '2023-11-20 20:08:40.653209', '2820', '/media/products/20231120/Glucose_Excel_fjUbvQ9.jpeg', 3, '', 30, 13),
	(4804, '2023-11-20 20:08:40.657209', '2819', '/media/products/20231120/Glucose_Excel.jpeg', 3, '', 30, 13),
	(4805, '2023-11-20 20:08:40.660221', '2818', '/media/products/20231120/broilers_40EKt4j.jpeg', 3, '', 30, 13),
	(4806, '2023-11-20 20:08:40.663742', '2817', '/media/products/20231120/other_WI31a2i.png', 3, '', 30, 13),
	(4807, '2023-11-20 20:08:40.666738', '2816', '/media/products/20231120/other_Vp58Yzn.png', 3, '', 30, 13),
	(4808, '2023-11-20 20:08:40.669738', '2815', '/media/products/20231120/Quencher_Pineapple_Wv6Icuf.jpeg', 3, '', 30, 13),
	(4809, '2023-11-20 20:08:40.673740', '2814', '/media/products/20231120/Softcare_Diaper_eVjXJuv.jpg', 3, '', 30, 13),
	(4810, '2023-11-20 20:08:40.676739', '2813', '/media/products/20231120/Softcare_Diaper_wvhVp0s.jpg', 3, '', 30, 13),
	(4811, '2023-11-20 20:08:40.680026', '2812', '/media/products/20231120/sawa_bath_soap_chuooeK.jpg', 3, '', 30, 13),
	(4812, '2023-11-20 20:08:40.684023', '2811', '/media/products/20231120/sawa_bath_soap_iCs0SqU.jpg', 3, '', 30, 13),
	(4813, '2023-11-20 20:08:40.687023', '2810', '/media/products/20231120/Baking_Powder_MqxNHUp.jpg', 3, '', 30, 13),
	(4814, '2023-11-20 20:08:40.690021', '2809', '/media/products/20231120/Msafi_Powder_7GFVCKP.jpeg', 3, '', 30, 13),
	(4815, '2023-11-20 20:08:40.693021', '2808', '/media/products/20231120/Softcare_Diaper_RB5Tsed.jpg', 3, '', 30, 13),
	(4816, '2023-11-20 20:08:40.695293', '2807', '/media/products/20231120/other_CZZq4om.png', 3, '', 30, 13),
	(4817, '2023-11-20 20:08:40.695293', '2806', '/media/products/20231120/other_in1isDq.png', 3, '', 30, 13),
	(4818, '2023-11-20 20:08:40.695293', '2805', '/media/products/20231120/other_HjNJ3yg.png', 3, '', 30, 13),
	(4819, '2023-11-20 20:08:40.710918', '2804', '/media/products/20231120/other_EUNpv6q.png', 3, '', 30, 13),
	(4820, '2023-11-20 20:08:40.712885', '2803', '/media/products/20231120/Twiga_Exercise_bnGrM5N.jpeg', 3, '', 30, 13),
	(4821, '2023-11-20 20:08:40.712885', '2802', '/media/products/20231120/Twiga_Exercise.jpeg', 3, '', 30, 13),
	(4822, '2023-11-20 20:08:40.712885', '2801', '/media/products/20231120/Cigarettes.jpeg', 3, '', 30, 13),
	(4823, '2023-11-20 20:08:40.712885', '2800', '/media/products/20231120/Kensalt_Salt_gCqQuIW.jpeg', 3, '', 30, 13),
	(4824, '2023-11-20 20:08:40.712885', '2799', '/media/products/20231120/Kensalt_Salt.jpeg', 3, '', 30, 13),
	(4825, '2023-11-20 20:08:40.731830', '2798', '/media/products/20231120/Bic_Razor.jpeg', 3, '', 30, 13),
	(4826, '2023-11-20 20:08:40.734830', '2797', '/media/products/20231120/other_jxZgxSo.png', 3, '', 30, 13),
	(4827, '2023-11-20 20:08:40.737832', '2796', '/media/products/20231120/Nescafe.jpeg', 3, '', 30, 13),
	(4828, '2023-11-20 20:08:40.739841', '2795', '/media/products/20231120/Family_packet_bd6Clj9.jpeg', 3, '', 30, 13),
	(4829, '2023-11-20 20:08:40.742841', '2794', '/media/products/20231120/Family_packet.jpeg', 3, '', 30, 13),
	(4830, '2023-11-20 20:08:40.745587', '2793', '/media/products/20231120/Menthol_King.jpeg', 3, '', 30, 13),
	(4831, '2023-11-20 20:08:40.748583', '2792', '/media/products/20231120/other_zFCm0H8.png', 3, '', 30, 13),
	(4832, '2023-11-20 20:08:40.752585', '2791', '/media/products/20231120/Sumoja_Milking.jpeg', 3, '', 30, 13),
	(4833, '2023-11-20 20:08:40.755583', '2790', '/media/products/20231120/kinangop_milk_dZKeZqq.jpeg', 3, '', 30, 13),
	(4834, '2023-11-20 20:08:40.758603', '2789', '/media/products/20231120/Sunlight_Powder_bimDrtS.jpeg', 3, '', 30, 13),
	(4835, '2023-11-20 20:08:40.761584', '2788', '/media/products/20231120/other_mjarPlN.png', 3, '', 30, 13),
	(4836, '2023-11-20 20:08:40.763954', '2787', '/media/products/20231120/msafi_bar_soap_lV7nvwH.jpg', 3, '', 30, 13),
	(4837, '2023-11-20 20:08:40.779769', '2786', '/media/products/20231120/Weetabix_Single.jpeg', 3, '', 30, 13),
	(4838, '2023-11-20 20:08:40.779769', '2785', '/media/products/20231120/other_t1HTxWL.png', 3, '', 30, 13),
	(4839, '2023-11-20 20:08:40.779769', '2784', '/media/products/20231120/toothbrush_NDtAe8j.jpg', 3, '', 30, 13),
	(4840, '2023-11-20 20:08:40.795474', '2783', '/media/products/20231120/msafi_bar_soap_dlbvQsY.jpg', 3, '', 30, 13),
	(4841, '2023-11-20 20:08:40.799474', '2782', '/media/products/20231120/other_rZbIuTn.png', 3, '', 30, 13),
	(4842, '2023-11-20 20:08:40.803503', '2781', '/media/products/20231120/Mosquito_Coil.jpeg', 3, '', 30, 13),
	(4843, '2023-11-20 20:08:40.807506', '2780', '/media/products/20231120/other_vWmzPET.png', 3, '', 30, 13),
	(4844, '2023-11-20 20:08:40.812267', '2779', '/media/products/20231120/other_UvdmfOC.png', 3, '', 30, 13),
	(4845, '2023-11-20 20:08:40.816299', '2778', '/media/products/20231120/other_oj9UQAp.png', 3, '', 30, 13),
	(4846, '2023-11-20 20:08:40.820317', '2777', '/media/products/20231120/Royco.jpeg', 3, '', 30, 13),
	(4847, '2023-11-20 20:08:40.827268', '2776', '/media/products/20231120/other_aSBGKN1.png', 3, '', 30, 13),
	(4848, '2023-11-20 20:08:40.828485', '2775', '/media/products/20231120/Toilet_Paper.jpeg', 3, '', 30, 13),
	(4849, '2023-11-20 20:08:40.828485', '2774', '/media/products/20231120/Sossi.jpeg', 3, '', 30, 13),
	(4850, '2023-11-20 20:08:40.828485', '2773', '/media/products/20231120/Festive_bread_dVASMMM.jpg', 3, '', 30, 13),
	(4851, '2023-11-20 20:08:40.845235', '2772', '/media/products/20231120/Indomie_Jumbo.jpeg', 3, '', 30, 13),
	(4852, '2023-11-20 20:08:40.846213', '2771', '/media/products/20231120/other_bNFRf8s.png', 3, '', 30, 13),
	(4853, '2023-11-20 20:08:40.846213', '2770', '/media/products/20231120/Eden_tea_eyMEBr2.jpg', 3, '', 30, 13),
	(4854, '2023-11-20 20:08:40.846213', '2769', '/media/products/20231120/Eden_tea_X5X6IHb.jpg', 3, '', 30, 13),
	(4855, '2023-11-20 20:08:40.862045', '2768', '/media/products/20231120/other_0bnheh2.png', 3, '', 30, 13),
	(4856, '2023-11-20 20:08:40.869045', '2767', '/media/products/20231120/other_Z2BtDvg.png', 3, '', 30, 13),
	(4857, '2023-11-20 20:08:40.874048', '2766', '/media/products/20231120/other_zHpzlV9.png', 3, '', 30, 13),
	(4858, '2023-11-20 20:08:40.878047', '2765', '/media/products/20231120/other_YplXBCI.png', 3, '', 30, 13),
	(4859, '2023-11-20 20:08:40.881887', '2764', '/media/products/20231120/Novida.jpeg', 3, '', 30, 13),
	(4860, '2023-11-20 20:08:40.885886', '2763', '/media/products/20231120/other_Hek23Ws.png', 3, '', 30, 13),
	(4861, '2023-11-20 20:08:40.892886', '2762', '/media/products/20231120/other_fO0lub4.png', 3, '', 30, 13),
	(4862, '2023-11-20 20:08:40.898701', '2761', '/media/products/20231120/Juo_Ukwaju.jpeg', 3, '', 30, 13),
	(4863, '2023-11-20 20:08:40.898701', '2760', '/media/products/20231120/Jooz_Orange_63jm2uT.jpeg', 3, '', 30, 13),
	(4864, '2023-11-20 20:08:40.898701', '2759', '/media/products/20231120/Jooz_Orange.jpeg', 3, '', 30, 13),
	(4865, '2023-11-20 20:08:40.916149', '2758', '/media/products/20231120/Afia_Juice_DOd9AYM.jpeg', 3, '', 30, 13),
	(4866, '2023-11-20 20:08:40.922180', '2757', '/media/products/20231120/minute_maid_cUfEq7g.jpg', 3, '', 30, 13),
	(4867, '2023-11-20 20:08:40.932151', '2756', '/media/products/20231120/Afia_Juice.jpeg', 3, '', 30, 13),
	(4868, '2023-11-20 20:08:40.938186', '2755', '/media/products/20231120/other_HgBHDCW.png', 3, '', 30, 13),
	(4869, '2023-11-20 20:08:40.944185', '2754', '/media/products/20231120/other_OYsxqDa.png', 3, '', 30, 13),
	(4870, '2023-11-20 20:08:40.949148', '2753', '/media/products/20231120/Chilli_Lemon.jpeg', 3, '', 30, 13),
	(4871, '2023-11-20 20:08:40.955185', '2752', '/media/products/20231120/other_twMti01.png', 3, '', 30, 13),
	(4872, '2023-11-20 20:08:40.964826', '2751', '/media/products/20231120/crisps_assorted_LXfno1Y.jpg', 3, '', 30, 13),
	(4873, '2023-11-20 20:08:40.964826', '2750', '/media/products/20231120/other_clKOHZL.png', 3, '', 30, 13),
	(4874, '2023-11-20 20:08:40.964826', '2749', '/media/products/20231120/other_tfzKZiN.png', 3, '', 30, 13),
	(4875, '2023-11-20 20:08:40.964826', '2748', '/media/products/20231120/Baking_Powder_2_qCCUwwf.jpg', 3, '', 30, 13),
	(4876, '2023-11-20 20:08:40.981436', '2747', '/media/products/20231120/Baking_Powder_xEMQhNo.jpg', 3, '', 30, 13),
	(4877, '2023-11-20 20:08:40.981436', '2746', '/media/products/20231120/kinangop_milk_l5IAzgT.jpeg', 3, '', 30, 13),
	(4878, '2023-11-20 20:08:40.996458', '2745', '/media/products/20231120/Champ_Mango.jpeg', 3, '', 30, 13),
	(4879, '2023-11-20 20:08:40.999446', '2744', '/media/products/20231120/other_nwVljF1.png', 3, '', 30, 13),
	(4880, '2023-11-20 20:08:41.002483', '2743', '/media/products/20231120/Nuvita_Biscuits_FilJOYd.jpg', 3, '', 30, 13),
	(4881, '2023-11-20 20:08:41.006444', '2742', '/media/products/20231120/other_YFfItbq.png', 3, '', 30, 13),
	(4882, '2023-11-20 20:08:41.009482', '2741', '/media/products/20231120/other_bi19Dvz.png', 3, '', 30, 13),
	(4883, '2023-11-20 20:08:41.013197', '2740', '/media/products/20231120/Predator.jpeg', 3, '', 30, 13),
	(4884, '2023-11-20 20:08:41.016223', '2739', '/media/products/20231120/Fresh_Milk_-_Kabete_Dairies_DE4DTu6.jpeg', 3, '', 30, 13),
	(4885, '2023-11-20 20:08:41.020198', '2738', '/media/products/20231120/blueband2_RwcYDz3.jpeg', 3, '', 30, 13),
	(4886, '2023-11-20 20:08:41.023221', '2737', '/media/products/20231120/blueband_rLyoO9F.jpeg', 3, '', 30, 13),
	(4887, '2023-11-20 20:08:41.028477', '2736', '/media/products/20231120/other_n8KaLyk.png', 3, '', 30, 13),
	(4888, '2023-11-20 20:08:41.028477', '2735', '/media/products/20231120/blueband2_qz7rFzp.jpeg', 3, '', 30, 13),
	(4889, '2023-11-20 20:08:41.028477', '2734', '/media/products/20231120/blueband_XCzsZLd.jpeg', 3, '', 30, 13),
	(4890, '2023-11-20 20:08:41.028477', '2733', '/media/products/20231120/Spaghetti_Daawat.jpeg', 3, '', 30, 13),
	(4891, '2023-11-20 20:08:41.028477', '2732', '/media/products/20231120/Colgate_1_gnTUtqg.jpg', 3, '', 30, 13),
	(4892, '2023-11-20 20:08:41.046275', '2731', '/media/products/20231120/Colgate_1Lfpwus.jpg', 3, '', 30, 13),
	(4893, '2023-11-20 20:08:41.046275', '2730', '/media/products/20231120/Colgate_1_RJsf2JR.jpg', 3, '', 30, 13),
	(4894, '2023-11-20 20:08:41.046275', '2729', '/media/products/20231120/Colgate_jRrRfwl.jpg', 3, '', 30, 13),
	(4895, '2023-11-20 20:08:41.046275', '2728', '/media/products/20231120/Softcare_Diaper_2weZpqU.jpg', 3, '', 30, 13),
	(4896, '2023-11-20 20:08:41.046275', '2727', '/media/products/20231120/Softcare_7OHQk96.jpg', 3, '', 30, 13),
	(4897, '2023-11-20 20:08:41.063209', '2726', '/media/products/20231120/Fresh_Milk_2_xu4m354.jpg', 3, '', 30, 13),
	(4898, '2023-11-20 20:08:41.066289', '2725', '/media/products/20231120/Fresh_Milk_3_AzeQttg.jpg', 3, '', 30, 13),
	(4899, '2023-11-20 20:08:41.070257', '2724', '/media/products/20231120/other_D71ES3h.png', 3, '', 30, 13),
	(4900, '2023-11-20 20:08:41.074233', '2723', '/media/products/20231120/Quencher_Pineapple_ilqnCdc.jpeg', 3, '', 30, 13),
	(4901, '2023-11-20 20:08:41.078942', '2722', '/media/products/20231120/Quencher_Pineapple_7Xo53ur.jpeg', 3, '', 30, 13),
	(4902, '2023-11-20 20:08:41.085672', '2721', '/media/products/20231120/Unga_Chapati_BJ72y2b.jpeg', 3, '', 30, 13),
	(4903, '2023-11-20 20:08:41.089988', '2720', '/media/products/20231120/Unga_Chapati_Ajab_XyTwSSI.jpeg', 3, '', 30, 13),
	(4904, '2023-11-20 20:08:41.093070', '2719', '/media/products/20231120/bella_baby_wipes_W5rYfhE.jpg', 3, '', 30, 13),
	(4905, '2023-11-20 20:08:41.095285', '2718', '/media/products/20231120/biryani_rice_2_htMcom7.jpg', 3, '', 30, 13),
	(4906, '2023-11-20 20:08:41.095285', '2717', '/media/products/20231120/biryani_rice_N0iz61J.jpg', 3, '', 30, 13),
	(4907, '2023-11-20 20:08:41.095285', '2716', '/media/products/20231120/biryani_rice_2_PiBfpiH.jpg', 3, '', 30, 13),
	(4908, '2023-11-20 20:08:41.095285', '2715', '/media/products/20231120/biryani_rice_rD5Zdgb.jpg', 3, '', 30, 13),
	(4909, '2023-11-20 20:08:41.113047', '2714', '/media/products/20231120/biryani_rice_2_km85Zcd.jpg', 3, '', 30, 13),
	(4910, '2023-11-20 20:08:41.113047', '2713', '/media/products/20231120/biryani_rice_sOwHljw.jpg', 3, '', 30, 13),
	(4911, '2023-11-20 20:08:41.113047', '2712', '/media/products/20231120/Baking_Powder_qwtFVuZ.jpg', 3, '', 30, 13),
	(4912, '2023-11-20 20:08:41.113047', '2711', '/media/products/20231120/Msafi_Powder_ADFAllo.jpeg', 3, '', 30, 13),
	(4913, '2023-11-20 20:08:41.128901', '2710', '/media/products/20231120/Always_2_QTjN7Xd.jpg', 3, '', 30, 13),
	(4914, '2023-11-20 20:08:41.141283', '2709', '/media/products/20231120/Always_tBWvKxt.jpg', 3, '', 30, 13),
	(4915, '2023-11-20 20:08:41.145837', '2708', '/media/products/20231120/Ngumu.jpeg', 3, '', 30, 13),
	(4916, '2023-11-20 20:08:41.149844', '2707', '/media/products/20231120/Mandazi.jpeg', 3, '', 30, 13),
	(4917, '2023-11-20 20:08:41.153557', '2706', '/media/products/20231120/Bread_QEWfrQg.jpg', 3, '', 30, 13),
	(4918, '2023-11-20 20:08:41.157538', '2705', '/media/products/20231120/other_qvsmarH.png', 3, '', 30, 13),
	(4919, '2023-11-20 20:08:41.161902', '2704', '/media/products/20231120/other_LmTg73B.png', 3, '', 30, 13),
	(4920, '2023-11-20 20:08:41.165976', '2703', '/media/products/20231120/other_TOSUP4q.png', 3, '', 30, 13),
	(4921, '2023-11-20 20:08:41.169582', '2702', '/media/products/20231120/Ndengu.jpeg', 3, '', 30, 13),
	(4922, '2023-11-20 20:08:41.173317', '2701', '/media/products/20231120/blueband2_6SHdTBX.jpeg', 3, '', 30, 13),
	(4923, '2023-11-20 20:08:41.177271', '2700', '/media/products/20231120/blueband_Pyk5DA1.jpeg', 3, '', 30, 13),
	(4924, '2023-11-20 20:08:41.179739', '2699', '/media/products/20231120/other_mYLuXjZ.png', 3, '', 30, 13),
	(4925, '2023-11-20 20:08:41.179739', '2698', '/media/products/20231120/imported_rice_jO2LLPt.jpg', 3, '', 30, 13),
	(4926, '2023-11-20 20:08:41.179739', '2697', '/media/products/20231120/Premium_Pishori_Rice_MA08wxm.jpeg', 3, '', 30, 13),
	(4927, '2023-11-20 20:08:41.179739', '2696', '/media/products/20231120/Sunlight_Powder.jpeg', 3, '', 30, 13),
	(4928, '2023-11-20 20:08:41.196705', '2695', '/media/products/20231120/imported_rice_hM9hWql.jpg', 3, '', 30, 13),
	(4929, '2023-11-20 20:08:41.200275', '2694', '/media/products/20231120/Premium_Pishori_Rice_RyZ9iH1.jpeg', 3, '', 30, 13),
	(4930, '2023-11-20 20:08:41.203926', '2693', '/media/products/20231120/imported_rice_6FpR0l0.jpg', 3, '', 30, 13),
	(4931, '2023-11-20 20:08:41.207940', '2692', '/media/products/20231120/Premium_Pishori_Rice_0mkcC9f.jpeg', 3, '', 30, 13),
	(4932, '2023-11-20 20:08:41.212432', '2691', '/media/products/20231120/msafi_bar_soap_x4LRsuI.jpg', 3, '', 30, 13),
	(4933, '2023-11-20 20:08:41.216436', '2690', '/media/products/20231120/yoghurt_X1Bhkap.jpg', 3, '', 30, 13),
	(4934, '2023-11-20 20:08:41.219830', '2689', '/media/products/20231120/kimbo_coocking_fat_kV2gpSB.jpg', 3, '', 30, 13),
	(4935, '2023-11-20 20:08:41.223558', '2688', '/media/products/20231120/kimbo_cooking_fat_aayQ565.jpeg', 3, '', 30, 13),
	(4936, '2023-11-20 20:08:41.227556', '2687', '/media/products/20231120/Unga_Ugali_jogoo_OcsbStK.jpeg', 3, '', 30, 13),
	(4937, '2023-11-20 20:08:41.228514', '2686', '/media/products/20231120/Unga_Ugali_jembe_yqe2XYb.jpeg', 3, '', 30, 13),
	(4938, '2023-11-20 20:08:41.228514', '2685', '/media/products/20231120/Quencher_Pineapple.jpeg', 3, '', 30, 13),
	(4939, '2023-11-20 20:08:41.228514', '2684', '/media/products/20231120/Unga_Ugali_jogoo.jpeg', 3, '', 30, 13),
	(4940, '2023-11-20 20:08:41.228514', '2683', '/media/products/20231120/Unga_Ugali_jembe.jpeg', 3, '', 30, 13),
	(4941, '2023-11-20 20:08:41.246280', '2682', '/media/products/20231120/Yellow_Beans.jpeg', 3, '', 30, 13),
	(4942, '2023-11-20 20:08:41.246280', '2681', '/media/products/20231120/Savannah_Cocopine_VszMcQs.jpeg', 3, '', 30, 13),
	(4943, '2023-11-20 20:08:41.246280', '2680', '/media/products/20231120/other_0zxwJft.png', 3, '', 30, 13),
	(4944, '2023-11-20 20:08:41.246280', '2679', '/media/products/20231120/Pishori_rice_Hsq6fin.jpg', 3, '', 30, 13),
	(4945, '2023-11-20 20:08:41.263375', '2678', '/media/products/20231120/Premium_Pishori_Rice_6RkaCJJ.jpeg', 3, '', 30, 13),
	(4946, '2023-11-20 20:08:41.267834', '2677', '/media/products/20231120/Pishori_rice_2dY8DOA.jpg', 3, '', 30, 13),
	(4947, '2023-11-20 20:08:41.272313', '2676', '/media/products/20231120/Premium_Pishori_Rice_dVjeZoG.jpeg', 3, '', 30, 13),
	(4948, '2023-11-20 20:08:41.276325', '2675', '/media/products/20231120/Pishori_rice_EA4LCgJ.jpg', 3, '', 30, 13),
	(4949, '2023-11-20 20:08:41.279311', '2674', '/media/products/20231120/Premium_Pishori_Rice_vYJJzGL.jpeg', 3, '', 30, 13),
	(4950, '2023-11-20 20:08:41.281674', '2673', '/media/products/20231120/Unga_Chapati_oFYkqa2.jpeg', 3, '', 30, 13),
	(4951, '2023-11-20 20:08:41.281674', '2672', '/media/products/20231120/Unga_Chapati_Ajab_bVg0Y4O.jpeg', 3, '', 30, 13),
	(4952, '2023-11-20 20:08:41.281674', '2671', '/media/products/20231120/other_LSGWIO5.png', 3, '', 30, 13),
	(4953, '2023-11-20 20:08:41.295345', '2670', '/media/products/20231120/Baking_Powder_04tg8Pt.jpg', 3, '', 30, 13),
	(4954, '2023-11-20 20:08:41.299572', '2669', '/media/products/20231120/Msafi_Powder_h5V1Fn1.jpeg', 3, '', 30, 13),
	(4955, '2023-11-20 20:08:41.303604', '2668', '/media/products/20231120/Baking_Powder_9Xs512E.jpg', 3, '', 30, 13),
	(4956, '2023-11-20 20:08:41.307603', '2667', '/media/products/20231120/Msafi_Powder_F3uzn88.jpeg', 3, '', 30, 13),
	(4957, '2023-11-20 20:08:41.312607', '2666', '/media/products/20231120/Kamande_2_JrWkGfu.jpg', 3, '', 30, 13),
	(4958, '2023-11-20 20:08:41.315992', '2665', '/media/products/20231120/Kamande_psx3rbN.jpg', 3, '', 30, 13),
	(4959, '2023-11-20 20:08:41.319675', '2664', '/media/products/20231120/Arimis_SWTkGNM.jpeg', 3, '', 30, 13),
	(4960, '2023-11-20 20:08:41.323681', '2663', '/media/products/20231120/other_SwdvOFt.png', 3, '', 30, 13),
	(4961, '2023-11-20 20:08:41.327686', '2662', '/media/products/20231120/blueband2_IvI4BHo.jpeg', 3, '', 30, 13),
	(4962, '2023-11-20 20:08:41.331530', '2661', '/media/products/20231120/blueband_ZHqUfRC.jpeg', 3, '', 30, 13),
	(4963, '2023-11-20 20:08:41.335465', '2660', '/media/products/20231120/kimbo_coocking_fat_5sSqMOd.jpg', 3, '', 30, 13),
	(4964, '2023-11-20 20:08:41.339482', '2659', '/media/products/20231120/kimbo_cooking_fat_ANd6hHK.jpeg', 3, '', 30, 13),
	(4965, '2023-11-20 20:08:41.343479', '2658', '/media/products/20231120/other_HVJllop.png', 3, '', 30, 13),
	(4966, '2023-11-20 20:08:41.347315', '2657', '/media/products/20231120/Sausages_jfK0XAo.jpeg', 3, '', 30, 13),
	(4967, '2023-11-20 20:08:41.351398', '2656', '/media/products/20231120/other_Qs6zs5k.png', 3, '', 30, 13),
	(4968, '2023-11-20 20:08:41.355551', '2655', '/media/products/20231120/other_tlMO7Le.png', 3, '', 30, 13),
	(4969, '2023-11-20 20:08:41.360111', '2654', '/media/products/20231120/other_seBUwol.png', 3, '', 30, 13),
	(4970, '2023-11-20 20:08:41.363317', '2653', '/media/products/20231120/broilers_59dsJu4.jpeg', 3, '', 30, 13),
	(4971, '2023-11-20 20:08:41.367490', '2652', '/media/products/20231120/broilers_wPks7Qy.jpeg', 3, '', 30, 13),
	(4972, '2023-11-20 20:08:41.371431', '2651', '/media/products/20231120/broilers_mEszgb8.jpeg', 3, '', 30, 13),
	(4973, '2023-11-20 20:08:41.375409', '2650', '/media/products/20231120/blueband2_ye2RzXR.jpeg', 3, '', 30, 13),
	(4974, '2023-11-20 20:08:41.379197', '2649', '/media/products/20231120/blueband_7yIFKTl.jpeg', 3, '', 30, 13),
	(4975, '2023-11-20 20:08:41.383360', '2648', '/media/products/20231120/other_2hygBDY.png', 3, '', 30, 13),
	(4976, '2023-11-20 20:14:26.185414', '1004', 'Pork - Ribs/Chops', 3, '', 25, 13),
	(4977, '2023-11-20 20:14:26.196813', '1003', 'Ordinary Cuts', 3, '', 25, 13),
	(4978, '2023-11-20 20:14:26.199813', '1002', 'Ham/Shoulder/Belly/Picnic', 3, '', 25, 13),
	(4979, '2023-11-20 20:14:26.204662', '1001', 'Potatoes', 3, '', 25, 13),
	(4980, '2023-11-20 20:14:26.204662', '1000', 'Omena', 3, '', 25, 13),
	(4981, '2023-11-20 20:14:26.204662', '999', 'Cowboy Cooking Fat', 3, '', 25, 13),
	(4982, '2023-11-20 20:14:26.204662', '998', 'Koo (Kenya Cuffy)', 3, '', 25, 13),
	(4983, '2023-11-20 20:14:26.204662', '997', 'Patco Sweets', 3, '', 25, 13),
	(4984, '2023-11-20 20:14:26.220289', '996', 'Tropical Sweets', 3, '', 25, 13),
	(4985, '2023-11-20 20:14:26.220289', '995', 'Tropical Heat Ginger Spice', 3, '', 25, 13),
	(4986, '2023-11-20 20:14:26.220289', '994', 'Matchbox', 3, '', 25, 13),
	(4987, '2023-11-20 20:14:26.235915', '993', 'Nuvita Milk', 3, '', 25, 13),
	(4988, '2023-11-20 20:14:26.238993', '992', 'Nuvita Ginger', 3, '', 25, 13),
	(4989, '2023-11-20 20:14:26.241991', '991', 'Golden Ginger Nut', 3, '', 25, 13),
	(4990, '2023-11-20 20:14:26.245990', '990', 'PK Chewing Gum', 3, '', 25, 13),
	(4991, '2023-11-20 20:14:26.248990', '989', 'Fresh', 3, '', 25, 13),
	(4992, '2023-11-20 20:14:26.251989', '988', 'Lollypop Big Giant', 3, '', 25, 13),
	(4993, '2023-11-20 20:14:26.254990', '987', 'Big Daddy', 3, '', 25, 13),
	(4994, '2023-11-20 20:14:26.257991', '986', 'Panadol', 3, '', 25, 13),
	(4995, '2023-11-20 20:14:26.260990', '985', 'Maramoja', 3, '', 25, 13),
	(4996, '2023-11-20 20:14:26.263991', '984', 'Hedex', 3, '', 25, 13),
	(4997, '2023-11-20 20:14:26.266991', '983', 'Dormans', 3, '', 25, 13),
	(4998, '2023-11-20 20:14:26.271538', '982', 'Steelwool', 3, '', 25, 13),
	(4999, '2023-11-20 20:14:26.271538', '981', 'Safari Puffs', 3, '', 25, 13),
	(5000, '2023-11-20 20:14:26.271538', '980', 'Gilda Conc Tomato Paste', 3, '', 25, 13),
	(5001, '2023-11-20 20:14:26.271538', '979', 'Tropical Heat Curry Powder', 3, '', 25, 13),
	(5002, '2023-11-20 20:14:26.271538', '978', 'Ariel Powder Soap', 3, '', 25, 13),
	(5003, '2023-11-20 20:14:26.287881', '977', 'Candles Sumo', 3, '', 25, 13),
	(5004, '2023-11-20 20:14:26.290921', '976', 'Ariel', 3, '', 25, 13),
	(5005, '2023-11-20 20:14:26.290921', '975', 'Ringoz', 3, '', 25, 13),
	(5006, '2023-11-20 20:14:26.290921', '974', 'Drinking Chocolate Raha', 3, '', 25, 13),
	(5007, '2023-11-20 20:14:26.290921', '973', 'Bites', 3, '', 25, 13),
	(5008, '2023-11-20 20:14:26.304599', '972', 'Sweets', 3, '', 25, 13),
	(5009, '2023-11-20 20:14:26.308599', '971', 'Cocoa Raha', 3, '', 25, 13),
	(5010, '2023-11-20 20:14:26.311598', '970', 'Spinach', 3, '', 25, 13),
	(5011, '2023-11-20 20:14:26.314597', '969', 'Sukuma Wiki', 3, '', 25, 13),
	(5012, '2023-11-20 20:14:26.317596', '968', 'Tuliza', 3, '', 25, 13),
	(5013, '2023-11-20 20:14:26.321247', '967', 'Panado Extra', 3, '', 25, 13),
	(5014, '2023-11-20 20:14:26.324247', '966', 'Sunlight Bar Soap', 3, '', 25, 13),
	(5015, '2023-11-20 20:14:26.327246', '965', 'KDF', 3, '', 25, 13),
	(5016, '2023-11-20 20:14:26.330247', '964', 'Glucose Excel', 3, '', 25, 13),
	(5017, '2023-11-20 20:14:26.333246', '963', 'Eggs', 3, '', 25, 13),
	(5018, '2023-11-20 20:14:26.336247', '962', 'Yego Marie Biscuits', 3, '', 25, 13),
	(5019, '2023-11-20 20:14:26.337842', '961', 'Sawa Bath Soap', 3, '', 25, 13),
	(5020, '2023-11-20 20:14:26.337842', '960', 'Softcare Diaper Gold', 3, '', 25, 13),
	(5021, '2023-11-20 20:14:26.337842', '959', 'Kahawa No. 1', 3, '', 25, 13),
	(5022, '2023-11-20 20:14:26.337842', '958', 'Oreo Biscuits', 3, '', 25, 13),
	(5023, '2023-11-20 20:14:26.337842', '957', 'Twiga Exercise Book', 3, '', 25, 13),
	(5024, '2023-11-20 20:14:26.353473', '956', 'Cigarettes ', 3, '', 25, 13),
	(5025, '2023-11-20 20:14:26.353473', '955', 'Kensalt Salt', 3, '', 25, 13),
	(5026, '2023-11-20 20:14:26.353473', '954', 'Bic Razor', 3, '', 25, 13),
	(5027, '2023-11-20 20:14:26.353473', '953', 'Nescafe', 3, '', 25, 13),
	(5028, '2023-11-20 20:14:26.369095', '952', 'Family (packet) Nuvita Green', 3, '', 25, 13),
	(5029, '2023-11-20 20:14:26.369095', '951', 'Family (packet) Nuvita Orange', 3, '', 25, 13),
	(5030, '2023-11-20 20:14:26.369095', '950', 'Menthol King', 3, '', 25, 13),
	(5031, '2023-11-20 20:14:26.384717', '949', 'Eno', 3, '', 25, 13),
	(5032, '2023-11-20 20:14:26.384717', '948', 'Sumoja Milking Jelly', 3, '', 25, 13),
	(5033, '2023-11-20 20:14:26.391229', '947', 'Sunlight Powder', 3, '', 25, 13),
	(5034, '2023-11-20 20:14:26.391229', '946', 'Weetabix Single Serve', 3, '', 25, 13),
	(5035, '2023-11-20 20:14:26.391229', '945', 'Golden Marie Biscuits', 3, '', 25, 13),
	(5036, '2023-11-20 20:14:26.391229', '944', 'Toothbrush', 3, '', 25, 13),
	(5037, '2023-11-20 20:14:26.391229', '943', 'Cabbage', 3, '', 25, 13),
	(5038, '2023-11-20 20:14:26.406870', '942', 'Mosquito Coil', 3, '', 25, 13),
	(5039, '2023-11-20 20:14:26.406870', '941', 'Biscuits', 3, '', 25, 13),
	(5040, '2023-11-20 20:14:26.406870', '940', 'Royco', 3, '', 25, 13),
	(5041, '2023-11-20 20:14:26.406870', '939', 'Toilet Paper  ', 3, '', 25, 13),
	(5042, '2023-11-20 20:14:26.422497', '938', 'Sossi', 3, '', 25, 13),
	(5043, '2023-11-20 20:14:26.422497', '937', 'Festive Classic Bread', 3, '', 25, 13),
	(5044, '2023-11-20 20:14:26.422497', '936', 'Indomie Jumbo Chicken', 3, '', 25, 13),
	(5045, '2023-11-20 20:14:26.422497', '935', 'White Wash 175g', 3, '', 25, 13),
	(5046, '2023-11-20 20:14:26.422497', '934', 'Eden Tea', 3, '', 25, 13),
	(5047, '2023-11-20 20:14:26.438919', '933', 'Ketepa Tea Leaves', 3, '', 25, 13),
	(5048, '2023-11-20 20:14:26.443912', '932', 'Novida', 3, '', 25, 13),
	(5049, '2023-11-20 20:14:26.447912', '931', 'Afia Mixed Fruit Juice', 3, '', 25, 13),
	(5050, '2023-11-20 20:14:26.451914', '930', 'Juo Ukwaju Juice', 3, '', 25, 13),
	(5051, '2023-11-20 20:14:26.454893', '929', 'Juo Orange Juice', 3, '', 25, 13),
	(5052, '2023-11-20 20:14:26.457891', '928', 'Jooz Orange Juice', 3, '', 25, 13),
	(5053, '2023-11-20 20:14:26.462890', '927', 'Minute Maid Mango', 3, '', 25, 13),
	(5054, '2023-11-20 20:14:26.466899', '926', 'Afia Juice Mango', 3, '', 25, 13),
	(5055, '2023-11-20 20:14:26.471176', '925', 'Tomato', 3, '', 25, 13),
	(5056, '2023-11-20 20:14:26.471176', '924', 'Salt & Vinegar', 3, '', 25, 13),
	(5057, '2023-11-20 20:14:26.471176', '923', 'Chilli Lemon', 3, '', 25, 13),
	(5058, '2023-11-20 20:14:26.471176', '922', 'Cheese & Onion', 3, '', 25, 13),
	(5059, '2023-11-20 20:14:26.486806', '921', 'Crisps Assorted', 3, '', 25, 13),
	(5060, '2023-11-20 20:14:26.488968', '920', 'Ketepa Tangawizi Tea Leaves', 3, '', 25, 13),
	(5061, '2023-11-20 20:14:26.491479', '919', 'Baking Powder', 3, '', 25, 13),
	(5062, '2023-11-20 20:14:26.491479', '918', 'Kinangop Milk', 3, '', 25, 13),
	(5063, '2023-11-20 20:14:26.491479', '917', 'Champ Mango Colada', 3, '', 25, 13),
	(5064, '2023-11-20 20:14:26.504576', '916', 'Nuvita Break Time Biscuits', 3, '', 25, 13),
	(5065, '2023-11-20 20:14:26.507851', '915', 'Predator', 3, '', 25, 13),
	(5066, '2023-11-20 20:14:26.510849', '914', 'Fresh Milk - Kabete Dairies', 3, '', 25, 13),
	(5067, '2023-11-20 20:14:26.513848', '913', 'Jam ', 3, '', 25, 13),
	(5068, '2023-11-20 20:14:26.516848', '912', 'Spaghetti Daawat Green', 3, '', 25, 13),
	(5069, '2023-11-20 20:14:26.519845', '911', 'Colgate', 3, '', 25, 13),
	(5070, '2023-11-20 20:14:26.520846', '910', 'Softcare Pads', 3, '', 25, 13),
	(5071, '2023-11-20 20:14:26.522849', '909', 'Fresh Milk - Njugunas', 3, '', 25, 13),
	(5072, '2023-11-20 20:14:26.525227', '908', 'Afia Juice Mixed Fruit', 3, '', 25, 13),
	(5073, '2023-11-20 20:14:26.526225', '907', 'Bella Baby Wipes', 3, '', 25, 13),
	(5074, '2023-11-20 20:14:26.530223', '906', 'Biryani Rice', 3, '', 25, 13),
	(5075, '2023-11-20 20:14:26.534224', '905', 'Always', 3, '', 25, 13),
	(5076, '2023-11-20 20:14:26.539227', '904', 'Ngumu', 3, '', 25, 13),
	(5077, '2023-11-20 20:14:26.541577', '903', 'Mandazi', 3, '', 25, 13),
	(5078, '2023-11-20 20:14:26.541577', '902', 'Bread', 3, '', 25, 13),
	(5079, '2023-11-20 20:14:26.555876', '901', 'Water', 3, '', 25, 13),
	(5080, '2023-11-20 20:14:26.555876', '900', 'Mala', 3, '', 25, 13),
	(5081, '2023-11-20 20:14:26.555876', '899', 'Ndengu', 3, '', 25, 13),
	(5082, '2023-11-20 20:14:26.555876', '898', 'Sunlight Powder Yellow', 3, '', 25, 13),
	(5083, '2023-11-20 20:14:26.555876', '897', 'Premium Imported Rice', 3, '', 25, 13),
	(5084, '2023-11-20 20:14:26.572487', '896', 'Msafi Bar Soap', 3, '', 25, 13),
	(5085, '2023-11-20 20:14:26.576520', '895', 'Yoghurt', 3, '', 25, 13),
	(5086, '2023-11-20 20:14:26.579518', '894', 'Quencher Pineapple Juice', 3, '', 25, 13),
	(5087, '2023-11-20 20:14:26.582519', '893', 'Unga Ugali - Pembe', 3, '', 25, 13),
	(5088, '2023-11-20 20:14:26.585518', '892', 'Yellow Beans', 3, '', 25, 13),
	(5089, '2023-11-20 20:14:26.589358', '891', 'Savannah Cocopine Juice', 3, '', 25, 13),
	(5090, '2023-11-20 20:14:26.592394', '890', 'Soda', 3, '', 25, 13),
	(5091, '2023-11-20 20:14:26.596354', '889', 'Premium Pishori Rice', 3, '', 25, 13),
	(5092, '2023-11-20 20:14:26.599442', '888', 'Unga Chapati - Ajab', 3, '', 25, 13),
	(5093, '2023-11-20 20:14:26.602441', '887', 'Sugar', 3, '', 25, 13),
	(5094, '2023-11-20 20:14:26.604626', '886', 'Msafi Powder', 3, '', 25, 13),
	(5095, '2023-11-20 20:14:26.604626', '885', 'Kamande', 3, '', 25, 13),
	(5096, '2023-11-20 20:14:26.604626', '884', 'Arimis', 3, '', 25, 13),
	(5097, '2023-11-20 20:14:26.604626', '883', 'Kimbo Cooking Fat', 3, '', 25, 13),
	(5098, '2023-11-20 20:14:26.604626', '882', 'Fresh Fri Cooking Oil', 3, '', 25, 13),
	(5099, '2023-11-20 20:14:26.620255', '881', 'Sausages', 3, '', 25, 13),
	(5100, '2023-11-20 20:14:26.624172', '880', 'Omo', 3, '', 25, 13),
	(5101, '2023-11-20 20:14:26.624172', '879', 'Broilers', 3, '', 25, 13),
	(5102, '2023-11-20 20:14:26.624172', '878', 'Blue band', 3, '', 25, 13),
	(5103, '2023-11-20 20:14:26.624172', '877', 'Honey', 3, '', 25, 13),
	(5104, '2023-11-20 20:16:53.245051', '1132', 'Pork - Ribs/Chops', 3, '', 25, 13),
	(5105, '2023-11-20 20:16:53.254692', '1131', 'Ordinary Cuts', 3, '', 25, 13),
	(5106, '2023-11-20 20:16:53.265992', '1130', 'Ham/Shoulder/Belly/Picnic', 3, '', 25, 13),
	(5107, '2023-11-20 20:16:53.269992', '1129', 'Potatoes', 3, '', 25, 13),
	(5108, '2023-11-20 20:16:53.272994', '1128', 'Omena', 3, '', 25, 13),
	(5109, '2023-11-20 20:16:53.275992', '1127', 'Cowboy Cooking Fat', 3, '', 25, 13),
	(5110, '2023-11-20 20:16:53.279548', '1126', 'Koo (Kenya Cuffy)', 3, '', 25, 13),
	(5111, '2023-11-20 20:16:53.283543', '1125', 'Patco Sweets', 3, '', 25, 13),
	(5112, '2023-11-20 20:16:53.286336', '1124', 'Tropical Sweets', 3, '', 25, 13),
	(5113, '2023-11-20 20:16:53.290335', '1123', 'Tropical Heat Ginger Spice', 3, '', 25, 13),
	(5114, '2023-11-20 20:16:53.293334', '1122', 'Matchbox', 3, '', 25, 13),
	(5115, '2023-11-20 20:16:53.297811', '1121', 'Nuvita Milk', 3, '', 25, 13),
	(5116, '2023-11-20 20:16:53.301809', '1120', 'Nuvita Ginger', 3, '', 25, 13),
	(5117, '2023-11-20 20:16:53.304810', '1119', 'Golden Ginger Nut', 3, '', 25, 13),
	(5118, '2023-11-20 20:16:53.307809', '1118', 'PK Chewing Gum', 3, '', 25, 13),
	(5119, '2023-11-20 20:16:53.312362', '1117', 'Fresh', 3, '', 25, 13),
	(5120, '2023-11-20 20:16:53.315357', '1116', 'Lollypop Big Giant', 3, '', 25, 13),
	(5121, '2023-11-20 20:16:53.318356', '1115', 'Big Daddy', 3, '', 25, 13),
	(5122, '2023-11-20 20:16:53.321358', '1114', 'Panadol', 3, '', 25, 13),
	(5123, '2023-11-20 20:16:53.325358', '1113', 'Maramoja', 3, '', 25, 13),
	(5124, '2023-11-20 20:16:53.328359', '1112', 'Hedex', 3, '', 25, 13),
	(5125, '2023-11-20 20:16:53.331358', '1111', 'Dormans', 3, '', 25, 13),
	(5126, '2023-11-20 20:16:53.334359', '1110', 'Steelwool', 3, '', 25, 13),
	(5127, '2023-11-20 20:16:53.338359', '1109', 'Safari Puffs', 3, '', 25, 13),
	(5128, '2023-11-20 20:16:53.341358', '1108', 'Gilda Conc Tomato Paste', 3, '', 25, 13),
	(5129, '2023-11-20 20:16:53.345359', '1107', 'Tropical Heat Curry Powder', 3, '', 25, 13),
	(5130, '2023-11-20 20:16:53.348359', '1106', 'Ariel Powder Soap', 3, '', 25, 13),
	(5131, '2023-11-20 20:16:53.351358', '1105', 'Candles Sumo', 3, '', 25, 13),
	(5132, '2023-11-20 20:16:53.355358', '1104', 'Ariel', 3, '', 25, 13),
	(5133, '2023-11-20 20:16:53.358358', '1103', 'Ringoz', 3, '', 25, 13),
	(5134, '2023-11-20 20:16:53.361222', '1102', 'Drinking Chocolate Raha', 3, '', 25, 13),
	(5135, '2023-11-20 20:16:53.364221', '1101', 'Bites', 3, '', 25, 13),
	(5136, '2023-11-20 20:16:53.368223', '1100', 'Sweets', 3, '', 25, 13),
	(5137, '2023-11-20 20:16:53.371221', '1099', 'Cocoa Raha', 3, '', 25, 13),
	(5138, '2023-11-20 20:16:53.374220', '1098', 'Spinach', 3, '', 25, 13),
	(5139, '2023-11-20 20:16:53.377770', '1097', 'Sukuma Wiki', 3, '', 25, 13),
	(5140, '2023-11-20 20:16:53.377770', '1096', 'Tuliza', 3, '', 25, 13),
	(5141, '2023-11-20 20:16:53.377770', '1095', 'Panado Extra', 3, '', 25, 13),
	(5142, '2023-11-20 20:16:53.377770', '1094', 'Sunlight Bar Soap', 3, '', 25, 13),
	(5143, '2023-11-20 20:16:53.377770', '1093', 'KDF', 3, '', 25, 13),
	(5144, '2023-11-20 20:16:53.393395', '1092', 'Glucose Excel', 3, '', 25, 13),
	(5145, '2023-11-20 20:16:53.393395', '1091', 'Eggs', 3, '', 25, 13),
	(5146, '2023-11-20 20:16:53.393395', '1090', 'Yego Marie Biscuits', 3, '', 25, 13),
	(5147, '2023-11-20 20:16:53.393395', '1089', 'Sawa Bath Soap', 3, '', 25, 13),
	(5148, '2023-11-20 20:16:53.409023', '1088', 'Softcare Diaper Gold', 3, '', 25, 13),
	(5149, '2023-11-20 20:16:53.409023', '1087', 'Kahawa No. 1', 3, '', 25, 13),
	(5150, '2023-11-20 20:16:53.409023', '1086', 'Oreo Biscuits', 3, '', 25, 13),
	(5151, '2023-11-20 20:16:53.409023', '1085', 'Twiga Exercise Book', 3, '', 25, 13),
	(5152, '2023-11-20 20:16:53.424646', '1084', 'Cigarettes ', 3, '', 25, 13),
	(5153, '2023-11-20 20:16:53.424646', '1083', 'Kensalt Salt', 3, '', 25, 13),
	(5154, '2023-11-20 20:16:53.424646', '1082', 'Bic Razor', 3, '', 25, 13),
	(5155, '2023-11-20 20:16:53.424646', '1081', 'Nescafe', 3, '', 25, 13),
	(5156, '2023-11-20 20:16:53.424646', '1080', 'Family (packet) Nuvita Green', 3, '', 25, 13),
	(5157, '2023-11-20 20:16:53.440270', '1079', 'Family (packet) Nuvita Orange', 3, '', 25, 13),
	(5158, '2023-11-20 20:16:53.445440', '1078', 'Menthol King', 3, '', 25, 13),
	(5159, '2023-11-20 20:16:53.449441', '1077', 'Eno', 3, '', 25, 13),
	(5160, '2023-11-20 20:16:53.452439', '1076', 'Sumoja Milking Jelly', 3, '', 25, 13),
	(5161, '2023-11-20 20:16:53.455440', '1075', 'Sunlight Powder', 3, '', 25, 13),
	(5162, '2023-11-20 20:16:53.460438', '1074', 'Weetabix Single Serve', 3, '', 25, 13),
	(5163, '2023-11-20 20:16:53.466556', '1073', 'Golden Marie Biscuits', 3, '', 25, 13),
	(5164, '2023-11-20 20:16:53.470596', '1072', 'Toothbrush', 3, '', 25, 13),
	(5165, '2023-11-20 20:16:53.475555', '1071', 'Cabbage', 3, '', 25, 13),
	(5166, '2023-11-20 20:16:53.477649', '1070', 'Mosquito Coil', 3, '', 25, 13),
	(5167, '2023-11-20 20:16:53.477649', '1069', 'Biscuits', 3, '', 25, 13),
	(5168, '2023-11-20 20:16:53.477649', '1068', 'Royco', 3, '', 25, 13),
	(5169, '2023-11-20 20:16:53.477649', '1067', 'Toilet Paper  ', 3, '', 25, 13),
	(5170, '2023-11-20 20:16:53.495413', '1066', 'Sossi', 3, '', 25, 13),
	(5171, '2023-11-20 20:16:53.507558', '1065', 'Festive Classic Bread', 3, '', 25, 13),
	(5172, '2023-11-20 20:16:53.512225', '1064', 'Indomie Jumbo Chicken', 3, '', 25, 13),
	(5173, '2023-11-20 20:16:53.515225', '1063', 'White Wash 175g', 3, '', 25, 13),
	(5174, '2023-11-20 20:16:53.518222', '1062', 'Eden Tea', 3, '', 25, 13),
	(5175, '2023-11-20 20:16:53.521222', '1061', 'Ketepa Tea Leaves', 3, '', 25, 13),
	(5176, '2023-11-20 20:16:53.525224', '1060', 'Novida', 3, '', 25, 13),
	(5177, '2023-11-20 20:16:53.529818', '1059', 'Afia Mixed Fruit Juice', 3, '', 25, 13),
	(5178, '2023-11-20 20:16:53.533820', '1058', 'Juo Ukwaju Juice', 3, '', 25, 13),
	(5179, '2023-11-20 20:16:53.536820', '1057', 'Juo Orange Juice', 3, '', 25, 13),
	(5180, '2023-11-20 20:16:53.542817', '1056', 'Jooz Orange Juice', 3, '', 25, 13),
	(5181, '2023-11-20 20:16:53.546595', '1055', 'Minute Maid Mango', 3, '', 25, 13),
	(5182, '2023-11-20 20:16:53.551596', '1054', 'Afia Juice Mango', 3, '', 25, 13),
	(5183, '2023-11-20 20:16:53.554282', '1053', 'Tomato', 3, '', 25, 13),
	(5184, '2023-11-20 20:16:53.557296', '1052', 'Salt & Vinegar', 3, '', 25, 13),
	(5185, '2023-11-20 20:16:53.561294', '1051', 'Chilli Lemon', 3, '', 25, 13),
	(5186, '2023-11-20 20:16:53.565701', '1050', 'Cheese & Onion', 3, '', 25, 13),
	(5187, '2023-11-20 20:16:53.568693', '1049', 'Crisps Assorted', 3, '', 25, 13),
	(5188, '2023-11-20 20:16:53.571694', '1048', 'Ketepa Tangawizi Tea Leaves', 3, '', 25, 13),
	(5189, '2023-11-20 20:16:53.574694', '1047', 'Baking Powder', 3, '', 25, 13),
	(5190, '2023-11-20 20:16:53.578735', '1046', 'Kinangop Milk', 3, '', 25, 13),
	(5191, '2023-11-20 20:16:53.582744', '1045', 'Champ Mango Colada', 3, '', 25, 13),
	(5192, '2023-11-20 20:16:53.585732', '1044', 'Nuvita Break Time Biscuits', 3, '', 25, 13),
	(5193, '2023-11-20 20:16:53.588735', '1043', 'Predator', 3, '', 25, 13),
	(5194, '2023-11-20 20:16:53.592734', '1042', 'Fresh Milk - Kabete Dairies', 3, '', 25, 13),
	(5195, '2023-11-20 20:16:53.595738', '1041', 'Jam ', 3, '', 25, 13),
	(5196, '2023-11-20 20:16:53.601525', '1040', 'Spaghetti Daawat Green', 3, '', 25, 13),
	(5197, '2023-11-20 20:16:53.604535', '1039', 'Colgate', 3, '', 25, 13),
	(5198, '2023-11-20 20:16:53.608526', '1038', 'Softcare Pads', 3, '', 25, 13),
	(5199, '2023-11-20 20:16:53.611528', '1037', 'Fresh Milk - Njugunas', 3, '', 25, 13),
	(5200, '2023-11-20 20:16:53.618528', '1036', 'Afia Juice Mixed Fruit', 3, '', 25, 13),
	(5201, '2023-11-20 20:16:53.622527', '1035', 'Bella Baby Wipes', 3, '', 25, 13),
	(5202, '2023-11-20 20:16:53.626527', '1034', 'Biryani Rice', 3, '', 25, 13),
	(5203, '2023-11-20 20:16:53.631526', '1033', 'Always', 3, '', 25, 13),
	(5204, '2023-11-20 20:16:53.634526', '1032', 'Ngumu', 3, '', 25, 13),
	(5205, '2023-11-20 20:16:53.638525', '1031', 'Mandazi', 3, '', 25, 13),
	(5206, '2023-11-20 20:16:53.641524', '1030', 'Bread', 3, '', 25, 13),
	(5207, '2023-11-20 20:16:53.645668', '1029', 'Water', 3, '', 25, 13),
	(5208, '2023-11-20 20:16:53.651668', '1028', 'Mala', 3, '', 25, 13),
	(5209, '2023-11-20 20:16:53.655681', '1027', 'Ndengu', 3, '', 25, 13),
	(5210, '2023-11-20 20:16:53.658663', '1026', 'Sunlight Powder Yellow', 3, '', 25, 13),
	(5211, '2023-11-20 20:16:53.661667', '1025', 'Premium Imported Rice', 3, '', 25, 13),
	(5212, '2023-11-20 20:16:53.667669', '1024', 'Msafi Bar Soap', 3, '', 25, 13),
	(5213, '2023-11-20 20:16:53.670664', '1023', 'Yoghurt', 3, '', 25, 13),
	(5214, '2023-11-20 20:16:53.673664', '1022', 'Quencher Pineapple Juice', 3, '', 25, 13),
	(5215, '2023-11-20 20:16:53.677666', '1021', 'Unga Ugali - Pembe', 3, '', 25, 13),
	(5216, '2023-11-20 20:16:53.681141', '1020', 'Yellow Beans', 3, '', 25, 13),
	(5217, '2023-11-20 20:16:53.685142', '1019', 'Savannah Cocopine Juice', 3, '', 25, 13),
	(5218, '2023-11-20 20:16:53.688140', '1018', 'Soda', 3, '', 25, 13),
	(5219, '2023-11-20 20:16:53.691141', '1017', 'Premium Pishori Rice', 3, '', 25, 13),
	(5220, '2023-11-20 20:16:53.694542', '1016', 'Unga Chapati - Ajab', 3, '', 25, 13),
	(5221, '2023-11-20 20:16:53.698542', '1015', 'Sugar', 3, '', 25, 13),
	(5222, '2023-11-20 20:16:53.701542', '1014', 'Msafi Powder', 3, '', 25, 13),
	(5223, '2023-11-20 20:16:53.704542', '1013', 'Kamande', 3, '', 25, 13),
	(5224, '2023-11-20 20:16:53.707542', '1012', 'Arimis', 3, '', 25, 13),
	(5225, '2023-11-20 20:16:53.711203', '1011', 'Kimbo Cooking Fat', 3, '', 25, 13),
	(5226, '2023-11-20 20:16:53.714205', '1010', 'Fresh Fri Cooking Oil', 3, '', 25, 13),
	(5227, '2023-11-20 20:16:53.717202', '1009', 'Sausages', 3, '', 25, 13),
	(5228, '2023-11-20 20:16:53.720203', '1008', 'Omo', 3, '', 25, 13),
	(5229, '2023-11-20 20:16:53.722203', '1007', 'Broilers', 3, '', 25, 13),
	(5230, '2023-11-20 20:16:53.724203', '1006', 'Blue band', 3, '', 25, 13),
	(5231, '2023-11-20 20:16:53.727977', '1005', 'Honey', 3, '', 25, 13),
	(5232, '2023-11-20 20:17:02.462303', '3216', '/media/products/20231120/other_MkE2NYA.png', 3, '', 30, 13),
	(5233, '2023-11-20 20:17:02.478816', '3215', '/media/products/20231120/other_YTn7o6n.png', 3, '', 30, 13),
	(5234, '2023-11-20 20:17:02.478816', '3214', '/media/products/20231120/other_A3Y3UWi.png', 3, '', 30, 13),
	(5235, '2023-11-20 20:17:02.478816', '3213', '/media/products/20231120/sugar_xnrrBsr.jpeg', 3, '', 30, 13),
	(5236, '2023-11-20 20:17:02.478816', '3212', '/media/products/20231120/sugar_N9LNoqm.jpeg', 3, '', 30, 13),
	(5237, '2023-11-20 20:17:02.495203', '3211', '/media/products/20231120/Sossi_vu0LZgL.jpeg', 3, '', 30, 13),
	(5238, '2023-11-20 20:17:02.495203', '3210', '/media/products/20231120/other_nq5kT8K.png', 3, '', 30, 13),
	(5239, '2023-11-20 20:17:02.495203', '3209', '/media/products/20231120/sugar_JzrtZhi.jpeg', 3, '', 30, 13),
	(5240, '2023-11-20 20:17:02.495203', '3208', '/media/products/20231120/sugar_LLyZkI6.jpeg', 3, '', 30, 13),
	(5241, '2023-11-20 20:17:02.495203', '3207', '/media/products/20231120/Cocoa_Raha_HRdR8Ez.jpeg', 3, '', 30, 13),
	(5242, '2023-11-20 20:17:02.511875', '3206', '/media/products/20231120/other_7rQ0CUA.png', 3, '', 30, 13),
	(5243, '2023-11-20 20:17:02.511875', '3205', '/media/products/20231120/other_tORHdeu.png', 3, '', 30, 13),
	(5244, '2023-11-20 20:17:02.511875', '3204', '/media/products/20231120/other_gX8ht7k.png', 3, '', 30, 13),
	(5245, '2023-11-20 20:17:02.511875', '3203', '/media/products/20231120/other_5u4DiwA.png', 3, '', 30, 13),
	(5246, '2023-11-20 20:17:02.511875', '3202', '/media/products/20231120/Irish_Potatoes_VJ3SUfI.jpg', 3, '', 30, 13),
	(5247, '2023-11-20 20:17:02.527505', '3201', '/media/products/20231120/Sweet_Potatoes_ELcucP7.jpg', 3, '', 30, 13),
	(5248, '2023-11-20 20:17:02.532043', '3200', '/media/products/20231120/other_V8roXCP.png', 3, '', 30, 13),
	(5249, '2023-11-20 20:17:02.532043', '3199', '/media/products/20231120/other_y27Ml0p.png', 3, '', 30, 13),
	(5250, '2023-11-20 20:17:02.532043', '3198', '/media/products/20231120/Omena_2_NqxoS0y.jpg', 3, '', 30, 13),
	(5251, '2023-11-20 20:17:02.532043', '3197', '/media/products/20231120/Omena_OmRUEgI.jpg', 3, '', 30, 13),
	(5252, '2023-11-20 20:17:02.547672', '3196', '/media/products/20231120/other_4wjXN1x.png', 3, '', 30, 13),
	(5253, '2023-11-20 20:17:02.550320', '3195', '/media/products/20231120/kimbo_cooking_fat_36oL6jx.jpeg', 3, '', 30, 13),
	(5254, '2023-11-20 20:17:02.550320', '3194', '/media/products/20231120/cowboy_cocking_fat_5gyBWTE.jpeg', 3, '', 30, 13),
	(5255, '2023-11-20 20:17:02.550320', '3193', '/media/products/20231120/kimbo_cooking_fat_P9OoLKz.jpeg', 3, '', 30, 13),
	(5256, '2023-11-20 20:17:02.550320', '3192', '/media/products/20231120/cowboy_cocking_fat_5kFSR25.jpeg', 3, '', 30, 13),
	(5257, '2023-11-20 20:17:02.565106', '3191', '/media/products/20231120/kimbo_coocking_fat_yUsYye8.jpg', 3, '', 30, 13),
	(5258, '2023-11-20 20:17:02.565106', '3190', '/media/products/20231120/kimbo_cooking_fat_TKiPlxi.jpeg', 3, '', 30, 13),
	(5259, '2023-11-20 20:17:02.565106', '3189', '/media/products/20231120/kimbo_cooking_fat_2lJ7DcB.jpeg', 3, '', 30, 13),
	(5260, '2023-11-20 20:17:02.577335', '3188', '/media/products/20231120/cowboy_cocking_fat_8dkMpT4.jpeg', 3, '', 30, 13),
	(5261, '2023-11-20 20:17:02.581336', '3187', '/media/products/20231120/Koo_Kenya_El4M7O5.jpeg', 3, '', 30, 13),
	(5262, '2023-11-20 20:17:02.584944', '3186', '/media/products/20231120/Tropical_Sweets_JXTYXKt.jpeg', 3, '', 30, 13),
	(5263, '2023-11-20 20:17:02.587943', '3185', '/media/products/20231120/Tropical_Heat_dyZAVFh.jpeg', 3, '', 30, 13),
	(5264, '2023-11-20 20:17:02.591945', '3184', '/media/products/20231120/Tropical_Sweets_dhnICXp.jpeg', 3, '', 30, 13),
	(5265, '2023-11-20 20:17:02.594946', '3183', '/media/products/20231120/Toilet_Paper_SUwCa5O.jpeg', 3, '', 30, 13),
	(5266, '2023-11-20 20:17:02.597943', '3182', '/media/products/20231120/Tropical_Heat_XzF53tv.jpeg', 3, '', 30, 13),
	(5267, '2023-11-20 20:17:02.600942', '3181', '/media/products/20231120/Toilet_Paper_7H1WOJn.jpeg', 3, '', 30, 13),
	(5268, '2023-11-20 20:17:02.603942', '3180', '/media/products/20231120/Tropical_Heat_QSclGOk.jpeg', 3, '', 30, 13),
	(5269, '2023-11-20 20:17:02.607942', '3179', '/media/products/20231120/Royco_2_rsJ7DXu.jpeg', 3, '', 30, 13),
	(5270, '2023-11-20 20:17:02.611624', '3178', '/media/products/20231120/Royco_76HJLi9.jpeg', 3, '', 30, 13),
	(5271, '2023-11-20 20:17:02.614620', '3177', '/media/products/20231120/Royco_2_FHorm4U.jpeg', 3, '', 30, 13),
	(5272, '2023-11-20 20:17:02.617621', '3176', '/media/products/20231120/Royco_EdOl4Nf.jpeg', 3, '', 30, 13),
	(5273, '2023-11-20 20:17:02.620621', '3175', '/media/products/20231120/Matchbox_OfdBhXl.jpeg', 3, '', 30, 13),
	(5274, '2023-11-20 20:17:02.624619', '3174', '/media/products/20231120/Nuvita_Biscuits_HApnE6S.jpg', 3, '', 30, 13),
	(5275, '2023-11-20 20:17:02.628283', '3173', '/media/products/20231120/Nuvita_Biscuits_BkHwCJ3.jpg', 3, '', 30, 13),
	(5276, '2023-11-20 20:17:02.631278', '3172', '/media/products/20231120/Manji_Ginger_Biscuits_8DIh3Et.jpg', 3, '', 30, 13),
	(5277, '2023-11-20 20:17:02.635280', '3171', '/media/products/20231120/Drinking_Chocolate_Bk2eFB4.jpeg', 3, '', 30, 13),
	(5278, '2023-11-20 20:17:02.638278', '3170', '/media/products/20231120/Drinking_Chocolate_2_wSWHk96.jpeg', 3, '', 30, 13),
	(5279, '2023-11-20 20:17:02.641278', '3169', '/media/products/20231120/PK_Chewing_GnKcZU6.jpeg', 3, '', 30, 13),
	(5280, '2023-11-20 20:17:02.644286', '3168', '/media/products/20231120/Fresh_Milk_FF0z7RB.jpg', 3, '', 30, 13),
	(5281, '2023-11-20 20:17:02.650277', '3167', '/media/products/20231120/Fresh_pk_L1l4SdA.jpg', 3, '', 30, 13),
	(5282, '2023-11-20 20:17:02.653278', '3166', '/media/products/20231120/Fresh_Milk_FYLAVka.jpg', 3, '', 30, 13),
	(5283, '2023-11-20 20:17:02.657284', '3165', '/media/products/20231120/Fresh_pk_p2SiFlb.jpg', 3, '', 30, 13),
	(5284, '2023-11-20 20:17:02.661282', '3164', '/media/products/20231120/Fresh_Milk_4wChbtd.jpg', 3, '', 30, 13),
	(5285, '2023-11-20 20:17:02.666281', '3163', '/media/products/20231120/Fresh_pk_8TsC1eH.jpg', 3, '', 30, 13),
	(5286, '2023-11-20 20:17:02.669279', '3162', '/media/products/20231120/Fresh_Milk_TzaR6fC.jpg', 3, '', 30, 13),
	(5287, '2023-11-20 20:17:02.673279', '3161', '/media/products/20231120/Fresh_pk_bWYKSkH.jpg', 3, '', 30, 13),
	(5288, '2023-11-20 20:17:02.677282', '3160', '/media/products/20231120/Lollypop_Big._WAB3cqh.jpeg', 3, '', 30, 13),
	(5289, '2023-11-20 20:17:02.678133', '3159', '/media/products/20231120/Big_Daddy_1_ZeMNNmE.jpeg', 3, '', 30, 13),
	(5290, '2023-11-20 20:17:02.678133', '3158', '/media/products/20231120/Big_Daddy_y86Z1aO.jpeg', 3, '', 30, 13),
	(5291, '2023-11-20 20:17:02.678133', '3157', '/media/products/20231120/Ketepa_tea_8nWHLx8.jpg', 3, '', 30, 13),
	(5292, '2023-11-20 20:17:02.678133', '3156', '/media/products/20231120/Panado_Extra_uYKRl0W.jpeg', 3, '', 30, 13),
	(5293, '2023-11-20 20:17:02.693757', '3155', '/media/products/20231120/Panadol_PQFgDKO.jpeg', 3, '', 30, 13),
	(5294, '2023-11-20 20:17:02.696473', '3154', '/media/products/20231120/Maramoja_5YVV4AF.jpeg', 3, '', 30, 13),
	(5295, '2023-11-20 20:17:02.696473', '3153', '/media/products/20231120/Hedex_7oj6X0O.jpeg', 3, '', 30, 13),
	(5296, '2023-11-20 20:17:02.696473', '3152', '/media/products/20231120/Dormans_QjYO26E.jpeg', 3, '', 30, 13),
	(5297, '2023-11-20 20:17:02.696473', '3151', '/media/products/20231120/Steelwool_7TPkSCG.jpeg', 3, '', 30, 13),
	(5298, '2023-11-20 20:17:02.710375', '3150', '/media/products/20231120/Safari_tea_wxRn5Sb.jpg', 3, '', 30, 13),
	(5299, '2023-11-20 20:17:02.711548', '3149', '/media/products/20231120/tomato_paste_KwoK5MN.jpg', 3, '', 30, 13),
	(5300, '2023-11-20 20:17:02.711548', '3148', '/media/products/20231120/Gilda_Conc.jpeg', 3, '', 30, 13),
	(5301, '2023-11-20 20:17:02.711548', '3147', '/media/products/20231120/Tropical_Heat_mEsg3Fl.jpeg', 3, '', 30, 13),
	(5302, '2023-11-20 20:17:02.711548', '3146', '/media/products/20231120/Baking_Powder_2_VDa8KfI.jpg', 3, '', 30, 13),
	(5303, '2023-11-20 20:17:02.727657', '3145', '/media/products/20231120/Ariel_Powder_6KwwLe0.jpeg', 3, '', 30, 13),
	(5304, '2023-11-20 20:17:02.730658', '3144', '/media/products/20231120/Candles_Sumo_wDHSlsP.jpeg', 3, '', 30, 13),
	(5305, '2023-11-20 20:17:02.734658', '3143', '/media/products/20231120/Colgate_1_dhbEOHH.jpg', 3, '', 30, 13),
	(5306, '2023-11-20 20:17:02.737655', '3142', '/media/products/20231120/Cigarettes_2dUUwnQ.jpeg', 3, '', 30, 13),
	(5307, '2023-11-20 20:17:02.740656', '3141', '/media/products/20231120/Colgate_1_OjLmKhT.jpg', 3, '', 30, 13),
	(5308, '2023-11-20 20:17:02.743740', '3140', '/media/products/20231120/Cigarettes_KYhka5W.jpeg', 3, '', 30, 13),
	(5309, '2023-11-20 20:17:02.744854', '3139', '/media/products/20231120/Arimis_65hkyok.jpeg', 3, '', 30, 13),
	(5310, '2023-11-20 20:17:02.744854', '3138', '/media/products/20231120/ariel_m8yV69n.jpg', 3, '', 30, 13),
	(5311, '2023-11-20 20:17:02.744854', '3137', '/media/products/20231120/Arimis_fdWj3D4.jpeg', 3, '', 30, 13),
	(5312, '2023-11-20 20:17:02.744854', '3136', '/media/products/20231120/ariel_hN1LW56.jpg', 3, '', 30, 13),
	(5313, '2023-11-20 20:17:02.760406', '3135', '/media/products/20231120/Arimis_HS6bFXi.jpeg', 3, '', 30, 13),
	(5314, '2023-11-20 20:17:02.764404', '3134', '/media/products/20231120/ariel_vjUCsye.jpg', 3, '', 30, 13),
	(5315, '2023-11-20 20:17:02.767402', '3133', '/media/products/20231120/other_6MhJoTb.png', 3, '', 30, 13),
	(5316, '2023-11-20 20:17:02.771401', '3132', '/media/products/20231120/Ringoz_UNsCJID.jpeg', 3, '', 30, 13),
	(5317, '2023-11-20 20:17:02.775402', '3131', '/media/products/20231120/Drinking_Chocolate_9RX8LuL.jpeg', 3, '', 30, 13),
	(5318, '2023-11-20 20:17:02.778397', '3130', '/media/products/20231120/Drinking_Chocolate_2_6VZqytd.jpeg', 3, '', 30, 13),
	(5319, '2023-11-20 20:17:02.782397', '3129', '/media/products/20231120/Bites_1_gxglEws.jpg', 3, '', 30, 13),
	(5320, '2023-11-20 20:17:02.785395', '3128', '/media/products/20231120/Bites_2_rM96Gcs.jpg', 3, '', 30, 13),
	(5321, '2023-11-20 20:17:02.789396', '3127', '/media/products/20231120/Nescafe_yvbtRgi.jpeg', 3, '', 30, 13),
	(5322, '2023-11-20 20:17:02.792392', '3126', '/media/products/20231120/Ketepa_tea_PuBtc1Q.jpg', 3, '', 30, 13),
	(5323, '2023-11-20 20:17:02.795397', '3125', '/media/products/20231120/sweets_koo_a2FuGBB.jpg', 3, '', 30, 13),
	(5324, '2023-11-20 20:17:02.797386', '3124', '/media/products/20231120/sweets_h2XXtGb.jpg', 3, '', 30, 13),
	(5325, '2023-11-20 20:17:02.797386', '3123', '/media/products/20231120/Cocoa_Raha_cdTk3oO.jpeg', 3, '', 30, 13),
	(5326, '2023-11-20 20:17:02.797386', '3122', '/media/products/20231120/other_EpYN8Y0.png', 3, '', 30, 13),
	(5327, '2023-11-20 20:17:02.797386', '3121', '/media/products/20231120/Spinach_xSSPbx7.jpeg', 3, '', 30, 13),
	(5328, '2023-11-20 20:17:02.797386', '3120', '/media/products/20231120/Sumoja_Milking_cpydtMU.jpeg', 3, '', 30, 13),
	(5329, '2023-11-20 20:17:02.813012', '3119', '/media/products/20231120/Sukuma_Wiki_ZOcX8Lp.jpeg', 3, '', 30, 13),
	(5330, '2023-11-20 20:17:02.813012', '3118', '/media/products/20231120/Tuliza_axwSAaf.jpeg', 3, '', 30, 13),
	(5331, '2023-11-20 20:17:02.813012', '3117', '/media/products/20231120/Panadol_1wp1Cfx.jpeg', 3, '', 30, 13),
	(5332, '2023-11-20 20:17:10.993155', '3116', '/media/products/20231120/Panado_Extra_dNl3JuJ.jpeg', 3, '', 30, 13),
	(5333, '2023-11-20 20:17:11.002519', '3115', '/media/products/20231120/Sunlight_Powder_5WulRBk.jpeg', 3, '', 30, 13),
	(5334, '2023-11-20 20:17:11.010828', '3114', '/media/products/20231120/Sunlight_Powder_VvOs2bU.jpeg', 3, '', 30, 13),
	(5335, '2023-11-20 20:17:11.010828', '3113', '/media/products/20231120/Colgate_1_9RCrGVO.jpg', 3, '', 30, 13),
	(5336, '2023-11-20 20:17:11.010828', '3112', '/media/products/20231120/Cigarettes_Xnma1zw.jpeg', 3, '', 30, 13),
	(5337, '2023-11-20 20:17:11.010828', '3111', '/media/products/20231120/Colgate_1_iQKHxBW.jpg', 3, '', 30, 13),
	(5338, '2023-11-20 20:17:11.010828', '3110', '/media/products/20231120/Cigarettes_qeQEnlY.jpeg', 3, '', 30, 13),
	(5339, '2023-11-20 20:17:11.026456', '3109', '/media/products/20231120/KDF.jpeg', 3, '', 30, 13),
	(5340, '2023-11-20 20:17:11.029343', '3108', '/media/products/20231120/Glucose_Excel_ElWOLJn.jpeg', 3, '', 30, 13),
	(5341, '2023-11-20 20:17:11.029343', '3107', '/media/products/20231120/Glucose_Excel_Aq7sC4J.jpeg', 3, '', 30, 13),
	(5342, '2023-11-20 20:17:11.029343', '3106', '/media/products/20231120/broilers_ERmDNwy.jpeg', 3, '', 30, 13),
	(5343, '2023-11-20 20:17:11.029343', '3105', '/media/products/20231120/eggs_XZAnsY1.jpg', 3, '', 30, 13),
	(5344, '2023-11-20 20:17:11.044395', '3104', '/media/products/20231120/Nuvita_Biscuits_49jY1UT.jpg', 3, '', 30, 13),
	(5345, '2023-11-20 20:17:11.044395', '3103', '/media/products/20231120/Manji_Ginger_Biscuits_E12kNwY.jpg', 3, '', 30, 13),
	(5346, '2023-11-20 20:17:11.044395', '3102', '/media/products/20231120/Quencher_YzBSN27.jpeg', 3, '', 30, 13),
	(5347, '2023-11-20 20:17:11.044395', '3101', '/media/products/20231120/Quencher_Pineapple_aHFXVWm.jpeg', 3, '', 30, 13),
	(5348, '2023-11-20 20:17:11.060863', '3100', '/media/products/20231120/Softcare_4vZ1qLd.jpg', 3, '', 30, 13),
	(5349, '2023-11-20 20:17:11.060863', '3099', '/media/products/20231120/Softcare_Diaper_yrdOgyy.jpg', 3, '', 30, 13),
	(5350, '2023-11-20 20:17:11.060863', '3098', '/media/products/20231120/Softcare_c2gMFOY.jpg', 3, '', 30, 13),
	(5351, '2023-11-20 20:17:11.060863', '3097', '/media/products/20231120/Softcare_Diaper_PSYLOlq.jpg', 3, '', 30, 13),
	(5352, '2023-11-20 20:17:11.060863', '3096', '/media/products/20231120/Safari_tea_FNqVPw9.jpg', 3, '', 30, 13),
	(5353, '2023-11-20 20:17:11.078150', '3095', '/media/products/20231120/sawa_bath_soap_cEsf7nf.jpg', 3, '', 30, 13),
	(5354, '2023-11-20 20:17:11.081147', '3094', '/media/products/20231120/Safari_tea_BQXAIkB.jpg', 3, '', 30, 13),
	(5355, '2023-11-20 20:17:11.085148', '3093', '/media/products/20231120/sawa_bath_soap_n4DFnOL.jpg', 3, '', 30, 13),
	(5356, '2023-11-20 20:17:11.088149', '3092', '/media/products/20231120/Baking_Powder_U9yMcTf.jpg', 3, '', 30, 13),
	(5357, '2023-11-20 20:17:11.091148', '3091', '/media/products/20231120/Msafi_Powder_oc6lKFK.jpeg', 3, '', 30, 13),
	(5358, '2023-11-20 20:17:11.095331', '3090', '/media/products/20231120/Softcare_gsYyrtC.jpg', 3, '', 30, 13),
	(5359, '2023-11-20 20:17:11.098329', '3089', '/media/products/20231120/Softcare_Diaper_oHb4Ogn.jpg', 3, '', 30, 13),
	(5360, '2023-11-20 20:17:11.101330', '3088', '/media/products/20231120/other_Afp59SX.png', 3, '', 30, 13),
	(5361, '2023-11-20 20:17:11.105331', '3087', '/media/products/20231120/water_spyOwQq.jpeg', 3, '', 30, 13),
	(5362, '2023-11-20 20:17:11.108330', '3086', '/media/products/20231120/other_c0edDiQ.png', 3, '', 30, 13),
	(5363, '2023-11-20 20:17:11.113126', '3085', '/media/products/20231120/Manji_Ginger_Biscuits_9mFZ7UO.jpg', 3, '', 30, 13),
	(5364, '2023-11-20 20:17:11.116131', '3084', '/media/products/20231120/Nuvita_Biscuits_dcLw9pD.jpg', 3, '', 30, 13),
	(5365, '2023-11-20 20:17:11.120125', '3083', '/media/products/20231120/Twiga_Exercise_1jeS5Rg.jpeg', 3, '', 30, 13),
	(5366, '2023-11-20 20:17:11.123870', '3082', '/media/products/20231120/Twiga_Exercise_EvRSK0G.jpeg', 3, '', 30, 13),
	(5367, '2023-11-20 20:17:11.128243', '3081', '/media/products/20231120/Colgate_1_QwmznCI.jpg', 3, '', 30, 13),
	(5368, '2023-11-20 20:17:11.128243', '3080', '/media/products/20231120/Cigarettes_h7Ob0Es.jpeg', 3, '', 30, 13),
	(5369, '2023-11-20 20:17:11.128243', '3079', '/media/products/20231120/Kensalt_Salt_5BVYzHI.jpeg', 3, '', 30, 13),
	(5370, '2023-11-20 20:17:11.128243', '3078', '/media/products/20231120/Kensalt_Salt_5nqYFbS.jpeg', 3, '', 30, 13),
	(5371, '2023-11-20 20:17:11.144187', '3077', '/media/products/20231120/Bic_Razor_DRccNuD.jpeg', 3, '', 30, 13),
	(5372, '2023-11-20 20:17:11.148185', '3076', '/media/products/20231120/other_kNVQn8Y.png', 3, '', 30, 13),
	(5373, '2023-11-20 20:17:11.150011', '3075', '/media/products/20231120/Nescafe_AQOVpYa.jpeg', 3, '', 30, 13),
	(5374, '2023-11-20 20:17:11.150011', '3074', '/media/products/20231120/Family_packet_qrRqYlA.jpeg', 3, '', 30, 13),
	(5375, '2023-11-20 20:17:11.150011', '3073', '/media/products/20231120/Family_packet_JbY8OH3.jpeg', 3, '', 30, 13),
	(5376, '2023-11-20 20:17:11.161829', '3072', '/media/products/20231120/Menthol_King_yWNOVyE.jpeg', 3, '', 30, 13),
	(5377, '2023-11-20 20:17:11.161829', '3071', '/media/products/20231120/Eno.jpeg', 3, '', 30, 13),
	(5378, '2023-11-20 20:17:11.161829', '3070', '/media/products/20231120/Sukuma_Wiki_ZgAd6ss.jpeg', 3, '', 30, 13),
	(5379, '2023-11-20 20:17:11.161829', '3069', '/media/products/20231120/Sumoja_Milking_9N0JSK6.jpeg', 3, '', 30, 13),
	(5380, '2023-11-20 20:17:11.176500', '3068', '/media/products/20231120/kinangop_milk_VVrlaNC.jpeg', 3, '', 30, 13),
	(5381, '2023-11-20 20:17:11.188619', '3067', '/media/products/20231120/Baking_Powder_AADH8gd.jpg', 3, '', 30, 13),
	(5382, '2023-11-20 20:17:11.193624', '3066', '/media/products/20231120/Sunlight_Powder_3ukwtcC.jpeg', 3, '', 30, 13),
	(5383, '2023-11-20 20:17:11.200916', '3065', '/media/products/20231120/other_GgRhB3F.png', 3, '', 30, 13),
	(5384, '2023-11-20 20:17:11.206915', '3064', '/media/products/20231120/Msafi_Powder_cZ5x6Jy.jpeg', 3, '', 30, 13),
	(5385, '2023-11-20 20:17:11.213561', '3063', '/media/products/20231120/msafi_bar_soap_CX4ThIi.jpg', 3, '', 30, 13),
	(5386, '2023-11-20 20:17:11.220559', '3062', '/media/products/20231120/Weetabix_Single_3X3EDgr.jpeg', 3, '', 30, 13),
	(5387, '2023-11-20 20:17:11.226558', '3061', '/media/products/20231120/Nuvita_Biscuits_paCWl0A.jpg', 3, '', 30, 13),
	(5388, '2023-11-20 20:17:11.231898', '3060', '/media/products/20231120/Manji_Ginger_Biscuits_rIemIK7.jpg', 3, '', 30, 13),
	(5389, '2023-11-20 20:17:11.236875', '3059', '/media/products/20231120/toothbrush_Mkhdl5u.jpg', 3, '', 30, 13),
	(5390, '2023-11-20 20:17:11.239877', '3058', '/media/products/20231120/Msafi_Powder_MXyv7WS.jpeg', 3, '', 30, 13),
	(5391, '2023-11-20 20:17:11.243877', '3057', '/media/products/20231120/msafi_bar_soap_hp0uwvc.jpg', 3, '', 30, 13),
	(5392, '2023-11-20 20:17:11.252877', '3056', '/media/products/20231120/other_xW9ZPV2.png', 3, '', 30, 13),
	(5393, '2023-11-20 20:17:11.258877', '3055', '/media/products/20231120/Mosquito_Coil_7bMx8E1.jpeg', 3, '', 30, 13),
	(5394, '2023-11-20 20:17:11.264732', '3054', '/media/products/20231120/water_xIiKD60.jpeg', 3, '', 30, 13),
	(5395, '2023-11-20 20:17:11.268732', '3053', '/media/products/20231120/Nuvita_Biscuits_3JVX9rK.jpg', 3, '', 30, 13),
	(5396, '2023-11-20 20:17:11.272730', '3052', '/media/products/20231120/Nuvita_Biscuits_YbEilwq.jpg', 3, '', 30, 13),
	(5397, '2023-11-20 20:17:11.277712', '3051', '/media/products/20231120/Royco_2.jpeg', 3, '', 30, 13),
	(5398, '2023-11-20 20:17:11.283695', '3050', '/media/products/20231120/Royco_916YSqm.jpeg', 3, '', 30, 13),
	(5399, '2023-11-20 20:17:11.286696', '3049', '/media/products/20231120/other_zRlcSis.png', 3, '', 30, 13),
	(5400, '2023-11-20 20:17:11.290698', '3048', '/media/products/20231120/Toilet_Paper_afCTpMR.jpeg', 3, '', 30, 13),
	(5401, '2023-11-20 20:17:11.296996', '3047', '/media/products/20231120/Sossi_exvJyq2.jpeg', 3, '', 30, 13),
	(5402, '2023-11-20 20:17:11.296996', '3046', '/media/products/20231120/Festive_bread_3xvWnb6.jpg', 3, '', 30, 13),
	(5403, '2023-11-20 20:17:11.296996', '3045', '/media/products/20231120/Indomie_Jumbo_7Q2imlf.jpeg', 3, '', 30, 13),
	(5404, '2023-11-20 20:17:11.296996', '3044', '/media/products/20231120/Bites_1_qOl3iXB.jpg', 3, '', 30, 13),
	(5405, '2023-11-20 20:17:11.311116', '3043', '/media/products/20231120/Eden_tea_MpkdPFn.jpg', 3, '', 30, 13),
	(5406, '2023-11-20 20:17:11.314116', '3042', '/media/products/20231120/Eden_tea_km8H8NH.jpg', 3, '', 30, 13),
	(5407, '2023-11-20 20:17:11.317113', '3041', '/media/products/20231120/Ketepa_tea_hbR7jhV.jpg', 3, '', 30, 13),
	(5408, '2023-11-20 20:17:11.321114', '3040', '/media/products/20231120/other_IgkVr9g.png', 3, '', 30, 13),
	(5409, '2023-11-20 20:17:11.324114', '3039', '/media/products/20231120/Afia_Juice_BDLkpev.jpeg', 3, '', 30, 13),
	(5410, '2023-11-20 20:17:11.327761', '3038', '/media/products/20231120/Afia_Mixed_gOw44H1.jpeg', 3, '', 30, 13),
	(5411, '2023-11-20 20:17:11.330809', '3037', '/media/products/20231120/other_uV6PL7f.png', 3, '', 30, 13),
	(5412, '2023-11-20 20:17:11.333820', '3036', '/media/products/20231120/Novida_HowgzYg.jpeg', 3, '', 30, 13),
	(5413, '2023-11-20 20:17:11.337810', '3035', '/media/products/20231120/Afia_Juice_Hk75Ngt.jpeg', 3, '', 30, 13),
	(5414, '2023-11-20 20:17:11.340810', '3034', '/media/products/20231120/Afia_Mixed_1aJduSC.jpeg', 3, '', 30, 13),
	(5415, '2023-11-20 20:17:11.343044', '3033', '/media/products/20231120/Afia_Juice_1IlZ4y1.jpeg', 3, '', 30, 13),
	(5416, '2023-11-20 20:17:11.343044', '3032', '/media/products/20231120/Afia_Mixed_nVUNrBc.jpeg', 3, '', 30, 13),
	(5417, '2023-11-20 20:17:11.343044', '3031', '/media/products/20231120/Juo_Ukwaju_3yKxE7R.jpeg', 3, '', 30, 13),
	(5418, '2023-11-20 20:17:11.343044', '3030', '/media/products/20231120/Jooz_Orange_hufr0sT.jpeg', 3, '', 30, 13),
	(5419, '2023-11-20 20:17:11.343044', '3029', '/media/products/20231120/Jooz_Orange_0nVRJ2r.jpeg', 3, '', 30, 13),
	(5420, '2023-11-20 20:17:11.360878', '3028', '/media/products/20231120/Afia_Juice_bzhM70e.jpeg', 3, '', 30, 13),
	(5421, '2023-11-20 20:17:11.364879', '3027', '/media/products/20231120/minute_maid_1Q81wIB.jpg', 3, '', 30, 13),
	(5422, '2023-11-20 20:17:11.367877', '3026', '/media/products/20231120/Afia_Juice_i1KVmqF.jpeg', 3, '', 30, 13),
	(5423, '2023-11-20 20:17:11.371884', '3025', '/media/products/20231120/tomatoes_PB5XQZY.jpg', 3, '', 30, 13),
	(5424, '2023-11-20 20:17:11.374879', '3024', '/media/products/20231120/other_E3SIgmk.png', 3, '', 30, 13),
	(5425, '2023-11-20 20:17:11.378493', '3023', '/media/products/20231120/Chilli_Lemon_c2BlorI.jpeg', 3, '', 30, 13),
	(5426, '2023-11-20 20:17:11.381491', '3022', '/media/products/20231120/other_G4uBNVx.png', 3, '', 30, 13),
	(5427, '2023-11-20 20:17:11.385492', '3021', '/media/products/20231120/crisps_assorted_fn7chnt.jpg', 3, '', 30, 13),
	(5428, '2023-11-20 20:17:11.388493', '3020', '/media/products/20231120/sugar_NNZRiyV.jpeg', 3, '', 30, 13),
	(5429, '2023-11-20 20:17:11.391491', '3019', '/media/products/20231120/other_E3vuTsA.png', 3, '', 30, 13),
	(5430, '2023-11-20 20:17:11.393043', '3018', '/media/products/20231120/Baking_Powder_2_XXZZ7Qp.jpg', 3, '', 30, 13),
	(5431, '2023-11-20 20:17:11.393043', '3017', '/media/products/20231120/Baking_Powder_4Uc0dd9.jpg', 3, '', 30, 13),
	(5432, '2023-11-20 20:17:11.393043', '3016', '/media/products/20231120/kinangop_milk_7EbUxhq.jpeg', 3, '', 30, 13),
	(5433, '2023-11-20 20:17:11.393043', '3015', '/media/products/20231120/Champ_Mango_QAhO3xd.jpeg', 3, '', 30, 13),
	(5434, '2023-11-20 20:17:11.393043', '3014', '/media/products/20231120/other_bhjMIqu.png', 3, '', 30, 13),
	(5435, '2023-11-20 20:17:11.408670', '3013', '/media/products/20231120/Nuvita_Biscuits_xyQFvGP.jpg', 3, '', 30, 13),
	(5436, '2023-11-20 20:17:11.408670', '3012', '/media/products/20231120/other_yvZ6849.png', 3, '', 30, 13),
	(5437, '2023-11-20 20:17:11.408670', '3011', '/media/products/20231120/other_fMgLCLG.png', 3, '', 30, 13),
	(5438, '2023-11-20 20:17:11.408670', '3010', '/media/products/20231120/Predator_WRmMHP2.jpeg', 3, '', 30, 13),
	(5439, '2023-11-20 20:17:11.424292', '3009', '/media/products/20231120/Fresh_Milk_3_AMVEwRH.jpg', 3, '', 30, 13),
	(5440, '2023-11-20 20:17:11.424292', '3008', '/media/products/20231120/Fresh_Milk_-_Kabete_Dairies_OFaUigL.jpeg', 3, '', 30, 13),
	(5441, '2023-11-20 20:17:11.424292', '3007', '/media/products/20231120/blueband2_QKX402U.jpeg', 3, '', 30, 13),
	(5442, '2023-11-20 20:17:11.424292', '3006', '/media/products/20231120/blueband_pjmYsNK.jpeg', 3, '', 30, 13),
	(5443, '2023-11-20 20:17:11.439919', '3005', '/media/products/20231120/Jam.jpeg', 3, '', 30, 13),
	(5444, '2023-11-20 20:17:11.439919', '3004', '/media/products/20231120/blueband2_Tq7zSbY.jpeg', 3, '', 30, 13),
	(5445, '2023-11-20 20:17:11.439919', '3003', '/media/products/20231120/blueband_eSOlaoz.jpeg', 3, '', 30, 13),
	(5446, '2023-11-20 20:17:11.439919', '3002', '/media/products/20231120/Spaghetti_Daawat_Pfr1HFo.jpeg', 3, '', 30, 13),
	(5447, '2023-11-20 20:17:11.455543', '3001', '/media/products/20231120/Colgate_1_h6QXTNv.jpg', 3, '', 30, 13),
	(5448, '2023-11-20 20:17:11.455543', '3000', '/media/products/20231120/Colgate_8SDFacS.jpg', 3, '', 30, 13),
	(5449, '2023-11-20 20:17:11.455543', '2999', '/media/products/20231120/Colgate_1_tel4rOG.jpg', 3, '', 30, 13),
	(5450, '2023-11-20 20:17:11.455543', '2998', '/media/products/20231120/Colgate_cBUzTl4.jpg', 3, '', 30, 13),
	(5451, '2023-11-20 20:17:11.455543', '2997', '/media/products/20231120/Softcare_Diaper_KQYOFnD.jpg', 3, '', 30, 13),
	(5452, '2023-11-20 20:17:11.471171', '2996', '/media/products/20231120/Softcare_nTgGknE.jpg', 3, '', 30, 13),
	(5453, '2023-11-20 20:17:11.471171', '2995', '/media/products/20231120/Fresh_Milk_2_mmktrDa.jpg', 3, '', 30, 13),
	(5454, '2023-11-20 20:17:11.471171', '2994', '/media/products/20231120/Fresh_Milk_3_qq33F9k.jpg', 3, '', 30, 13),
	(5455, '2023-11-20 20:17:11.486794', '2993', '/media/products/20231120/Afia_Mixed.jpeg', 3, '', 30, 13),
	(5456, '2023-11-20 20:17:11.486794', '2992', '/media/products/20231120/Afia_Juice_cklJftT.jpeg', 3, '', 30, 13),
	(5457, '2023-11-20 20:17:11.486794', '2991', '/media/products/20231120/Quencher_3RgNd0S.jpeg', 3, '', 30, 13),
	(5458, '2023-11-20 20:17:11.486794', '2990', '/media/products/20231120/Quencher_Pineapple_F8oHjdB.jpeg', 3, '', 30, 13),
	(5459, '2023-11-20 20:17:11.502419', '2989', '/media/products/20231120/Quencher_4NmC0Gu.jpeg', 3, '', 30, 13),
	(5460, '2023-11-20 20:17:11.502419', '2988', '/media/products/20231120/Quencher_Pineapple_Fn4MrD4.jpeg', 3, '', 30, 13),
	(5461, '2023-11-20 20:17:11.508575', '2987', '/media/products/20231120/Unga_Chapati_r9BojD7.jpeg', 3, '', 30, 13),
	(5462, '2023-11-20 20:17:11.513023', '2986', '/media/products/20231120/Unga_Chapati_Ajab_8lzibGL.jpeg', 3, '', 30, 13),
	(5463, '2023-11-20 20:17:11.516302', '2985', '/media/products/20231120/softcare_baby_wipes_7keEOtz.jpg', 3, '', 30, 13),
	(5464, '2023-11-20 20:17:11.520302', '2984', '/media/products/20231120/bella_baby_wipes_zvhK6Bv.jpg', 3, '', 30, 13),
	(5465, '2023-11-20 20:17:11.523300', '2983', '/media/products/20231120/biryani_rice_2_MZ4uqBI.jpg', 3, '', 30, 13),
	(5466, '2023-11-20 20:17:11.526301', '2982', '/media/products/20231120/biryani_rice_HaJ0ou9.jpg', 3, '', 30, 13),
	(5467, '2023-11-20 20:17:11.530302', '2981', '/media/products/20231120/biryani_rice_2_5u9WEJ0.jpg', 3, '', 30, 13),
	(5468, '2023-11-20 20:17:11.533301', '2980', '/media/products/20231120/biryani_rice_VYmE82M.jpg', 3, '', 30, 13),
	(5469, '2023-11-20 20:17:11.537301', '2979', '/media/products/20231120/biryani_rice_2_5RxKRDv.jpg', 3, '', 30, 13),
	(5470, '2023-11-20 20:17:11.540303', '2978', '/media/products/20231120/biryani_rice_69cIfJQ.jpg', 3, '', 30, 13),
	(5471, '2023-11-20 20:17:11.543948', '2977', '/media/products/20231120/Baking_Powder_HFN59LK.jpg', 3, '', 30, 13),
	(5472, '2023-11-20 20:17:11.546947', '2976', '/media/products/20231120/Msafi_Powder_dWE9pT5.jpeg', 3, '', 30, 13),
	(5473, '2023-11-20 20:17:11.550948', '2975', '/media/products/20231120/Always_2_aVLNSR2.jpg', 3, '', 30, 13),
	(5474, '2023-11-20 20:17:11.553950', '2974', '/media/products/20231120/Always_bqwARYj.jpg', 3, '', 30, 13),
	(5475, '2023-11-20 20:17:11.556949', '2973', '/media/products/20231120/Ngumu_tbdRpGI.jpeg', 3, '', 30, 13),
	(5476, '2023-11-20 20:17:11.560332', '2972', '/media/products/20231120/Mandazi_mQkWG2O.jpeg', 3, '', 30, 13),
	(5477, '2023-11-20 20:17:11.566100', '2971', '/media/products/20231120/Bread_jTfun6q.jpg', 3, '', 30, 13),
	(5478, '2023-11-20 20:17:11.570094', '2970', '/media/products/20231120/other_ZQRZ62p.png', 3, '', 30, 13),
	(5479, '2023-11-20 20:17:11.573094', '2969', '/media/products/20231120/water.jpeg', 3, '', 30, 13),
	(5480, '2023-11-20 20:17:11.576094', '2968', '/media/products/20231120/other_Fz9NFwj.png', 3, '', 30, 13),
	(5481, '2023-11-20 20:17:11.582097', '2967', '/media/products/20231120/Ndengu_km7vhkK.jpeg', 3, '', 30, 13),
	(5482, '2023-11-20 20:17:11.585096', '2966', '/media/products/20231120/blueband2_FuJAC4D.jpeg', 3, '', 30, 13),
	(5483, '2023-11-20 20:17:11.589135', '2965', '/media/products/20231120/blueband_D2wBVDr.jpeg', 3, '', 30, 13),
	(5484, '2023-11-20 20:17:11.593382', '2964', '/media/products/20231120/fresh_fri_oil_55mWirK.jpg', 3, '', 30, 13),
	(5485, '2023-11-20 20:17:11.600382', '2963', '/media/products/20231120/imported_rice_js530OP.jpg', 3, '', 30, 13),
	(5486, '2023-11-20 20:17:11.603383', '2962', '/media/products/20231120/Premium_Pishori_Rice_JKVAHZv.jpeg', 3, '', 30, 13),
	(5487, '2023-11-20 20:17:11.607382', '2961', '/media/products/20231120/Sunlight_Powder_gY1Y5gX.jpeg', 3, '', 30, 13),
	(5488, '2023-11-20 20:17:11.610385', '2960', '/media/products/20231120/imported_rice_SZV2JWk.jpg', 3, '', 30, 13),
	(5489, '2023-11-20 20:17:11.613384', '2959', '/media/products/20231120/Premium_Pishori_Rice_rt3z66T.jpeg', 3, '', 30, 13),
	(5490, '2023-11-20 20:17:11.614775', '2958', '/media/products/20231120/imported_rice_KmWky0m.jpg', 3, '', 30, 13),
	(5491, '2023-11-20 20:17:11.614775', '2957', '/media/products/20231120/Premium_Pishori_Rice_h61RMKv.jpeg', 3, '', 30, 13),
	(5492, '2023-11-20 20:17:11.614775', '2956', '/media/products/20231120/Msafi_Powder_bTpiVVu.jpeg', 3, '', 30, 13),
	(5493, '2023-11-20 20:17:11.627156', '2955', '/media/products/20231120/msafi_bar_soap_u7cv4mh.jpg', 3, '', 30, 13),
	(5494, '2023-11-20 20:17:11.631160', '2954', '/media/products/20231120/yoghurt_H3nBPHF.jpg', 3, '', 30, 13),
	(5495, '2023-11-20 20:17:11.634154', '2953', '/media/products/20231120/kimbo_coocking_fat_GKLghxt.jpg', 3, '', 30, 13),
	(5496, '2023-11-20 20:17:11.637156', '2952', '/media/products/20231120/kimbo_cooking_fat_f6F3Ldb.jpeg', 3, '', 30, 13),
	(5497, '2023-11-20 20:17:11.641156', '2951', '/media/products/20231120/Unga_Ugali_jogoo_eVjrMq5.jpeg', 3, '', 30, 13),
	(5498, '2023-11-20 20:17:11.644814', '2950', '/media/products/20231120/Unga_Ugali_jembe_vdxLFZA.jpeg', 3, '', 30, 13),
	(5499, '2023-11-20 20:17:11.644814', '2949', '/media/products/20231120/Quencher.jpeg', 3, '', 30, 13),
	(5500, '2023-11-20 20:17:11.644814', '2948', '/media/products/20231120/Quencher_Pineapple_GHH0BA6.jpeg', 3, '', 30, 13),
	(5501, '2023-11-20 20:17:11.644814', '2947', '/media/products/20231120/Unga_Ugali_jogoo_t4LZ6Qd.jpeg', 3, '', 30, 13),
	(5502, '2023-11-20 20:17:11.670392', '2946', '/media/products/20231120/Unga_Ugali_jembe_IEMFNXY.jpeg', 3, '', 30, 13),
	(5503, '2023-11-20 20:17:11.673401', '2945', '/media/products/20231120/Yellow_Beans_sYn0q6L.jpeg', 3, '', 30, 13),
	(5504, '2023-11-20 20:17:11.676511', '2944', '/media/products/20231120/Savannah_Cocopine_XPkGUU5.jpeg', 3, '', 30, 13),
	(5505, '2023-11-20 20:17:11.678623', '2943', '/media/products/20231120/other_9FXBSHu.png', 3, '', 30, 13),
	(5506, '2023-11-20 20:17:11.678623', '2942', '/media/products/20231120/Pishori_rice_XeMXPla.jpg', 3, '', 30, 13),
	(5507, '2023-11-20 20:17:11.678623', '2941', '/media/products/20231120/Premium_Pishori_Rice_8PhxE8p.jpeg', 3, '', 30, 13),
	(5508, '2023-11-20 20:17:11.678623', '2940', '/media/products/20231120/Pishori_rice_NTbdWdy.jpg', 3, '', 30, 13),
	(5509, '2023-11-20 20:17:11.678623', '2939', '/media/products/20231120/Premium_Pishori_Rice_ZV9lvZB.jpeg', 3, '', 30, 13),
	(5510, '2023-11-20 20:17:11.695709', '2938', '/media/products/20231120/Pishori_rice_YgoZm5W.jpg', 3, '', 30, 13),
	(5511, '2023-11-20 20:17:11.699710', '2937', '/media/products/20231120/Premium_Pishori_Rice_fJvzK27.jpeg', 3, '', 30, 13),
	(5512, '2023-11-20 20:17:11.702714', '2936', '/media/products/20231120/Unga_Chapati_F2kiVjN.jpeg', 3, '', 30, 13),
	(5513, '2023-11-20 20:17:11.705795', '2935', '/media/products/20231120/Unga_Chapati_Ajab_Dnx0XEy.jpeg', 3, '', 30, 13),
	(5514, '2023-11-20 20:17:11.708794', '2934', '/media/products/20231120/sugar_VgpGGJs.jpeg', 3, '', 30, 13),
	(5515, '2023-11-20 20:17:11.711037', '2933', '/media/products/20231120/Baking_Powder_pMeccWg.jpg', 3, '', 30, 13),
	(5516, '2023-11-20 20:17:11.711037', '2932', '/media/products/20231120/Msafi_Powder_i6Gm1FC.jpeg', 3, '', 30, 13),
	(5517, '2023-11-20 20:17:11.711037', '2931', '/media/products/20231120/Baking_Powder_vrwxsV6.jpg', 3, '', 30, 13),
	(5518, '2023-11-20 20:17:11.711037', '2930', '/media/products/20231120/Msafi_Powder_R4BuTZ2.jpeg', 3, '', 30, 13),
	(5519, '2023-11-20 20:17:11.726441', '2929', '/media/products/20231120/Kamande_2_nA5JtRz.jpg', 3, '', 30, 13),
	(5520, '2023-11-20 20:17:11.730141', '2928', '/media/products/20231120/Kamande_JnLHkZe.jpg', 3, '', 30, 13),
	(5521, '2023-11-20 20:17:11.736371', '2927', '/media/products/20231120/Arimis_t8k0M3W.jpeg', 3, '', 30, 13),
	(5522, '2023-11-20 20:17:11.740306', '2926', '/media/products/20231120/Honey_1_KLBzZXw.jpeg', 3, '', 30, 13),
	(5523, '2023-11-20 20:17:11.744485', '2925', '/media/products/20231120/Honey_2_1LpPm7k.jpeg', 3, '', 30, 13),
	(5524, '2023-11-20 20:17:11.744485', '2924', '/media/products/20231120/blueband2_Zmre45o.jpeg', 3, '', 30, 13),
	(5525, '2023-11-20 20:17:11.744485', '2923', '/media/products/20231120/blueband_ZlIqtY8.jpeg', 3, '', 30, 13),
	(5526, '2023-11-20 20:17:11.744485', '2922', '/media/products/20231120/kimbo_coocking_fat_VX5CfF7.jpg', 3, '', 30, 13),
	(5527, '2023-11-20 20:17:11.760110', '2921', '/media/products/20231120/kimbo_cooking_fat_au64Z1r.jpeg', 3, '', 30, 13),
	(5528, '2023-11-20 20:17:11.763664', '2920', '/media/products/20231120/fresh_fri_oil_kZSAVdQ.jpg', 3, '', 30, 13),
	(5529, '2023-11-20 20:17:11.767052', '2919', '/media/products/20231120/Sausages_0MeCe3U.jpeg', 3, '', 30, 13),
	(5530, '2023-11-20 20:17:11.771007', '2918', '/media/products/20231120/Honey_1_DDSbLVk.jpeg', 3, '', 30, 13),
	(5531, '2023-11-20 20:17:11.775046', '2917', '/media/products/20231120/Honey_2_sUK4TwC.jpeg', 3, '', 30, 13),
	(5532, '2023-11-20 20:17:11.777743', '2916', '/media/products/20231120/other_wB3vehq.png', 3, '', 30, 13),
	(5533, '2023-11-20 20:17:11.777743', '2915', '/media/products/20231120/other_zznLbeb.png', 3, '', 30, 13),
	(5534, '2023-11-20 20:17:11.777743', '2914', '/media/products/20231120/broilers_D6qK1GW.jpeg', 3, '', 30, 13),
	(5535, '2023-11-20 20:17:11.777743', '2913', '/media/products/20231120/broilers_UJgCnmB.jpeg', 3, '', 30, 13),
	(5536, '2023-11-20 20:17:11.793369', '2912', '/media/products/20231120/broilers_JRh1UnU.jpeg', 3, '', 30, 13),
	(5537, '2023-11-20 20:17:11.797959', '2911', '/media/products/20231120/blueband2_Uf9QzKn.jpeg', 3, '', 30, 13),
	(5538, '2023-11-20 20:17:11.801795', '2910', '/media/products/20231120/blueband_BIBktzi.jpeg', 3, '', 30, 13),
	(5539, '2023-11-20 20:17:11.805776', '2909', '/media/products/20231120/Honey_1_cnqYP15.jpeg', 3, '', 30, 13),
	(5540, '2023-11-20 20:17:11.810075', '2908', '/media/products/20231120/Honey_2_Wx0hEuH.jpeg', 3, '', 30, 13),
	(5541, '2023-11-20 20:25:08.719101', '1', 'Front Store Settings', 2, '[{"changed": {"fields": ["Slider products"]}}]', 40, 13),
	(5542, '2023-11-21 15:33:32.750871', '17', 'janedoe@user.com', 1, '[{"added": {}}]', 7, 13),
	(5543, '2023-11-21 15:33:57.100644', '1', 'janedoe', 1, '[{"added": {}}]', 15, 13),
	(5544, '2023-11-21 15:34:13.033531', '33', 'PYU9ZNEVWT', 2, '[{"changed": {"fields": ["Sales type", "Attendant"]}}]', 19, 13),
	(5545, '2023-11-21 15:34:13.049305', '32', 'F57282G78', 2, '[{"changed": {"fields": ["Sales type", "Attendant"]}}]', 19, 13),
	(5546, '2023-11-21 15:34:13.049305', '31', 'R56425627G', 2, '[{"changed": {"fields": ["Sales type", "Attendant"]}}]', 19, 13),
	(5547, '2023-11-21 15:36:29.755593', '31', 'R56425627G', 2, '[{"changed": {"fields": ["Sales type"]}}]', 19, 13),
	(5548, '2023-11-21 15:36:37.406510', '32', 'F57282G78', 2, '[{"changed": {"fields": ["Sales type"]}}]', 19, 13),
	(5549, '2023-11-21 15:50:44.047186', '32', 'F57282G78', 2, '[{"changed": {"fields": ["Sales type"]}}]', 19, 13),
	(5550, '2023-11-21 15:50:44.047186', '31', 'R56425627G', 2, '[{"changed": {"fields": ["Sales type"]}}]', 19, 13),
	(5551, '2023-11-21 15:50:56.646662', '32', 'F57282G78', 2, '[{"changed": {"fields": ["Paymethod"]}}]', 19, 13),
	(5552, '2023-11-21 15:50:56.663561', '31', 'R56425627G', 2, '[{"changed": {"fields": ["Paymethod"]}}]', 19, 13),
	(5553, '2023-11-21 15:55:53.641661', '32', 'F57282G78', 2, '[{"changed": {"fields": ["Paymethod", "Sales type"]}}]', 19, 13),
	(5554, '2023-11-21 15:55:53.641661', '31', 'R56425627G', 2, '[{"changed": {"fields": ["Paymethod", "Sales type"]}}]', 19, 13),
	(5555, '2023-11-23 17:25:28.297928', '1', 'Front Store Settings', 2, '[{"changed": {"fields": ["Slider products"]}}]', 40, 13),
	(5556, '2023-11-27 19:54:55.002682', '1260', 'Pork - Ribs/Chops', 2, '[{"added": {"name": "product images", "object": "/media/products/20231127/slider2.jpg"}}]', 25, 13),
	(5557, '2023-11-27 19:55:13.606317', '1259', 'Ordinary Cuts', 2, '[{"added": {"name": "product images", "object": "/media/products/20231127/slider3.jpg"}}]', 25, 13),
	(5558, '2023-11-27 19:55:52.562671', '1', 'Front Store Settings', 2, '[{"changed": {"fields": ["Slider products"]}}]', 40, 13),
	(5559, '2023-11-27 19:57:30.609094', '2329', 'Pork - Ribs/Chops (3)', 2, '[{"changed": {"fields": ["Slider image"]}}]', 36, 13),
	(5560, '2023-11-27 19:57:59.206892', '2328', 'Ordinary Cuts (2)', 2, '[{"changed": {"fields": ["Slider image"]}}]', 36, 13),
	(5561, '2023-11-27 20:31:57.503707', '1261', 'Bar Soap 123', 1, '[{"added": {}}, {"added": {"name": "product images", "object": "/media/products/20231127/slider2_BF8VOd4.jpg"}}, {"added": {"name": "product images", "object": "/media/products/20231127/slider3_IBzn9Ke.jpg"}}, {"added": {"name": "Size Variation", "object": "5 g"}}, {"added": {"name": "Size Variation", "object": "10 g"}}]', 25, 13),
	(5562, '2023-11-27 20:35:29.462878', '87', 'sacks', 1, '[{"added": {}}]', 27, 13),
	(5563, '2023-11-27 20:36:54.552512', '1261', 'Bar Soap 123', 2, '[{"added": {"name": "Size Variation", "object": "4 kg"}}, {"changed": {"name": "Size Variation", "object": "1 sacks", "fields": ["Size", "Unit", "Unit price", "Retail price"]}}, {"changed": {"name": "Size Variation", "object": "8 kg", "fields": ["Size", "Unit", "Unit price", "Retail price"]}}]', 25, 13),
	(5564, '2023-11-27 20:40:38.633777', '1261', 'Bar Soap 123', 2, '[{"changed": {"name": "Size Variation", "object": "8 sacks", "fields": ["Size"]}}, {"deleted": {"name": "Size Variation", "object": "8 kg"}}, {"deleted": {"name": "Size Variation", "object": "4 kg"}}]', 25, 13),
	(5565, '2023-11-27 20:43:15.810505', '1261', 'Bar Soap 123', 2, '[{"added": {"name": "Size Variation", "object": "100 kg"}}, {"changed": {"name": "Size Variation", "object": "6 sacks", "fields": ["Size"]}}]', 25, 13),
	(5566, '2023-11-27 20:45:11.194921', '2340', 'Bar Soap 123 (6)', 1, '[{"added": {}}]', 36, 13),
	(5567, '2023-11-27 20:46:26.923701', '2341', 'Bar Soap 123 (100)', 1, '[{"added": {}}]', 36, 13),
	(5568, '2023-12-18 08:59:26.606014', '2', 'Front Store Settings', 1, '[{"added": {}}]', 42, 13),
	(5569, '2023-12-18 08:59:35.873846', '3', 'Front Store Settings', 1, '[{"added": {}}]', 42, 13),
	(5570, '2023-12-18 08:59:44.304362', '4', 'Front Store Settings', 1, '[{"added": {}}]', 42, 13),
	(5571, '2023-12-18 08:59:53.943692', '5', 'Front Store Settings', 1, '[{"added": {}}]', 42, 13),
	(5572, '2023-12-18 09:01:11.945869', '5', 'Front Store Settings', 2, '[{"changed": {"fields": ["Slider text"]}}]', 42, 13),
	(5573, '2023-12-18 09:01:11.948838', '4', 'Front Store Settings', 2, '[{"changed": {"fields": ["Slider text"]}}]', 42, 13),
	(5574, '2023-12-18 09:01:11.949837', '3', 'Front Store Settings', 2, '[{"changed": {"fields": ["Slider text"]}}]', 42, 13),
	(5575, '2023-12-18 09:01:11.951890', '2', 'Front Store Settings', 2, '[{"changed": {"fields": ["Slider text"]}}]', 42, 13),
	(5576, '2023-12-18 09:01:11.958839', '1', 'Front Store Settings', 2, '[{"changed": {"fields": ["Slider text", "Slider image"]}}]', 42, 13),
	(5577, '2023-12-18 09:20:00.809564', '5', 'Front Store Settings', 2, '[{"changed": {"fields": ["Slider image"]}}]', 42, 13),
	(5578, '2023-12-18 16:30:36.857728', '1', 'codevertexitsolutions@gmail.com', 1, '[{"added": {}}]', 45, 13),
	(5579, '2023-12-18 17:17:11.662600', '1', 'codevertexitsolutions@gmail.com', 2, '[{"changed": {"fields": ["Email port"]}}]', 45, 13),
	(5580, '2023-12-18 17:17:26.044688', '18', 'titusowuor30@gmail.com', 3, '', 7, 13),
	(5581, '2023-12-18 17:25:18.047119', '19', 'titusowuor30@gmail.com', 3, '', 7, 13),
	(5582, '2023-12-18 17:31:04.291363', '22', 'titusowuor30@gmail.com', 3, '', 7, 13),
	(5583, '2023-12-18 17:52:30.966442', '1', 'mall@bengohub.co.ke', 2, '[{"changed": {"fields": ["From email", "Email password", "Email host", "Email port"]}}]', 45, 13),
	(5584, '2023-12-18 17:52:46.515064', '23', 'titusowuor30@gmail.com', 3, '', 7, 13),
	(5585, '2023-12-18 18:05:16.728231', '1', 'codevertexitsolutions@gmail.com', 2, '[{"changed": {"fields": ["From email", "Email password", "Email host", "Email port"]}}]', 45, 13),
	(5586, '2023-12-18 18:17:19.881709', '24', 'titusowuor30@gmail.com', 3, '', 7, 13),
	(5587, '2023-12-18 18:31:22.389899', '1', 'codevertexitsolutions@gmail.com', 2, '[{"changed": {"fields": ["Email password"]}}]', 45, 13),
	(5588, '2023-12-18 18:31:47.399290', '25', 'titusowuor30@gmail.com', 3, '', 7, 13),
	(5589, '2023-12-18 18:36:46.563472', '26', 'titusowuor30@gmail.com', 3, '', 7, 13),
	(5590, '2023-12-18 18:58:04.598967', '27', 'titusowuor30@gmail.com', 3, '', 7, 13),
	(5591, '2023-12-18 18:59:31.550331', '28', 'titusowuor30@gmail.com', 3, '', 7, 13),
	(5592, '2023-12-18 19:01:47.956927', '29', 'titusowuor30@gmail.com', 3, '', 7, 13),
	(5593, '2023-12-18 19:04:48.106219', '30', 'titusowuor30@gmail.com', 3, '', 7, 13),
	(5594, '2023-12-18 19:19:43.444912', '32', 'titusowuor30@gmail.com', 3, '', 7, 13),
	(5595, '2023-12-18 19:26:58.555628', '34', 'titusowuor30@gmail.com', 3, '', 7, 13),
	(5596, '2023-12-18 19:33:28.140438', '35', 'titusowuor30@gmail.com', 2, '[{"changed": {"fields": ["Is active"]}}]', 7, 13),
	(5597, '2023-12-18 19:51:49.030052', '35', 'titusowuor30@gmail.com', 3, '', 7, 13),
	(5598, '2023-12-18 19:56:39.061122', '1', 'http://127.0.0.1:8080/login', 2, '[{"changed": {"fields": ["Domain name"]}}]', 46, 13),
	(5599, '2023-12-19 18:06:34.519723', '1', 'Our latest brands', 1, '[{"added": {}}, {"added": {"name": "Blog Post", "object": "Yogis Branded bags"}}]', 43, 13),
	(5600, '2023-12-19 19:00:51.636770', '1', 'Front Store Settings', 1, '[{"added": {}}]', 42, 13),
	(5601, '2023-12-19 19:01:14.834223', '2', 'Front Store Settings', 1, '[{"added": {}}]', 42, 13),
	(5602, '2023-12-19 19:01:43.116518', '3', 'Front Store Settings', 1, '[{"added": {}}]', 42, 13),
	(5603, '2023-12-19 19:11:46.465954', '1', 'Our latest brands', 2, '[{"changed": {"fields": ["Author"]}}]', 43, 13),
	(5604, '2023-12-19 19:15:07.593353', '1', 'Yuletide Zen: Finding Balance in Festivity', 2, '[{"changed": {"fields": ["Title"]}}]', 43, 13),
	(5605, '2023-12-19 19:18:20.412725', '1', 'Yuletide Zen: Finding Balance in Festivity', 2, '[]', 43, 13),
	(5606, '2023-12-19 19:19:15.210368', '2', 'Nurturing Wellness: A December Retreat', 1, '[{"added": {}}]', 43, 13),
	(5607, '2023-12-19 19:19:53.539312', '3', 'Unwrap Joy: Yogi\'s Delight Gift Guide 2023', 1, '[{"added": {}}]', 43, 13),
	(5608, '2023-12-19 19:19:58.239824', '3', 'Unwrap Joy: Yogi\'s Delight Gift Guide 2023', 2, '[{"changed": {"fields": ["Published"]}}]', 43, 13),
	(5609, '2023-12-19 19:23:01.980686', '1', 'Yuletide Zen: Finding Balance in Festivity', 2, '[{"changed": {"fields": ["Featured image"]}}, {"deleted": {"name": "Blog Post", "object": "Celestial Comfort: Luna Yoga Mat"}}]', 43, 13),
	(5610, '2023-12-19 19:23:57.842336', '2', 'Nurturing Wellness: A December Retreat', 2, '[{"changed": {"fields": ["Featured image"]}}, {"added": {"name": "Blog Post", "object": "Harmony in Threads: Serenity Sweater Collection"}}]', 43, 13),
	(5611, '2023-12-19 19:24:59.284242', '3', 'Unwrap Joy: Yogi\'s Delight Gift Guide 2023', 2, '[{"changed": {"fields": ["Featured image"]}}, {"added": {"name": "Blog Post", "object": "Essence of Tranquility: Aromatherapy Diffuser Set"}}]', 43, 13),
	(5612, '2023-12-19 20:07:57.036238', '1', 'admin@bengohub.co.ke', 1, '[{"added": {}}]', 47, 13),
	(5613, '2023-12-19 20:08:02.945665', '1', 'janedoe@user.com', 2, '[{"changed": {"fields": ["User"]}}]', 47, 13),
	(5614, '2023-12-19 20:26:50.122459', '1', 'janedoe@user.com', 3, '', 47, 13),
	(5615, '2023-12-19 20:29:58.658694', '1', 'Yuletide Zen: Finding Balance in Festivity', 2, '[{"added": {"name": "Blog Post", "object": "Celestial Comfort: Luna Yoga Mat"}}]', 43, 13),
	(5616, '2023-12-19 20:30:50.773473', '2', 'janedoe@user.com', 1, '[{"added": {}}]', 47, 13);

-- Dumping structure for table bengomall.django_content_type
CREATE TABLE IF NOT EXISTS `django_content_type` (
  `id` int NOT NULL AUTO_INCREMENT,
  `app_label` varchar(100) NOT NULL,
  `model` varchar(100) NOT NULL,
  PRIMARY KEY (`id`),
  UNIQUE KEY `django_content_type_app_label_model_76bd3d3b_uniq` (`app_label`,`model`)
) ENGINE=InnoDB AUTO_INCREMENT=48 DEFAULT CHARSET=utf8mb4 COLLATE=utf8mb4_0900_ai_ci;

-- Dumping data for table bengomall.django_content_type: ~47 rows (approximately)
INSERT IGNORE INTO `django_content_type` (`id`, `app_label`, `model`) VALUES
	(1, 'admin', 'logentry'),
	(3, 'auth', 'group'),
	(2, 'auth', 'permission'),
	(6, 'authmanagement', 'emailconfig'),
	(7, 'authmanagement', 'myuser'),
	(9, 'authtoken', 'token'),
	(10, 'authtoken', 'tokenproxy'),
	(8, 'cart', 'cart'),
	(4, 'contenttypes', 'contenttype'),
	(43, 'core', 'blog'),
	(47, 'core', 'comments'),
	(45, 'core', 'emailconfig'),
	(42, 'core', 'frontstore'),
	(44, 'core', 'post'),
	(17, 'human_resource', 'addressbook'),
	(11, 'human_resource', 'businessaddress'),
	(16, 'human_resource', 'customer'),
	(12, 'human_resource', 'deliveryregions'),
	(15, 'human_resource', 'employee'),
	(14, 'human_resource', 'pickupstations'),
	(13, 'human_resource', 'supplier'),
	(35, 'order', 'invoice'),
	(33, 'order', 'order'),
	(34, 'order', 'orderitem'),
	(18, 'paymentApps', 'transactions'),
	(19, 'pos', 'sales'),
	(22, 'pos', 'salesitems'),
	(21, 'pos', 'specialoffers'),
	(41, 'pos', 'transaction'),
	(20, 'pos', 'unit'),
	(23, 'product', 'category'),
	(32, 'product', 'favourites'),
	(24, 'product', 'maincategory'),
	(31, 'product', 'productcolor'),
	(30, 'product', 'productimages'),
	(25, 'product', 'products'),
	(29, 'product', 'productsize'),
	(28, 'product', 'review'),
	(26, 'product', 'subcategory'),
	(27, 'product', 'unit'),
	(5, 'sessions', 'session'),
	(46, 'sites', 'site'),
	(40, 'stockinventory', 'frontstore'),
	(39, 'stockinventory', 'review'),
	(36, 'stockinventory', 'stockinventory'),
	(38, 'vendor', 'review'),
	(37, 'vendor', 'vendor');

-- Dumping structure for table bengomall.django_migrations
CREATE TABLE IF NOT EXISTS `django_migrations` (
  `id` bigint NOT NULL AUTO_INCREMENT,
  `app` varchar(255) NOT NULL,
  `name` varchar(255) NOT NULL,
  `applied` datetime(6) NOT NULL,
  PRIMARY KEY (`id`)
) ENGINE=InnoDB AUTO_INCREMENT=92 DEFAULT CHARSET=utf8mb4 COLLATE=utf8mb4_0900_ai_ci;

-- Dumping data for table bengomall.django_migrations: ~89 rows (approximately)
INSERT IGNORE INTO `django_migrations` (`id`, `app`, `name`, `applied`) VALUES
	(1, 'contenttypes', '0001_initial', '2023-11-02 15:10:49.969296'),
	(2, 'contenttypes', '0002_remove_content_type_name', '2023-11-02 15:10:50.027685'),
	(3, 'auth', '0001_initial', '2023-11-02 15:10:50.220289'),
	(4, 'auth', '0002_alter_permission_name_max_length', '2023-11-02 15:10:50.276165'),
	(5, 'auth', '0003_alter_user_email_max_length', '2023-11-02 15:10:50.276165'),
	(6, 'auth', '0004_alter_user_username_opts', '2023-11-02 15:10:50.292856'),
	(7, 'auth', '0005_alter_user_last_login_null', '2023-11-02 15:10:50.304922'),
	(8, 'auth', '0006_require_contenttypes_0002', '2023-11-02 15:10:50.311251'),
	(9, 'auth', '0007_alter_validators_add_error_messages', '2023-11-02 15:10:50.321288'),
	(10, 'auth', '0008_alter_user_username_max_length', '2023-11-02 15:10:50.325998'),
	(11, 'auth', '0009_alter_user_last_name_max_length', '2023-11-02 15:10:50.325998'),
	(12, 'auth', '0010_alter_group_name_max_length', '2023-11-02 15:10:50.359437'),
	(13, 'auth', '0011_update_proxy_permissions', '2023-11-02 15:10:50.359437'),
	(14, 'auth', '0012_alter_user_first_name_max_length', '2023-11-02 15:10:50.376435'),
	(15, 'authmanagement', '0001_initial', '2023-11-02 15:10:50.652826'),
	(16, 'admin', '0001_initial', '2023-11-02 15:10:50.780328'),
	(17, 'admin', '0002_logentry_remove_auto_add', '2023-11-02 15:10:50.794531'),
	(18, 'admin', '0003_logentry_add_action_flag_choices', '2023-11-02 15:10:50.808132'),
	(19, 'authtoken', '0001_initial', '2023-11-02 15:10:50.930633'),
	(20, 'authtoken', '0002_auto_20160226_1747', '2023-11-02 15:10:50.993913'),
	(21, 'authtoken', '0003_tokenproxy', '2023-11-02 15:10:51.013236'),
	(22, 'human_resource', '0001_initial', '2023-11-02 15:10:51.770031'),
	(23, 'vendor', '0001_initial', '2023-11-02 15:10:52.772356'),
	(24, 'product', '0001_initial', '2023-11-02 15:10:53.776659'),
	(25, 'cart', '0001_initial', '2023-11-02 15:10:53.810458'),
	(26, 'cart', '0002_initial', '2023-11-02 15:10:53.956658'),
	(27, 'order', '0001_initial', '2023-11-02 15:10:54.429341'),
	(28, 'paymentApps', '0001_initial', '2023-11-02 15:10:54.455953'),
	(29, 'pos', '0001_initial', '2023-11-02 15:10:54.861072'),
	(30, 'sessions', '0001_initial', '2023-11-02 15:10:54.895002'),
	(31, 'stockinventory', '0001_initial', '2023-11-02 15:10:55.140189'),
	(32, 'product', '0002_alter_productsize_size', '2023-11-02 16:36:15.086653'),
	(33, 'product', '0003_alter_productsize_size', '2023-11-03 10:05:48.649911'),
	(34, 'stockinventory', '0002_stockinventory_supplier', '2023-11-03 10:05:48.848143'),
	(35, 'product', '0004_rename_unit_dicount_price_productsize_unit_discount_price', '2023-11-03 12:09:20.969113'),
	(36, 'pos', '0002_delete_unit', '2023-11-03 14:21:18.451971'),
	(37, 'product', '0005_alter_unit_options_rename_name_unit_unit_title_and_more', '2023-11-03 14:21:18.557029'),
	(38, 'product', '0006_remove_products_serial_remove_products_sku_and_more', '2023-11-04 04:25:15.215918'),
	(39, 'stockinventory', '0003_stockinventory_serial_stockinventory_sku_and_more', '2023-11-04 04:25:15.461587'),
	(40, 'product', '0007_remove_products_availability_and_more', '2023-11-04 04:49:49.653061'),
	(41, 'stockinventory', '0004_stockinventory_availability_and_more', '2023-11-04 04:49:49.927317'),
	(42, 'stockinventory', '0005_alter_stockinventory_product_and_more', '2023-11-04 14:35:29.722330'),
	(43, 'pos', '0003_salesitems_sku_delete_specialoffers', '2023-11-04 14:39:35.014605'),
	(44, 'stockinventory', '0006_alter_stockinventory_serial_alter_stockinventory_sku', '2023-11-04 14:44:19.817103'),
	(45, 'pos', '0004_remove_salesitems_product', '2023-11-04 14:46:32.995297'),
	(46, 'cart', '0003_remove_cart_product_cart_price_cart_stock', '2023-11-05 05:24:04.102134'),
	(47, 'product', '0008_delete_review', '2023-11-05 05:41:33.416452'),
	(48, 'stockinventory', '0007_review', '2023-11-05 05:41:33.563120'),
	(49, 'order', '0002_remove_orderitem_product_orderitem_product_sku', '2023-11-05 12:42:36.490890'),
	(50, 'order', '0003_rename_address_order_delivery_address', '2023-11-05 12:48:09.626338'),
	(51, 'order', '0004_remove_orderitem_product_sku_orderitem_stock_and_more', '2023-11-05 14:15:21.061638'),
	(52, 'pos', '0005_remove_salesitems_sku_salesitems_stock', '2023-11-05 14:15:21.267267'),
	(53, 'order', '0005_alter_order_delivery_address', '2023-11-05 14:15:45.111627'),
	(54, 'pos', '0006_alter_sales_date_added', '2023-11-06 13:51:48.392808'),
	(55, 'stockinventory', '0008_stockinventory_flash_sale_end_date', '2023-11-11 10:13:04.680419'),
	(56, 'stockinventory', '0009_remove_stockinventory_flash_sale_end_date_frontstore', '2023-11-11 10:19:04.039908'),
	(59, 'stockinventory', '0012_frontstore_slider_text_and_more', '2023-11-11 10:47:23.393205'),
	(60, 'pos', '0007_transaction', '2023-11-13 10:45:28.464853'),
	(61, 'stockinventory', '0013_alter_frontstore_flash_sale_end_date', '2023-11-13 10:45:28.480922'),
	(62, 'pos', '0008_alter_transaction_transactiontype', '2023-11-13 10:50:57.658941'),
	(63, 'stockinventory', '0014_alter_frontstore_flash_sale_end_date', '2023-11-13 10:50:57.675486'),
	(64, 'product', '0009_rename_price_products_retail_price_and_more', '2023-11-13 20:13:54.653324'),
	(65, 'stockinventory', '0015_alter_frontstore_flash_sale_end_date', '2023-11-13 20:13:54.668996'),
	(66, 'cart', '0004_rename_price_cart_retail_price', '2023-11-13 20:19:19.403939'),
	(67, 'order', '0006_rename_price_orderitem_retail_price', '2023-11-13 20:19:19.453822'),
	(68, 'pos', '0009_rename_price_salesitems_retail_price', '2023-11-13 20:19:19.535602'),
	(69, 'stockinventory', '0016_alter_frontstore_flash_sale_end_date', '2023-11-13 20:19:19.551043'),
	(70, 'stockinventory', '0017_alter_frontstore_flash_sale_end_date', '2023-11-13 20:20:42.981206'),
	(71, 'stockinventory', '0018_alter_frontstore_flash_sale_end_date', '2023-11-19 13:32:27.147122'),
	(72, 'vendor', '0002_alter_vendor_customers_and_more', '2023-11-19 13:32:27.311339'),
	(73, 'product', '0010_alter_unit_unit_symbol', '2023-11-19 15:40:43.794067'),
	(74, 'stockinventory', '0019_alter_frontstore_flash_sale_end_date_and_more', '2023-11-19 15:40:43.843362'),
	(75, 'pos', '0010_alter_sales_sales_type', '2023-11-21 15:36:10.364863'),
	(76, 'product', '0011_alter_category_name_alter_maincategory_name_and_more', '2023-11-21 15:36:10.545385'),
	(77, 'stockinventory', '0020_alter_frontstore_flash_sale_end_date', '2023-11-21 15:36:10.561098'),
	(78, 'pos', '0011_alter_sales_paymethod', '2023-11-21 15:50:14.799544'),
	(79, 'stockinventory', '0021_alter_frontstore_flash_sale_end_date', '2023-11-21 15:50:14.838759'),
	(80, 'authmanagement', '0002_delete_emailconfig', '2023-12-18 16:16:49.524165'),
	(81, 'core', '0001_initial', '2023-12-18 16:19:53.606630'),
	(82, 'core', '0002_emailconfig_alter_blog_date_created_and_more', '2023-12-18 16:19:53.641630'),
	(83, 'core', '0003_alter_blog_date_created_and_more', '2023-12-18 17:14:33.640870'),
	(84, 'sites', '0001_initial', '2023-12-18 17:14:33.683124'),
	(85, 'sites', '0002_alter_domain_unique', '2023-12-18 17:14:33.714780'),
	(86, 'authmanagement', '0003_myuser_email_confirm_token', '2023-12-18 19:24:54.227865'),
	(87, 'core', '0004_alter_blog_date_created_alter_emailconfig_email_port_and_more', '2023-12-18 19:24:54.227865'),
	(88, 'core', '0005_remove_post_date_created_remove_post_published_and_more', '2023-12-19 18:08:16.356803'),
	(89, 'core', '0006_blog_author_alter_blog_date_created_and_more', '2023-12-19 19:10:39.984985'),
	(90, 'core', '0007_blog_excerpt_alter_blog_date_created_and_more', '2023-12-19 19:17:48.378328'),
	(91, 'core', '0008_blog_featured_image_alter_blog_date_created_and_more', '2023-12-19 19:21:45.398987');

-- Dumping structure for table bengomall.django_session
CREATE TABLE IF NOT EXISTS `django_session` (
  `session_key` varchar(40) NOT NULL,
  `session_data` longtext NOT NULL,
  `expire_date` datetime(6) NOT NULL,
  PRIMARY KEY (`session_key`),
  KEY `django_session_expire_date_a5c62663` (`expire_date`)
) ENGINE=InnoDB DEFAULT CHARSET=utf8mb4 COLLATE=utf8mb4_0900_ai_ci;

-- Dumping data for table bengomall.django_session: ~179 rows (approximately)
INSERT IGNORE INTO `django_session` (`session_key`, `session_data`, `expire_date`) VALUES
	('072k7jzoipfaomf40a3gjzvh88j2xaqj', '.eJxVjDsOwjAQBe_iGln-reOlpOcM1tre4ABypDipEHeHSCmgfTPzXiLStta4dV7iVMRZaBCn3zFRfnDbSblTu80yz21dpiR3RR60y-tc-Hk53L-DSr1-azMo9M5CsKwdeUBGG3Qw7Mh6b7wZkAJoZkSFWJRRJYMdxxSAg3NevD-_VTZ_:1r2aig:MOK9EuyfDJul0SJS-vDpcTnHnqV1LPk4tnsWPajiiwA', '2023-11-27 20:27:30.932001'),
	('07ki61hqsini779bzzik75vcrc4szeqh', '.eJxVjDsOwjAQBe_iGln-reOlpOcM1tre4ABypDipEHeHSCmgfTPzXiLStta4dV7iVMRZaBCn3zFRfnDbSblTu80yz21dpiR3RR60y-tc-Hk53L-DSr1-azMo9M5CsKwdeUBGG3Qw7Mh6b7wZkAJoZkSFWJRRJYMdxxSAg3NevD-_VTZ_:1qzXrB:l2fY_hEJw_mY_A1uWcDQov06eVluq-NRJcHaqYcpMLo', '2023-11-19 07:47:41.008515'),
	('0cjjaabbenxikj019kvf5wkcjgs2ayxz', '.eJxVjDsOwyAQBe9CHSGw-aZM7zOghV2CkwgkY1dR7h5bcpG0b2bemwXY1hK2TkuYkV2ZHNnld4yQnlQPgg-o98ZTq-syR34o_KSdTw3pdTvdv4MCvez1YIS0grxR5B2RlDZJL9CpGLN1xow5OcqaxqgHRA1Wg4k7x6y9wpzZ5wv6KDiD:1qybPr:uscW4bRqTxsN30qyiejTh1HVpL3nVtg2R-qMkqUr-vE', '2023-11-16 17:23:35.417181'),
	('0ilj5bqlqve1w3sbdimztvvuucuf4vba', '.eJxVjDsOwjAQBe_iGln-reOlpOcM1tre4ABypDipEHeHSCmgfTPzXiLStta4dV7iVMRZaBCn3zFRfnDbSblTu80yz21dpiR3RR60y-tc-Hk53L-DSr1-azMo9M5CsKwdeUBGG3Qw7Mh6b7wZkAJoZkSFWJRRJYMdxxSAg3NevD-_VTZ_:1qzZQO:tmQgekksryoT-FjzlLtdFhHmwj3EyslQzJ-oc6BgZJ4', '2023-11-19 09:28:08.989659'),
	('0z1ebfrd7ndiuyrb8xzns3plmg8j9rcu', '.eJxVjDsOwyAQBe9CHSGw-aZM7zOghV2CkwgkY1dR7h5bcpG0b2bemwXY1hK2TkuYkV2ZHNnld4yQnlQPgg-o98ZTq-syR34o_KSdTw3pdTvdv4MCvez1YIS0grxR5B2RlDZJL9CpGLN1xow5OcqaxqgHRA1Wg4k7x6y9wpzZ5wv6KDiD:1r5SqT:BnA5ITukh9dfeavhT8mC6R2BKMzbTCyX4Ok5BLx4hPU', '2023-12-05 18:39:25.686571'),
	('19swixlqf8fec3kke3k8bmc9qmq0pg7e', '.eJxVjDsOwyAQBe9CHSGw-aZM7zOghV2CkwgkY1dR7h5bcpG0b2bemwXY1hK2TkuYkV2ZHNnld4yQnlQPgg-o98ZTq-syR34o_KSdTw3pdTvdv4MCvez1YIS0grxR5B2RlDZJL9CpGLN1xow5OcqaxqgHRA1Wg4k7x6y9wpzZ5wv6KDiD:1r5Gqx:nH7addku6Tq91W6sNHTqtzbJqq4qmzjqjFaWtT4zX_8', '2023-12-05 05:51:07.824958'),
	('1aux67k6680jmvi0c0y5pjx4v0itmg73', '.eJxVjDsOwyAQBe9CHSGw-aZM7zOghV2CkwgkY1dR7h5bcpG0b2bemwXY1hK2TkuYkV2ZHNnld4yQnlQPgg-o98ZTq-syR34o_KSdTw3pdTvdv4MCvez1YIS0grxR5B2RlDZJL9CpGLN1xow5OcqaxqgHRA1Wg4k7x6y9wpzZ5wv6KDiD:1qywie:U-4EzaPSKvMUllZLg-60cDlrjCNMYfyafk1NhDv31VM', '2023-11-17 16:08:24.730643'),
	('1iku0sqg7kddrse8gu8xa2b18f10olp2', '.eJxVjDsOwjAQBe_iGln-reOlpOcM1tre4ABypDipEHeHSCmgfTPzXiLStta4dV7iVMRZaBCn3zFRfnDbSblTu80yz21dpiR3RR60y-tc-Hk53L-DSr1-azMo9M5CsKwdeUBGG3Qw7Mh6b7wZkAJoZkSFWJRRJYMdxxSAg3NevD-_VTZ_:1qza6u:LL3Mub7NmVtBLjCI_TEtlBF6-aTwx5mKgt2wCN1BbKY', '2023-11-19 10:12:04.830400'),
	('1mzzdufeqg1t9ce2txc4bhvhn1vpy1y2', '.eJxVjDsOwjAQBe_iGln-reOlpOcM1tre4ABypDipEHeHSCmgfTPzXiLStta4dV7iVMRZaBCn3zFRfnDbSblTu80yz21dpiR3RR60y-tc-Hk53L-DSr1-azMo9M5CsKwdeUBGG3Qw7Mh6b7wZkAJoZkSFWJRRJYMdxxSAg3NevD-_VTZ_:1qzZpo:ThoYVATfs4IjG_EMBYTH2s8glhUbpfI9jgjV8dUI5F4', '2023-11-19 09:54:24.309821'),
	('1opbinroqhzx8j2828sng6rd5yulrm6d', '.eJxVjDsOwyAQBe9CHSGw-aZM7zOghV2CkwgkY1dR7h5bcpG0b2bemwXY1hK2TkuYkV2ZHNnld4yQnlQPgg-o98ZTq-syR34o_KSdTw3pdTvdv4MCvez1YIS0grxR5B2RlDZJL9CpGLN1xow5OcqaxqgHRA1Wg4k7x6y9wpzZ5wv6KDiD:1r28P7:DBKJPEXVjopqqFhuqLigjeANZ1zGXHVY8BVycU3ggaU', '2023-11-26 14:13:25.022357'),
	('1w6awiyszfdkzf7e4hoxre4mrgjeub2l', '.eJxVjDsOwyAQBe9CHSGw-aZM7zOghV2CkwgkY1dR7h5bcpG0b2bemwXY1hK2TkuYkV2ZHNnld4yQnlQPgg-o98ZTq-syR34o_KSdTw3pdTvdv4MCvez1YIS0grxR5B2RlDZJL9CpGLN1xow5OcqaxqgHRA1Wg4k7x6y9wpzZ5wv6KDiD:1r5GrM:lfS102f8wx28Q4X-tRFN-c7vRxQu88GHkp4unA24zWg', '2023-12-05 05:51:32.706167'),
	('24iqknr1sgdpa2xjttytnurvvjwwjlt5', '.eJxVjDsOwyAQBe9CHSGw-aZM7zOghV2CkwgkY1dR7h5bcpG0b2bemwXY1hK2TkuYkV2ZHNnld4yQnlQPgg-o98ZTq-syR34o_KSdTw3pdTvdv4MCvez1YIS0grxR5B2RlDZJL9CpGLN1xow5OcqaxqgHRA1Wg4k7x6y9wpzZ5wv6KDiD:1r26jF:glC9nXeWDnzSnTHMdIs4mhSvD9FgbHv20gSDua7H4Og', '2023-11-26 12:26:05.901829'),
	('2itbi4vnwsqwqznuqi9jtkx4xwpu00ji', '.eJxVjDsOwyAQBe9CHSGw-aZM7zOghV2CkwgkY1dR7h5bcpG0b2bemwXY1hK2TkuYkV2ZHNnld4yQnlQPgg-o98ZTq-syR34o_KSdTw3pdTvdv4MCvez1YIS0grxR5B2RlDZJL9CpGLN1xow5OcqaxqgHRA1Wg4k7x6y9wpzZ5wv6KDiD:1qyxAd:53Ov41TGGAaiWClzxEtBBRYZLrUCh5XnMx2ePJt4-7c', '2023-11-17 16:37:19.143129'),
	('2nuh3ma0171vvmkred0361a5ycdwlpvm', '.eJxVjDsOwyAQBe9CHSGw-aZM7zOghV2CkwgkY1dR7h5bcpG0b2bemwXY1hK2TkuYkV2ZHNnld4yQnlQPgg-o98ZTq-syR34o_KSdTw3pdTvdv4MCvez1YIS0grxR5B2RlDZJL9CpGLN1xow5OcqaxqgHRA1Wg4k7x6y9wpzZ5wv6KDiD:1r7ejj:0hFFgurKZiAoxfiHjHIqbN6X4ZHJiKYJ3C1ump_Eg7E', '2023-12-11 19:45:31.768672'),
	('32wbxml23zm1vj3er4zzdqh34s4vl0q5', '.eJxVjDsOwjAQBe_iGln-reOlpOcM1tre4ABypDipEHeHSCmgfTPzXiLStta4dV7iVMRZaBCn3zFRfnDbSblTu80yz21dpiR3RR60y-tc-Hk53L-DSr1-azMo9M5CsKwdeUBGG3Qw7Mh6b7wZkAJoZkSFWJRRJYMdxxSAg3NevD-_VTZ_:1qzZhq:PgqtJ4facfRhtljaSte9ZE8m8Ql8diungNyx-E3-l-c', '2023-11-19 09:46:10.091455'),
	('3421919uhlzrh1dmulax7dwxetbzdjnn', '.eJxVjDsOwyAQBe9CHSGw-aZM7zOghV2CkwgkY1dR7h5bcpG0b2bemwXY1hK2TkuYkV2ZHNnld4yQnlQPgg-o98ZTq-syR34o_KSdTw3pdTvdv4MCvez1YIS0grxR5B2RlDZJL9CpGLN1xow5OcqaxqgHRA1Wg4k7x6y9wpzZ5wv6KDiD:1qybEA:iiiI329xdDq0LhuenX30eX6hXrHfX3PM9jmBgZgBUk4', '2023-11-16 17:11:30.015729'),
	('39p03y7ogar2qcwwtmtexmmcr1if0rjy', '.eJxVjDsOwjAQBe_iGln-reOlpOcM1tre4ABypDipEHeHSCmgfTPzXiLStta4dV7iVMRZaBCn3zFRfnDbSblTu80yz21dpiR3RR60y-tc-Hk53L-DSr1-azMo9M5CsKwdeUBGG3Qw7Mh6b7wZkAJoZkSFWJRRJYMdxxSAg3NevD-_VTZ_:1r2qBg:z4fp-VuYnYy2hW6uL4162-_s5NcbZtZSQ0854D9hW_4', '2023-11-28 12:58:28.467831'),
	('3j2lrl89cxj46ec3oaz4h1v1bwyrpwvz', '.eJxVjDsOwyAQBe9CHSGw-aZM7zOghV2CkwgkY1dR7h5bcpG0b2bemwXY1hK2TkuYkV2ZHNnld4yQnlQPgg-o98ZTq-syR34o_KSdTw3pdTvdv4MCvez1YIS0grxR5B2RlDZJL9CpGLN1xow5OcqaxqgHRA1Wg4k7x6y9wpzZ5wv6KDiD:1r7Iio:hi7rT4Pp6Ff0wnUQQuxbDgQsAxEBrClclHX0JW8cBJk', '2023-12-10 20:15:06.219573'),
	('3l2mnddlw8zv9k2wa2woiq3ibm4htsfe', '.eJxVjDsOwyAQBe9CHSGw-aZM7zOghV2CkwgkY1dR7h5bcpG0b2bemwXY1hK2TkuYkV2ZHNnld4yQnlQPgg-o98ZTq-syR34o_KSdTw3pdTvdv4MCvez1YIS0grxR5B2RlDZJL9CpGLN1xow5OcqaxqgHRA1Wg4k7x6y9wpzZ5wv6KDiD:1r5GtA:iE4zD_6qdrDbMy4lIX7mCEFvtPfx6lY8IE_x-IifrSA', '2023-12-05 05:53:24.981544'),
	('3uzaipphomwrq1sdzk9yrxw3ez7ohnl8', '.eJxVjDsOwyAQBe9CHSGw-aZM7zOghV2CkwgkY1dR7h5bcpG0b2bemwXY1hK2TkuYkV2ZHNnld4yQnlQPgg-o98ZTq-syR34o_KSdTw3pdTvdv4MCvez1YIS0grxR5B2RlDZJL9CpGLN1xow5OcqaxqgHRA1Wg4k7x6y9wpzZ5wv6KDiD:1qyb0V:Cv6or6kwq9L7Nxz9y7h3cYtBC9kUtAQKlAIg6CRKwPg', '2023-11-16 16:57:23.046187'),
	('46ln76b91a4nq5ui8a4nu76dx6hr8feq', '.eJxVjDsOwyAQBe9CHSGw-aZM7zOghV2CkwgkY1dR7h5bcpG0b2bemwXY1hK2TkuYkV2ZHNnld4yQnlQPgg-o98ZTq-syR34o_KSdTw3pdTvdv4MCvez1YIS0grxR5B2RlDZJL9CpGLN1xow5OcqaxqgHRA1Wg4k7x6y9wpzZ5wv6KDiD:1r2Qj0:e3r-EmishTjhQ6Xdzuy4CU3bw8HaYhYznp5ImHdcFUM', '2023-11-27 09:47:10.058714'),
	('49kh3f0ojbfjzsue20dvvbj0p3fdwuqt', '.eJxVjDsOwyAQBe9CHSGw-aZM7zOghV2CkwgkY1dR7h5bcpG0b2bemwXY1hK2TkuYkV2ZHNnld4yQnlQPgg-o98ZTq-syR34o_KSdTw3pdTvdv4MCvez1YIS0grxR5B2RlDZJL9CpGLN1xow5OcqaxqgHRA1Wg4k7x6y9wpzZ5wv6KDiD:1r7J59:SEypjAN2jKHX8Emy9JFBI3ORURFFBVoRLnSOFYllaIc', '2023-12-10 20:38:11.557261'),
	('4gz1let4fvc8gjhvwy714gq0fwyasiwc', '.eJxVjDsOwyAQBe9CHSGw-aZM7zOghV2CkwgkY1dR7h5bcpG0b2bemwXY1hK2TkuYkV2ZHNnld4yQnlQPgg-o98ZTq-syR34o_KSdTw3pdTvdv4MCvez1YIS0grxR5B2RlDZJL9CpGLN1xow5OcqaxqgHRA1Wg4k7x6y9wpzZ5wv6KDiD:1r1p6m:ionF-sFuGgTwVRO4z7Mzccx8azsA0v_f-C7Rtf17aMc', '2023-11-25 17:37:12.605760'),
	('4hss0uo1fsvm119z2zoy3c82gq1svus9', '.eJxVjDsOwjAQBe_iGln-reOlpOcM1tre4ABypDipEHeHSCmgfTPzXiLStta4dV7iVMRZaBCn3zFRfnDbSblTu80yz21dpiR3RR60y-tc-Hk53L-DSr1-azMo9M5CsKwdeUBGG3Qw7Mh6b7wZkAJoZkSFWJRRJYMdxxSAg3NevD-_VTZ_:1qyaHX:YEqhvT-iNpuQPm_8l7Cw2QKtNHoKG1-6qHgy2uNBorM', '2023-11-16 16:10:55.123378'),
	('4lsj2idlxgbal55f9v2f5on3smkivymv', '.eJxVjDsOwjAQBe_iGln-reOlpOcM1tre4ABypDipEHeHSCmgfTPzXiLStta4dV7iVMRZaBCn3zFRfnDbSblTu80yz21dpiR3RR60y-tc-Hk53L-DSr1-azMo9M5CsKwdeUBGG3Qw7Mh6b7wZkAJoZkSFWJRRJYMdxxSAg3NevD-_VTZ_:1qzYgU:QCWl2G4-zxjH7sS5b9XOsRLbaLtnfIFJUAFMeqrthd8', '2023-11-19 08:40:42.245440'),
	('4v2ltyvr28ezguu9zdecfe469n54r5xj', '.eJxVjDsOwyAQBe9CHSGw-aZM7zOghV2CkwgkY1dR7h5bcpG0b2bemwXY1hK2TkuYkV2ZHNnld4yQnlQPgg-o98ZTq-syR34o_KSdTw3pdTvdv4MCvez1YIS0grxR5B2RlDZJL9CpGLN1xow5OcqaxqgHRA1Wg4k7x6y9wpzZ5wv6KDiD:1qyaUp:OWc4aKGedzL7Cxp5wCKtjrmatoo1PZF8_pO9-0IlUbI', '2023-11-16 16:24:39.361817'),
	('4x08smat4mzau4xox4fn0q0nulikh2nn', '.eJxVjDsOwjAQBe_iGln-reOlpOcM1tre4ABypDipEHeHSCmgfTPzXiLStta4dV7iVMRZaBCn3zFRfnDbSblTu80yz21dpiR3RR60y-tc-Hk53L-DSr1-azMo9M5CsKwdeUBGG3Qw7Mh6b7wZkAJoZkSFWJRRJYMdxxSAg3NevD-_VTZ_:1qzZPS:RtExJ3PXHcMfi9rNc9KsSxBZDQ-s1ZSevPb69WmbblM', '2023-11-19 09:27:10.135209'),
	('57hk8hmdwsmy7ylohxuz7lcrbbgwzwd5', '.eJxVjDsOwyAQBe9CHSGw-aZM7zOghV2CkwgkY1dR7h5bcpG0b2bemwXY1hK2TkuYkV2ZHNnld4yQnlQPgg-o98ZTq-syR34o_KSdTw3pdTvdv4MCvez1YIS0grxR5B2RlDZJL9CpGLN1xow5OcqaxqgHRA1Wg4k7x6y9wpzZ5wv6KDiD:1r5K1y:dVIJ9W3Pe_akb0_JUYUlaiqu9_i9MmgLGChvKch2Qg8', '2023-12-05 09:14:42.414002'),
	('5jnxmzxzknlnu9zhj9yr1s12cqkhu8bi', '.eJxVjDsOwyAQBe9CHSGw-aZM7zOghV2CkwgkY1dR7h5bcpG0b2bemwXY1hK2TkuYkV2ZHNnld4yQnlQPgg-o98ZTq-syR34o_KSdTw3pdTvdv4MCvez1YIS0grxR5B2RlDZJL9CpGLN1xow5OcqaxqgHRA1Wg4k7x6y9wpzZ5wv6KDiD:1r1oiv:A6ddXXgn6P-LONqIRzift-xxPXTMN-HuIlgtnPANcnk', '2023-11-25 17:12:33.176329'),
	('5r7c8n4am0lxuy2489kxtfamz7o5grf2', '.eJxVjDsOwyAQBe9CHSGw-aZM7zOghV2CkwgkY1dR7h5bcpG0b2bemwXY1hK2TkuYkV2ZHNnld4yQnlQPgg-o98ZTq-syR34o_KSdTw3pdTvdv4MCvez1YIS0grxR5B2RlDZJL9CpGLN1xow5OcqaxqgHRA1Wg4k7x6y9wpzZ5wv6KDiD:1r5Jyx:BFbp0Jzm_Bn1X5t8X22w3XMslNKsTfcSrssEeDhD9QM', '2023-12-05 09:11:35.191243'),
	('5x9yrmxefki4o8heyqykhpumlhgtdowo', '.eJxVjDsOwyAQBe9CHSGw-aZM7zOghV2CkwgkY1dR7h5bcpG0b2bemwXY1hK2TkuYkV2ZHNnld4yQnlQPgg-o98ZTq-syR34o_KSdTw3pdTvdv4MCvez1YIS0grxR5B2RlDZJL9CpGLN1xow5OcqaxqgHRA1Wg4k7x6y9wpzZ5wv6KDiD:1r5GlW:-kaTxwFwjYrdIrcR1t_JL8dfN080TJx9yTZ2qMIYbzY', '2023-12-05 05:45:30.947291'),
	('64uwnt3bvhdoi4kuydvbxg9rwpj89tt2', '.eJxVjDsOwyAQBe9CHSGw-aZM7zOghV2CkwgkY1dR7h5bcpG0b2bemwXY1hK2TkuYkV2ZHNnld4yQnlQPgg-o98ZTq-syR34o_KSdTw3pdTvdv4MCvez1YIS0grxR5B2RlDZJL9CpGLN1xow5OcqaxqgHRA1Wg4k7x6y9wpzZ5wv6KDiD:1qzXx7:s5ElQdcASjyDKt0VjULrtoX7kRifearMcSQ8PGEGCx4', '2023-11-19 07:53:49.605701'),
	('6z48dbxwffg1gam358v7fgorme58g8uj', '.eJxVjDsOwyAQBe9CHSGw-aZM7zOghV2CkwgkY1dR7h5bcpG0b2bemwXY1hK2TkuYkV2ZHNnld4yQnlQPgg-o98ZTq-syR34o_KSdTw3pdTvdv4MCvez1YIS0grxR5B2RlDZJL9CpGLN1xow5OcqaxqgHRA1Wg4k7x6y9wpzZ5wv6KDiD:1qyaFI:deaVbHw-hByWRhsFe6pBLBqerDgmiLbRMgJXyq2_kQU', '2023-11-16 16:08:36.642612'),
	('789qlk9q63d1nx1saz9ardv7dgf51r8f', '.eJxVjDsOwyAQBe9CHSGw-aZM7zOghV2CkwgkY1dR7h5bcpG0b2bemwXY1hK2TkuYkV2ZHNnld4yQnlQPgg-o98ZTq-syR34o_KSdTw3pdTvdv4MCvez1YIS0grxR5B2RlDZJL9CpGLN1xow5OcqaxqgHRA1Wg4k7x6y9wpzZ5wv6KDiD:1r5Gn3:bfdiqYyHoNkoZfxieI0YNVspE2agsYMi_TMpYj0zAuY', '2023-12-05 05:47:05.557395'),
	('7ecchns2a0h69fvu2zwdsyjlwij19eky', '.eJxVjDsOwyAQBe9CHSGw-aZM7zOghV2CkwgkY1dR7h5bcpG0b2bemwXY1hK2TkuYkV2ZHNnld4yQnlQPgg-o98ZTq-syR34o_KSdTw3pdTvdv4MCvez1YIS0grxR5B2RlDZJL9CpGLN1xow5OcqaxqgHRA1Wg4k7x6y9wpzZ5wv6KDiD:1r2R9I:lmame2-Nd5ziF6PBybuCkT5uYpDx30xFrOFKLiJwTTk', '2023-11-27 10:14:20.127297'),
	('7kgdh9andtir55j54m78kewmh1njvxnu', '.eJxVjDsOwyAQBe9CHSGw-aZM7zOghV2CkwgkY1dR7h5bcpG0b2bemwXY1hK2TkuYkV2ZHNnld4yQnlQPgg-o98ZTq-syR34o_KSdTw3pdTvdv4MCvez1YIS0grxR5B2RlDZJL9CpGLN1xow5OcqaxqgHRA1Wg4k7x6y9wpzZ5wv6KDiD:1r1hPE:UQF1ie1_zURLHy0snQYfmzqJ9YxMzRTOCSWR0PAqqEQ', '2023-11-25 09:23:44.225965'),
	('7l9zykmoqrdqsx9zeknb42gp278rze3r', '.eJxVjDsOwyAQBe9CHSGw-aZM7zOghV2CkwgkY1dR7h5bcpG0b2bemwXY1hK2TkuYkV2ZHNnld4yQnlQPgg-o98ZTq-syR34o_KSdTw3pdTvdv4MCvez1YIS0grxR5B2RlDZJL9CpGLN1xow5OcqaxqgHRA1Wg4k7x6y9wpzZ5wv6KDiD:1r1oyh:sc0U0KtsYwZxrlvePvCDQcc1ccVE85mULAKQJEyxRC4', '2023-11-25 17:28:51.295872'),
	('7vyckxj01ytn5v82cgnvcscfu765xtaq', '.eJxVjDsOwyAQBe9CHSGw-aZM7zOghV2CkwgkY1dR7h5bcpG0b2bemwXY1hK2TkuYkV2ZHNnld4yQnlQPgg-o98ZTq-syR34o_KSdTw3pdTvdv4MCvez1YIS0grxR5B2RlDZJL9CpGLN1xow5OcqaxqgHRA1Wg4k7x6y9wpzZ5wv6KDiD:1qyxXG:nlArPGPMCEyyntDmsw3FQT49tuZ7UivTZSBcoae6wZw', '2023-11-17 17:00:42.639779'),
	('7xq5ny5lf4jfeyqk94nikwmm2ls64eyl', '.eJxVjDsOwyAQBe9CHSGw-aZM7zOghV2CkwgkY1dR7h5bcpG0b2bemwXY1hK2TkuYkV2ZHNnld4yQnlQPgg-o98ZTq-syR34o_KSdTw3pdTvdv4MCvez1YIS0grxR5B2RlDZJL9CpGLN1xow5OcqaxqgHRA1Wg4k7x6y9wpzZ5wv6KDiD:1r5Rf2:Dl2tojPe55T_vd9O9jTw5XFvX6D86wGpL6MI0b4C9LE', '2023-12-05 17:23:32.593613'),
	('83m1r4t1yzu0v3od27qne0duls1x4uj0', '.eJxVjDsOwyAQBe9CHSGw-aZM7zOghV2CkwgkY1dR7h5bcpG0b2bemwXY1hK2TkuYkV2ZHNnld4yQnlQPgg-o98ZTq-syR34o_KSdTw3pdTvdv4MCvez1YIS0grxR5B2RlDZJL9CpGLN1xow5OcqaxqgHRA1Wg4k7x6y9wpzZ5wv6KDiD:1r69DM:wi8V9UPv6BzcuJAgHns6VBAeJqqIKNbXHh7qPvi4VJ4', '2023-12-07 15:53:52.245894'),
	('8a03q08n39jfut28t50e1k3jjg3bulux', '.eJxVjDsOwyAQBe9CHSGw-aZM7zOghV2CkwgkY1dR7h5bcpG0b2bemwXY1hK2TkuYkV2ZHNnld4yQnlQPgg-o98ZTq-syR34o_KSdTw3pdTvdv4MCvez1YIS0grxR5B2RlDZJL9CpGLN1xow5OcqaxqgHRA1Wg4k7x6y9wpzZ5wv6KDiD:1r5Gtb:yopUGz5VNp7XLgjxfDI531X1XRZ59iArh7AVpEvlkDY', '2023-12-05 05:53:51.462178'),
	('8dyyfeem2im3a2j45yt8elqo5529d2ha', '.eJxVjDsOwjAQBe_iGln-reOlpOcM1tre4ABypDipEHeHSCmgfTPzXiLStta4dV7iVMRZaBCn3zFRfnDbSblTu80yz21dpiR3RR60y-tc-Hk53L-DSr1-azMo9M5CsKwdeUBGG3Qw7Mh6b7wZkAJoZkSFWJRRJYMdxxSAg3NevD-_VTZ_:1r7gMV:uITfu4f2DGUW0dk2wbFTpngZA9UvXajksKztNVM5V5Q', '2023-12-11 21:29:39.533556'),
	('8fh04a4brq8iv3dunj1klvr0w6xar9rz', '.eJxVjDsOwyAQBe9CHSGw-aZM7zOghV2CkwgkY1dR7h5bcpG0b2bemwXY1hK2TkuYkV2ZHNnld4yQnlQPgg-o98ZTq-syR34o_KSdTw3pdTvdv4MCvez1YIS0grxR5B2RlDZJL9CpGLN1xow5OcqaxqgHRA1Wg4k7x6y9wpzZ5wv6KDiD:1qyrqa:U0dEUsO0kJA7mRt0jXFRDDRpatrlA5PMfU6WCu2H6CQ', '2023-11-17 10:56:16.053344'),
	('8ghwvxi1vpqlr5pfktsgp47y44wt43ho', '.eJxVjDsOwyAQBe9CHSGw-aZM7zOghV2CkwgkY1dR7h5bcpG0b2bemwXY1hK2TkuYkV2ZHNnld4yQnlQPgg-o98ZTq-syR34o_KSdTw3pdTvdv4MCvez1YIS0grxR5B2RlDZJL9CpGLN1xow5OcqaxqgHRA1Wg4k7x6y9wpzZ5wv6KDiD:1r2rNd:XuopN7DQpK94F7to3xWQgn1M2MHu173INwJBozuT4jM', '2023-11-28 14:14:53.479959'),
	('8ifp4z6dmwvc0s22k875ugo56zpgk7sm', '.eJxVjDsOwjAQBe_iGln-reOlpOcM1tre4ABypDipEHeHSCmgfTPzXiLStta4dV7iVMRZaBCn3zFRfnDbSblTu80yz21dpiR3RR60y-tc-Hk53L-DSr1-azMo9M5CsKwdeUBGG3Qw7Mh6b7wZkAJoZkSFWJRRJYMdxxSAg3NevD-_VTZ_:1qzb78:K8WLEdP1uUvmgiRuWC_dExtA0jRvso6wagZogdczYh8', '2023-11-19 11:16:22.927736'),
	('8iy0ksvhhx7ys4b7lr95trj6j3vxchfp', '.eJxVjDsOwyAQBe9CHSGw-aZM7zOghV2CkwgkY1dR7h5bcpG0b2bemwXY1hK2TkuYkV2ZHNnld4yQnlQPgg-o98ZTq-syR34o_KSdTw3pdTvdv4MCvez1YIS0grxR5B2RlDZJL9CpGLN1xow5OcqaxqgHRA1Wg4k7x6y9wpzZ5wv6KDiD:1r69IQ:hu54Kek3vnPqX6IrORy22n6oZayEva5HTSweErPwAL8', '2023-12-07 15:59:06.540743'),
	('8mdqerofwnq46lstdoidx55aw7cimcsm', '.eJxVjDsOwyAQBe9CHSGw-aZM7zOghV2CkwgkY1dR7h5bcpG0b2bemwXY1hK2TkuYkV2ZHNnld4yQnlQPgg-o98ZTq-syR34o_KSdTw3pdTvdv4MCvez1YIS0grxR5B2RlDZJL9CpGLN1xow5OcqaxqgHRA1Wg4k7x6y9wpzZ5wv6KDiD:1qybaF:mK3U5AAbPHwjbZtzGryq2QdXqesXdvfzZaOB04ff4YU', '2023-11-16 17:34:19.646458'),
	('8tfnz0pc3g018fo9m2kynqxus68rft10', '.eJxVjDsOwyAQBe9CHSGw-aZM7zOghV2CkwgkY1dR7h5bcpG0b2bemwXY1hK2TkuYkV2ZHNnld4yQnlQPgg-o98ZTq-syR34o_KSdTw3pdTvdv4MCvez1YIS0grxR5B2RlDZJL9CpGLN1xow5OcqaxqgHRA1Wg4k7x6y9wpzZ5wv6KDiD:1r7fTi:jqjmvsRihdXyoyurX8BYWMqMUmkdnzoxk8hPaFnKmQw', '2023-12-11 20:33:02.882760'),
	('8z8kwohth94p2rvy3vu87nw6opagxz1v', '.eJxVjDsOwyAQBe9CHSGw-aZM7zOghV2CkwgkY1dR7h5bcpG0b2bemwXY1hK2TkuYkV2ZHNnld4yQnlQPgg-o98ZTq-syR34o_KSdTw3pdTvdv4MCvez1YIS0grxR5B2RlDZJL9CpGLN1xow5OcqaxqgHRA1Wg4k7x6y9wpzZ5wv6KDiD:1r69Cu:rBr-CWsELdWmPJu76xlYo7FzDxXxOyHWe8rV-Qxy0Io', '2023-12-07 15:53:24.933326'),
	('90q5nt373c8wgnc5e8wbnbcta92q2w5z', '.eJxVjDsOwyAQBe9CHSGw-aZM7zOghV2CkwgkY1dR7h5bcpG0b2bemwXY1hK2TkuYkV2ZHNnld4yQnlQPgg-o98ZTq-syR34o_KSdTw3pdTvdv4MCvez1YIS0grxR5B2RlDZJL9CpGLN1xow5OcqaxqgHRA1Wg4k7x6y9wpzZ5wv6KDiD:1r2QMU:EAe3pAXbtdzTVaUmc9sbZflNPztiggab6GmKAmER56M', '2023-11-27 09:23:54.740958'),
	('91e6cqfht29hz38a9da4hwrb68xboej8', '.eJxVjDsOwjAQBe_iGln-reOlpOcM1tre4ABypDipEHeHSCmgfTPzXiLStta4dV7iVMRZaBCn3zFRfnDbSblTu80yz21dpiR3RR60y-tc-Hk53L-DSr1-azMo9M5CsKwdeUBGG3Qw7Mh6b7wZkAJoZkSFWJRRJYMdxxSAg3NevD-_VTZ_:1r1jSP:El9m0b_EBca0ruAMmE7eLrgtqn8cVnf9C4M3ZiV9fv4', '2023-11-25 11:35:09.012850'),
	('95uifts4x4uddxb3elhuph5udnjekx1w', '.eJxVjDsOwyAQBe9CHSGw-aZM7zOghV2CkwgkY1dR7h5bcpG0b2bemwXY1hK2TkuYkV2ZHNnld4yQnlQPgg-o98ZTq-syR34o_KSdTw3pdTvdv4MCvez1YIS0grxR5B2RlDZJL9CpGLN1xow5OcqaxqgHRA1Wg4k7x6y9wpzZ5wv6KDiD:1r2UuH:AWFkymIggm0ETMhiu9ogevgozjmaPDqOfSQRSae9gAU', '2023-11-27 14:15:05.931407'),
	('98v4wcjsih90gitvey9ll77639t6b8ed', '.eJxVjDsOwyAQBe9CHSGw-aZM7zOghV2CkwgkY1dR7h5bcpG0b2bemwXY1hK2TkuYkV2ZHNnld4yQnlQPgg-o98ZTq-syR34o_KSdTw3pdTvdv4MCvez1YIS0grxR5B2RlDZJL9CpGLN1xow5OcqaxqgHRA1Wg4k7x6y9wpzZ5wv6KDiD:1r2az9:LAnv97OJbGwQ5Vxy1yJxsSbVWOsHwIWTczxpssZuEGQ', '2023-11-27 20:44:31.528441'),
	('9ftvbl889x2bo6bqahi094ie7ubceb3r', '.eJxVjDsOwyAQBe9CHSGw-aZM7zOghV2CkwgkY1dR7h5bcpG0b2bemwXY1hK2TkuYkV2ZHNnld4yQnlQPgg-o98ZTq-syR34o_KSdTw3pdTvdv4MCvez1YIS0grxR5B2RlDZJL9CpGLN1xow5OcqaxqgHRA1Wg4k7x6y9wpzZ5wv6KDiD:1r5K9O:p9UGaElNL5wzdEv5MI1l8tsaWczvgLzin5S4RtadRkw', '2023-12-05 09:22:22.162821'),
	('9orpw90gfq8rloeakjj6ztn1b3cpkop1', '.eJxVjDsOwyAQBe9CHSGw-aZM7zOghV2CkwgkY1dR7h5bcpG0b2bemwXY1hK2TkuYkV2ZHNnld4yQnlQPgg-o98ZTq-syR34o_KSdTw3pdTvdv4MCvez1YIS0grxR5B2RlDZJL9CpGLN1xow5OcqaxqgHRA1Wg4k7x6y9wpzZ5wv6KDiD:1qzd24:CKcYQj4h6J9KwN9Znbg6LxuraaKfhkL_LnDiFvxKAFw', '2023-11-19 13:19:16.507831'),
	('9pi217z5044rzl9vd4r1gnoe616znd5s', '.eJxVjDsOwyAQBe9CHSGw-aZM7zOghV2CkwgkY1dR7h5bcpG0b2bemwXY1hK2TkuYkV2ZHNnld4yQnlQPgg-o98ZTq-syR34o_KSdTw3pdTvdv4MCvez1YIS0grxR5B2RlDZJL9CpGLN1xow5OcqaxqgHRA1Wg4k7x6y9wpzZ5wv6KDiD:1r2Tfo:XjEY0QroDegRIOPKnVSa6mT1a8OW_EtTdvrYqh6fgwA', '2023-11-27 12:56:04.420855'),
	('9rb8le5xqczb7ctvbb73guio0tkjgn7j', '.eJxVjDsOwjAQBe_iGln-reOlpOcM1tre4ABypDipEHeHSCmgfTPzXiLStta4dV7iVMRZaBCn3zFRfnDbSblTu80yz21dpiR3RR60y-tc-Hk53L-DSr1-azMo9M5CsKwdeUBGG3Qw7Mh6b7wZkAJoZkSFWJRRJYMdxxSAg3NevD-_VTZ_:1qzYdx:xsoPKK0YmU_kg1qJlsx4WFoAzoOaP8B3IHR9hn_QBEA', '2023-11-19 08:38:05.307968'),
	('a610mc3p4r799ehnutwfvand0jkjk2rs', '.eJxVjDsOwyAQBe9CHSGw-aZM7zOghV2CkwgkY1dR7h5bcpG0b2bemwXY1hK2TkuYkV2ZHNnld4yQnlQPgg-o98ZTq-syR34o_KSdTw3pdTvdv4MCvez1YIS0grxR5B2RlDZJL9CpGLN1xow5OcqaxqgHRA1Wg4k7x6y9wpzZ5wv6KDiD:1r7g5I:pQyaIibNUP9Obe1turWYml4fNLryOnv_biBdxNVgJHg', '2023-12-11 21:11:52.715696'),
	('a83qxxroh03ryjdlp6mirjon61eugabm', '.eJxVjDsOwjAQBe_iGln-reOlpOcM1tre4ABypDipEHeHSCmgfTPzXiLStta4dV7iVMRZaBCn3zFRfnDbSblTu80yz21dpiR3RR60y-tc-Hk53L-DSr1-azMo9M5CsKwdeUBGG3Qw7Mh6b7wZkAJoZkSFWJRRJYMdxxSAg3NevD-_VTZ_:1qzZfo:ByMZcPd7X74DVLKj0eH4h7SJruQfcwXWbGc-yzXNa0g', '2023-11-19 09:44:04.837817'),
	('aglog4akq235fjdbhlll7gh4gxqtfoah', '.eJxVjDsOwjAQBe_iGln-reOlpOcM1tre4ABypDipEHeHSCmgfTPzXiLStta4dV7iVMRZaBCn3zFRfnDbSblTu80yz21dpiR3RR60y-tc-Hk53L-DSr1-azMo9M5CsKwdeUBGG3Qw7Mh6b7wZkAJoZkSFWJRRJYMdxxSAg3NevD-_VTZ_:1qzZnw:cYYdzPgeSN0QnauCZN1piLhc7y6bL1qdYqAYmAflJ0Q', '2023-11-19 09:52:28.701998'),
	('b73o5s91gg81vaob6ga7fgg3crp3hb3k', '.eJxVjDsOwyAQBe9CHSGw-aZM7zOghV2CkwgkY1dR7h5bcpG0b2bemwXY1hK2TkuYkV2ZHNnld4yQnlQPgg-o98ZTq-syR34o_KSdTw3pdTvdv4MCvez1YIS0grxR5B2RlDZJL9CpGLN1xow5OcqaxqgHRA1Wg4k7x6y9wpzZ5wv6KDiD:1r5JzV:o041DgcoMkf96YyFT01Jfyr1oMP-3v5god6-_wJJYWc', '2023-12-05 09:12:09.373384'),
	('bbxpyhpk6jdlpt7u0zqko0q2bp8k3h4z', '.eJxVjDsOwyAQBe9CHSGw-aZM7zOghV2CkwgkY1dR7h5bcpG0b2bemwXY1hK2TkuYkV2ZHNnld4yQnlQPgg-o98ZTq-syR34o_KSdTw3pdTvdv4MCvez1YIS0grxR5B2RlDZJL9CpGLN1xow5OcqaxqgHRA1Wg4k7x6y9wpzZ5wv6KDiD:1r6AfE:ywcWSOJaYu0bUNpfgmmKEnRSCeHnPuz_upH0_Hyv7cY', '2023-12-07 17:26:44.589566'),
	('bli1e85c4ta8e0050r2060bwocydebne', '.eJxVjDsOwyAQBe9CHSGw-aZM7zOghV2CkwgkY1dR7h5bcpG0b2bemwXY1hK2TkuYkV2ZHNnld4yQnlQPgg-o98ZTq-syR34o_KSdTw3pdTvdv4MCvez1YIS0grxR5B2RlDZJL9CpGLN1xow5OcqaxqgHRA1Wg4k7x6y9wpzZ5wv6KDiD:1r69Ia:KCvL5_pPym3RIl9I18QJLaJtbJWiXNyql1-ONfnFG0Y', '2023-12-07 15:59:16.192205'),
	('br16x1t3yrvdunwebrvcgudi99ddwr7e', '.eJxVjDsOwyAQBe9CHSGw-aZM7zOghV2CkwgkY1dR7h5bcpG0b2bemwXY1hK2TkuYkV2ZHNnld4yQnlQPgg-o98ZTq-syR34o_KSdTw3pdTvdv4MCvez1YIS0grxR5B2RlDZJL9CpGLN1xow5OcqaxqgHRA1Wg4k7x6y9wpzZ5wv6KDiD:1r69CZ:Tr1llowgE3WmNj9_X17dHbEU23piIm68n3Nw135pxzs', '2023-12-07 15:53:03.751180'),
	('c7ikejhd710iz44khtgoqps5jp7jvasb', '.eJxVjDsOwjAQBe_iGln-reOlpOcM1tre4ABypDipEHeHSCmgfTPzXiLStta4dV7iVMRZaBCn3zFRfnDbSblTu80yz21dpiR3RR60y-tc-Hk53L-DSr1-azMo9M5CsKwdeUBGG3Qw7Mh6b7wZkAJoZkSFWJRRJYMdxxSAg3NevD-_VTZ_:1r2aob:BAIV_3l84hbq7iv48I-pdh355Zyd6HAYjsmrCK4dqB4', '2023-11-27 20:33:37.414830'),
	('cpvx0w02gnihex9ik7oij50hs3jqm5vx', '.eJxVjDsOwyAQBe9CHSGw-aZM7zOghV2CkwgkY1dR7h5bcpG0b2bemwXY1hK2TkuYkV2ZHNnld4yQnlQPgg-o98ZTq-syR34o_KSdTw3pdTvdv4MCvez1YIS0grxR5B2RlDZJL9CpGLN1xow5OcqaxqgHRA1Wg4k7x6y9wpzZ5wv6KDiD:1r2Qyw:2YAoqsA3OKRTI0COtfmG8Bt6vlg9VxbEINKx82HMQYI', '2023-11-27 10:03:38.205602'),
	('cqcupvtbupkluy1x05947c4oxdcuh1zq', '.eJxVjDsOwyAQBe9CHSGw-aZM7zOghV2CkwgkY1dR7h5bcpG0b2bemwXY1hK2TkuYkV2ZHNnld4yQnlQPgg-o98ZTq-syR34o_KSdTw3pdTvdv4MCvez1YIS0grxR5B2RlDZJL9CpGLN1xow5OcqaxqgHRA1Wg4k7x6y9wpzZ5wv6KDiD:1qyx0L:dpHehGk-4JklaxKRMWmf80012kK17y31qsigeG5f7dU', '2023-11-17 16:26:41.904691'),
	('cqiicq84fmds2q7czhin2jbszt28vz38', '.eJxVjDsOwjAQBe_iGln-reOlpOcM1tre4ABypDipEHeHSCmgfTPzXiLStta4dV7iVMRZaBCn3zFRfnDbSblTu80yz21dpiR3RR60y-tc-Hk53L-DSr1-azMo9M5CsKwdeUBGG3Qw7Mh6b7wZkAJoZkSFWJRRJYMdxxSAg3NevD-_VTZ_:1qzYy8:UPTuFm-tU0zaKAoNqPpfte3AnywoY88q8gGd9UdWnVM', '2023-11-19 08:58:56.747789'),
	('csmn762x9y5a1gy2xmmpkeu3m0sjm7iw', '.eJxVjDsOwyAQBe9CHSGw-aZM7zOghV2CkwgkY1dR7h5bcpG0b2bemwXY1hK2TkuYkV2ZHNnld4yQnlQPgg-o98ZTq-syR34o_KSdTw3pdTvdv4MCvez1YIS0grxR5B2RlDZJL9CpGLN1xow5OcqaxqgHRA1Wg4k7x6y9wpzZ5wv6KDiD:1qyrZf:5AbO4DoUr3wiM7lf7mgm81VzHJ7CVIz_IdcciG5fDL4', '2023-11-17 10:38:47.528623'),
	('ct4di6bi5lddsq4wkakcfw8gtpqujvz8', '.eJxVjDsOwjAQBe_iGln-reOlpOcM1tre4ABypDipEHeHSCmgfTPzXiLStta4dV7iVMRZaBCn3zFRfnDbSblTu80yz21dpiR3RR60y-tc-Hk53L-DSr1-azMo9M5CsKwdeUBGG3Qw7Mh6b7wZkAJoZkSFWJRRJYMdxxSAg3NevD-_VTZ_:1qzZvw:KWKdX4NSCjLxk7GmKsoTAv8BhVxGGPuqY2VwX-6eAK8', '2023-11-19 10:00:44.148393'),
	('cu6ybgl3os93l2cvzgn5lz6rjfa9r31t', '.eJxVjDsOwyAQBe9CHSGw-aZM7zOghV2CkwgkY1dR7h5bcpG0b2bemwXY1hK2TkuYkV2ZHNnld4yQnlQPgg-o98ZTq-syR34o_KSdTw3pdTvdv4MCvez1YIS0grxR5B2RlDZJL9CpGLN1xow5OcqaxqgHRA1Wg4k7x6y9wpzZ5wv6KDiD:1r568d:Qx_NfDw55EBGxpzEZ-jH7LaHZ-W3w4hDwjWpv4_TNY0', '2023-12-04 18:24:39.112720'),
	('d3rajjljr3hv6i0x66r3wmtonsftba7c', '.eJxVjDsOwjAQBe_iGln-reOlpOcM1tre4ABypDipEHeHSCmgfTPzXiLStta4dV7iVMRZaBCn3zFRfnDbSblTu80yz21dpiR3RR60y-tc-Hk53L-DSr1-azMo9M5CsKwdeUBGG3Qw7Mh6b7wZkAJoZkSFWJRRJYMdxxSAg3NevD-_VTZ_:1r1hiA:DoCI3IeAGmfQ3ed_zyrZzyJKc9aqzDXPeCKhzf_lXi8', '2023-11-25 09:43:18.769893'),
	('dgpex1y6bkhjbwxu5qftf4mbz01wac4h', '.eJxVjDsOwyAQBe9CHSGw-aZM7zOghV2CkwgkY1dR7h5bcpG0b2bemwXY1hK2TkuYkV2ZHNnld4yQnlQPgg-o98ZTq-syR34o_KSdTw3pdTvdv4MCvez1YIS0grxR5B2RlDZJL9CpGLN1xow5OcqaxqgHRA1Wg4k7x6y9wpzZ5wv6KDiD:1r4mHu:XTt4Wc58B0jF7UQA2vYRZfjw9vVsqGH5rGL6OsjekuY', '2023-12-03 21:12:54.014338'),
	('dwxr3fxqirld3sx3c8pgl64dnd2d3767', '.eJxVjDsOwyAQBe9CHSGw-aZM7zOghV2CkwgkY1dR7h5bcpG0b2bemwXY1hK2TkuYkV2ZHNnld4yQnlQPgg-o98ZTq-syR34o_KSdTw3pdTvdv4MCvez1YIS0grxR5B2RlDZJL9CpGLN1xow5OcqaxqgHRA1Wg4k7x6y9wpzZ5wv6KDiD:1qzAjy:XSCkdkbCUQmciOsrff2eZ5jEp1bjGvWKzd7-Hx_GQvA', '2023-11-18 07:06:42.947682'),
	('dx9zkz615zs5ge2dhjqj61bv5cma2t6d', '.eJxVjDsOwjAQBe_iGln-reOlpOcM1tre4ABypDipEHeHSCmgfTPzXiLStta4dV7iVMRZaBCn3zFRfnDbSblTu80yz21dpiR3RR60y-tc-Hk53L-DSr1-azMo9M5CsKwdeUBGG3Qw7Mh6b7wZkAJoZkSFWJRRJYMdxxSAg3NevD-_VTZ_:1r00jG:jR1fAuubfvHgPTxZkJ7d1leSVjaY6d0UVckkKPtUkxY', '2023-11-20 17:37:26.291561'),
	('e34cauczwdluywwdj53wfll1n7cawn4n', '.eJxVjDsOwyAQBe9CHSGw-aZM7zOghV2CkwgkY1dR7h5bcpG0b2bemwXY1hK2TkuYkV2ZHNnld4yQnlQPgg-o98ZTq-syR34o_KSdTw3pdTvdv4MCvez1YIS0grxR5B2RlDZJL9CpGLN1xow5OcqaxqgHRA1Wg4k7x6y9wpzZ5wv6KDiD:1r2ayp:68jvTfqwUomMJZpe5SuZvGDFWpX9JkrC5g366heUxYs', '2023-11-27 20:44:11.744999'),
	('egtao572y6n6p4y1wdzjfw3nltltaxrl', '.eJxVjDsOwyAQBe9CHSHAfNYp0_sMCNglOIlAMnYV5e6xJRdJ-2bmvZkP21r81mnxM7IrkwO7_I4xpCfVg-Aj1HvjqdV1mSM_FH7SzqeG9Lqd7t9BCb3sNQgtlUHKMqDVFi1GMujGMYMAITUoBTpQAoHKaNKOUo40RKcAYafs8wUBGjfo:1rFcH9:mkV0hQWvFrmHB0ElByzBewvc03z7nkozq4Mm_i-NfCA', '2024-01-02 18:44:55.299434'),
	('eu45x5fa9gpjwmf0djk0wpjlj8wrn5nd', '.eJxVjDsOwjAQBe_iGln-reOlpOcM1tre4ABypDipEHeHSCmgfTPzXiLStta4dV7iVMRZaBCn3zFRfnDbSblTu80yz21dpiR3RR60y-tc-Hk53L-DSr1-azMo9M5CsKwdeUBGG3Qw7Mh6b7wZkAJoZkSFWJRRJYMdxxSAg3NevD-_VTZ_:1qzIRq:eD78p4J2L6qhVXFqm9Y8UXXmgc9yqEw-7fSXweSA5wo', '2023-11-18 15:20:30.117917'),
	('exrawimxyplehwr45vk1a0zc93djk1u4', '.eJxVjDsOwjAQBe_iGln-reOlpOcM1tre4ABypDipEHeHSCmgfTPzXiLStta4dV7iVMRZaBCn3zFRfnDbSblTu80yz21dpiR3RR60y-tc-Hk53L-DSr1-azMo9M5CsKwdeUBGG3Qw7Mh6b7wZkAJoZkSFWJRRJYMdxxSAg3NevD-_VTZ_:1r2pzP:CT4O0nGyDc8q3M947o6GtihKTZMV2QQAZPTtIGIDB0I', '2023-11-28 12:45:47.812946'),
	('fn34b3uk9atgbrw5wl697mn5g0l01jn8', '.eJxVjDsOwyAQBe9CHSGw-aZM7zOghV2CkwgkY1dR7h5bcpG0b2bemwXY1hK2TkuYkV2ZHNnld4yQnlQPgg-o98ZTq-syR34o_KSdTw3pdTvdv4MCvez1YIS0grxR5B2RlDZJL9CpGLN1xow5OcqaxqgHRA1Wg4k7x6y9wpzZ5wv6KDiD:1r7gMv:VPb2ey3rapAFnBeD7GZD-dQjCkn8itnq-gf42LxdGYs', '2023-12-11 21:30:05.619361'),
	('g6a5yevwlw380naohp9ihr1odvkw8ly8', '.eJxVjDsOwyAQBe9CHSGw-aZM7zOghV2CkwgkY1dR7h5bcpG0b2bemwXY1hK2TkuYkV2ZHNnld4yQnlQPgg-o98ZTq-syR34o_KSdTw3pdTvdv4MCvez1YIS0grxR5B2RlDZJL9CpGLN1xow5OcqaxqgHRA1Wg4k7x6y9wpzZ5wv6KDiD:1r7Ij1:uv9EQpmRWi6jjiJpoTwIqn1D6mUkzrzWWetzNAsphHA', '2023-12-10 20:15:19.669186'),
	('ga5aeqi9wyu2pp8w8swguh5i24wg404r', '.eJxVjDsOwyAQBe9CHSGw-aZM7zOghV2CkwgkY1dR7h5bcpG0b2bemwXY1hK2TkuYkV2ZHNnld4yQnlQPgg-o98ZTq-syR34o_KSdTw3pdTvdv4MCvez1YIS0grxR5B2RlDZJL9CpGLN1xow5OcqaxqgHRA1Wg4k7x6y9wpzZ5wv6KDiD:1qzcvh:ikW1YewV0yDL01gDaz1x0-7UptM-xSSWJAXcsp0_-4A', '2023-11-19 13:12:41.895129'),
	('gawo4jx8a3irn2lyrmcwswbsjep0sl76', '.eJxVjDsOwyAQBe9CHSGw-aZM7zOghV2CkwgkY1dR7h5bcpG0b2bemwXY1hK2TkuYkV2ZHNnld4yQnlQPgg-o98ZTq-syR34o_KSdTw3pdTvdv4MCvez1YIS0grxR5B2RlDZJL9CpGLN1xow5OcqaxqgHRA1Wg4k7x6y9wpzZ5wv6KDiD:1r26XE:uRLpJcZyGSEpzJKMbiqVJlf1arJ621PgvSYvWo7eBoI', '2023-11-26 12:13:40.958010'),
	('geet4nzb8bayinjea2sii2qfup2d05f6', '.eJxVjDsOwjAQBe_iGln-reOlpOcM1tre4ABypDipEHeHSCmgfTPzXiLStta4dV7iVMRZaBCn3zFRfnDbSblTu80yz21dpiR3RR60y-tc-Hk53L-DSr1-azMo9M5CsKwdeUBGG3Qw7Mh6b7wZkAJoZkSFWJRRJYMdxxSAg3NevD-_VTZ_:1r2anZ:3pBcFGQ5LbX4tQi9Jnr3RBJnNg_Jlro0iXG8hR-iWsQ', '2023-11-27 20:32:33.077797'),
	('gfmvz4jy399rxjcx91oh8mjdm70f6ubq', '.eJxVjDsOwyAQBe9CHSGw-aZM7zOghV2CkwgkY1dR7h5bcpG0b2bemwXY1hK2TkuYkV2ZHNnld4yQnlQPgg-o98ZTq-syR34o_KSdTw3pdTvdv4MCvez1YIS0grxR5B2RlDZJL9CpGLN1xow5OcqaxqgHRA1Wg4k7x6y9wpzZ5wv6KDiD:1qyaCl:hTyFLSEFTVcy_8hgTKCsG2GOoV612NZR17Ox3I25daQ', '2023-11-16 16:05:59.845453'),
	('gkrtod73b31pih1vg4q6a0zzo96igpyp', '.eJxVjDsOwyAQBe9CHSGw-aZM7zOghV2CkwgkY1dR7h5bcpG0b2bemwXY1hK2TkuYkV2ZHNnld4yQnlQPgg-o98ZTq-syR34o_KSdTw3pdTvdv4MCvez1YIS0grxR5B2RlDZJL9CpGLN1xow5OcqaxqgHRA1Wg4k7x6y9wpzZ5wv6KDiD:1r5H3q:jGDA85_dEtTC2xIPXuvbOBN0tZZ22CbnpxljLzN2oo0', '2023-12-05 06:04:26.974012'),
	('gpewgebq9r5aoh8dm41qkxdj0w3z8j4u', '.eJxVjDsOwjAQBe_iGln-reOlpOcM1tre4ABypDipEHeHSCmgfTPzXiLStta4dV7iVMRZaBCn3zFRfnDbSblTu80yz21dpiR3RR60y-tc-Hk53L-DSr1-azMo9M5CsKwdeUBGG3Qw7Mh6b7wZkAJoZkSFWJRRJYMdxxSAg3NevD-_VTZ_:1r1jRX:zd53KkbmqoKBHOjScM2MaY_g3n1gE1ahyFa6-nWnCjA', '2023-11-25 11:34:15.515981'),
	('hca3dv01ogzcf2bjqauppkrbu3b9k7a7', '.eJxVjDsOwyAQBe9CHSGw-aZM7zOghV2CkwgkY1dR7h5bcpG0b2bemwXY1hK2TkuYkV2ZHNnld4yQnlQPgg-o98ZTq-syR34o_KSdTw3pdTvdv4MCvez1YIS0grxR5B2RlDZJL9CpGLN1xow5OcqaxqgHRA1Wg4k7x6y9wpzZ5wv6KDiD:1r5TUj:vIBXP3UM17tTGnz-Gm4Ly4iPeeTTpVxXrdgjRgBmJQ8', '2023-12-05 19:21:01.240074'),
	('hjuim42c7gnmt92eqdn9efm70wjn5lqi', '.eJxVjDsOwjAQBe_iGln-reOlpOcM1tre4ABypDipEHeHSCmgfTPzXiLStta4dV7iVMRZaBCn3zFRfnDbSblTu80yz21dpiR3RR60y-tc-Hk53L-DSr1-azMo9M5CsKwdeUBGG3Qw7Mh6b7wZkAJoZkSFWJRRJYMdxxSAg3NevD-_VTZ_:1r2qA0:zfQHXLzmPTOLQAHw9umGSLHyIpBEGA13kvUFX28G0jw', '2023-11-28 12:56:44.433565'),
	('hwtur5cwdib70s0tajp9umdrlfaf4ldo', '.eJxVjDsOwyAQBe9CHSGw-aZM7zOghV2CkwgkY1dR7h5bcpG0b2bemwXY1hK2TkuYkV2ZHNnld4yQnlQPgg-o98ZTq-syR34o_KSdTw3pdTvdv4MCvez1YIS0grxR5B2RlDZJL9CpGLN1xow5OcqaxqgHRA1Wg4k7x6y9wpzZ5wv6KDiD:1r2T2j:_Mr6618qXORQWINf4eOzNulUwBXyCXszxpEmxl0tXbI', '2023-11-27 12:15:41.796607'),
	('hy96gngw38te4rbkmmoj9q4xjupyqw98', '.eJxVjDsOwyAQBe9CHSGw-aZM7zOghV2CkwgkY1dR7h5bcpG0b2bemwXY1hK2TkuYkV2ZHNnld4yQnlQPgg-o98ZTq-syR34o_KSdTw3pdTvdv4MCvez1YIS0grxR5B2RlDZJL9CpGLN1xow5OcqaxqgHRA1Wg4k7x6y9wpzZ5wv6KDiD:1r66s1:4-TignlJcOrvI-PS26NMt6XAz-gB5BKzL8LlNWFzXzU', '2023-12-07 13:23:41.614612'),
	('hzl430uxn9n5670rp5t9wrbw295qom96', '.eJxVjDsOwyAQBe9CHSGw-aZM7zOghV2CkwgkY1dR7h5bcpG0b2bemwXY1hK2TkuYkV2ZHNnld4yQnlQPgg-o98ZTq-syR34o_KSdTw3pdTvdv4MCvez1YIS0grxR5B2RlDZJL9CpGLN1xow5OcqaxqgHRA1Wg4k7x6y9wpzZ5wv6KDiD:1qywpy:MECuGMqROf82v1IoTGDkgnEsR08pCYYgdQAl1ixcU_E', '2023-11-17 16:15:58.417060'),
	('i89rwpik5eafh4v4zvu4n0f03cjhnb90', '.eJxVjDsOwyAQBe9CHSGw-aZM7zOghV2CkwgkY1dR7h5bcpG0b2bemwXY1hK2TkuYkV2ZHNnld4yQnlQPgg-o98ZTq-syR34o_KSdTw3pdTvdv4MCvez1YIS0grxR5B2RlDZJL9CpGLN1xow5OcqaxqgHRA1Wg4k7x6y9wpzZ5wv6KDiD:1r2rpS:7k_pFI1TZ0jXDC9lw_2JPnLPd8KuJVmOiovl-qq-ZQY', '2023-11-28 14:43:38.093783'),
	('ic82aaf8qwop3i9vbwfbjv4v0peyi6vq', '.eJxVjDsOwyAQBe9CHSGw-aZM7zOghV2CkwgkY1dR7h5bcpG0b2bemwXY1hK2TkuYkV2ZHNnld4yQnlQPgg-o98ZTq-syR34o_KSdTw3pdTvdv4MCvez1YIS0grxR5B2RlDZJL9CpGLN1xow5OcqaxqgHRA1Wg4k7x6y9wpzZ5wv6KDiD:1qypTe:D-xdiRcc8HqN8zoJHhl5wwcMlG6Bzg6ILde2IAmFW0w', '2023-11-17 08:24:26.488592'),
	('igf9mkrl3zwzqa8j2vjiu7g43b4rp4ey', '.eJxVjDsOwyAQBe9CHSGw-aZM7zOghV2CkwgkY1dR7h5bcpG0b2bemwXY1hK2TkuYkV2ZHNnld4yQnlQPgg-o98ZTq-syR34o_KSdTw3pdTvdv4MCvez1YIS0grxR5B2RlDZJL9CpGLN1xow5OcqaxqgHRA1Wg4k7x6y9wpzZ5wv6KDiD:1r5Sjs:03MbVyLIf5UVr1NyKyvIT6OoobZPDCmRje4Ei69sLAk', '2023-12-05 18:32:36.383276'),
	('ippvxvun6fwhi79ur77uz9k07zvir9cr', '.eJxVjDsOwjAQBe_iGln-reOlpOcM1tre4ABypDipEHeHSCmgfTPzXiLStta4dV7iVMRZaBCn3zFRfnDbSblTu80yz21dpiR3RR60y-tc-Hk53L-DSr1-azMo9M5CsKwdeUBGG3Qw7Mh6b7wZkAJoZkSFWJRRJYMdxxSAg3NevD-_VTZ_:1qzY09:8bppZrkOuueqeWGalOQS5gnc2NlkynMh-Py31dE0X8A', '2023-11-19 07:56:57.454029'),
	('j6oyg7h46dp1d94yg3yk3oyy42fjengv', '.eJxVjDsOwyAQBe9CHSGw-aZM7zOghV2CkwgkY1dR7h5bcpG0b2bemwXY1hK2TkuYkV2ZHNnld4yQnlQPgg-o98ZTq-syR34o_KSdTw3pdTvdv4MCvez1YIS0grxR5B2RlDZJL9CpGLN1xow5OcqaxqgHRA1Wg4k7x6y9wpzZ5wv6KDiD:1qyxHW:OJXxJvyhxUuoK9NlbRzRoaFJSMgClavwwp0y5Tcc_4A', '2023-11-17 16:44:26.772969'),
	('j7bdz1747eie1urxkfgeikh1i1s0ylj9', '.eJxVjDsOwyAQBe9CHSGw-aZM7zOghV2CkwgkY1dR7h5bcpG0b2bemwXY1hK2TkuYkV2ZHNnld4yQnlQPgg-o98ZTq-syR34o_KSdTw3pdTvdv4MCvez1YIS0grxR5B2RlDZJL9CpGLN1xow5OcqaxqgHRA1Wg4k7x6y9wpzZ5wv6KDiD:1r2QOz:K8ImbqMyOwUYcIYFq8QTIQBoHpsXk5S4W9CuHOvcNc4', '2023-11-27 09:26:29.928743'),
	('jbgzx2ub54a2rhfage69lzwm4mnramn8', '.eJxVjDsOwjAQBe_iGln-reOlpOcM1tre4ABypDipEHeHSCmgfTPzXiLStta4dV7iVMRZaBCn3zFRfnDbSblTu80yz21dpiR3RR60y-tc-Hk53L-DSr1-azMo9M5CsKwdeUBGG3Qw7Mh6b7wZkAJoZkSFWJRRJYMdxxSAg3NevD-_VTZ_:1qzXbd:2K6Sue9Gb8rzdWJG-gJbn-03gJAFlzWFCAHgF50MwAI', '2023-11-19 07:31:37.739121'),
	('jcjhyu852lzuygt0jxu7h6sk52v09dwi', '.eJxVjDsOwjAQBe_iGln-reOlpOcM1tre4ABypDipEHeHSCmgfTPzXiLStta4dV7iVMRZaBCn3zFRfnDbSblTu80yz21dpiR3RR60y-tc-Hk53L-DSr1-azMo9M5CsKwdeUBGG3Qw7Mh6b7wZkAJoZkSFWJRRJYMdxxSAg3NevD-_VTZ_:1qzYXQ:RC89B-mSyHwM1r6CQqeNTnWLBaZ8eOvX7CZbSH1Y5yA', '2023-11-19 08:31:20.618170'),
	('jqi1st0tldnqk2fppp092pwhsooztxoi', '.eJxVjDsOwyAQBe9CHSGw-aZM7zOghV2CkwgkY1dR7h5bcpG0b2bemwXY1hK2TkuYkV2ZHNnld4yQnlQPgg-o98ZTq-syR34o_KSdTw3pdTvdv4MCvez1YIS0grxR5B2RlDZJL9CpGLN1xow5OcqaxqgHRA1Wg4k7x6y9wpzZ5wv6KDiD:1r00D4:K1PtpIAUPhK6DSdev5888zJNbJiZjRvtZ775PLSDN1U', '2023-11-20 17:04:10.224773'),
	('kag8guv28z4pvx5lw2ao5apr7r7nl9ji', '.eJxVjDsOwyAQBe9CHSGw-aZM7zOghV2CkwgkY1dR7h5bcpG0b2bemwXY1hK2TkuYkV2ZHNnld4yQnlQPgg-o98ZTq-syR34o_KSdTw3pdTvdv4MCvez1YIS0grxR5B2RlDZJL9CpGLN1xow5OcqaxqgHRA1Wg4k7x6y9wpzZ5wv6KDiD:1qz9EJ:9G9rUvt3L1l3FbpQEgT__uePB53uB7mWakSZi5Mzdj8', '2023-11-18 05:29:55.983082'),
	('kuldjzkujmq7alswoj5ggii695qfkp2e', '.eJxVjDsOwjAQBe_iGln-reOlpOcM1tre4ABypDipEHeHSCmgfTPzXiLStta4dV7iVMRZaBCn3zFRfnDbSblTu80yz21dpiR3RR60y-tc-Hk53L-DSr1-azMo9M5CsKwdeUBGG3Qw7Mh6b7wZkAJoZkSFWJRRJYMdxxSAg3NevD-_VTZ_:1qzZRf:2PFhmbLvM0oi1mb_kUKi3VSLsJa_WHdZS32VA0M7bxA', '2023-11-19 09:29:27.360713'),
	('lelkby7iiamkkfnwkfpatjnfdquaq6b3', '.eJxVjDsOwyAQBe9CHSGw-aZM7zOghV2CkwgkY1dR7h5bcpG0b2bemwXY1hK2TkuYkV2ZHNnld4yQnlQPgg-o98ZTq-syR34o_KSdTw3pdTvdv4MCvez1YIS0grxR5B2RlDZJL9CpGLN1xow5OcqaxqgHRA1Wg4k7x6y9wpzZ5wv6KDiD:1r2UDn:rx_YWshmkrL5Xx1ysk3EyHMJtIzWjGamZoGUVxfGdl0', '2023-11-27 13:31:11.249648'),
	('lnfru9j2j00tlo8emfmx87zcinft72m2', '.eJxVjDsOwyAQBe9CHSGw-aZM7zOghV2CkwgkY1dR7h5bcpG0b2bemwXY1hK2TkuYkV2ZHNnld4yQnlQPgg-o98ZTq-syR34o_KSdTw3pdTvdv4MCvez1YIS0grxR5B2RlDZJL9CpGLN1xow5OcqaxqgHRA1Wg4k7x6y9wpzZ5wv6KDiD:1r7fiT:LZB7z2QRw-6gGw-CENwdAQjmLkwufFqIj8CDW6wIiQQ', '2023-12-11 20:48:17.374783'),
	('lp68yyqj4cd4hn6s47punb9cfwi3d11w', '.eJxVjDsOwjAQBe_iGln-reOlpOcM1tre4ABypDipEHeHSCmgfTPzXiLStta4dV7iVMRZaBCn3zFRfnDbSblTu80yz21dpiR3RR60y-tc-Hk53L-DSr1-azMo9M5CsKwdeUBGG3Qw7Mh6b7wZkAJoZkSFWJRRJYMdxxSAg3NevD-_VTZ_:1qzXwR:VrZ9qy61TCkPam9h60FfE2h3cWXOW-yWuGxcg6T7rfI', '2023-11-19 07:53:07.091356'),
	('m7k26qkzv2qjjoo41fidm6ir55ybbqds', '.eJxVjDsOwyAQBe9CHSGw-aZM7zOghV2CkwgkY1dR7h5bcpG0b2bemwXY1hK2TkuYkV2ZHNnld4yQnlQPgg-o98ZTq-syR34o_KSdTw3pdTvdv4MCvez1YIS0grxR5B2RlDZJL9CpGLN1xow5OcqaxqgHRA1Wg4k7x6y9wpzZ5wv6KDiD:1qyaE4:lvHWPYkLZwkayoWFX2olMDBOEkfZ3xdgkzwvzKngP2c', '2023-11-16 16:07:20.118098'),
	('mja4wymbclpk21q5m7qub8kbttmcpdp5', '.eJxVjDsOwjAQBe_iGln-reOlpOcM1tre4ABypDipEHeHSCmgfTPzXiLStta4dV7iVMRZaBCn3zFRfnDbSblTu80yz21dpiR3RR60y-tc-Hk53L-DSr1-azMo9M5CsKwdeUBGG3Qw7Mh6b7wZkAJoZkSFWJRRJYMdxxSAg3NevD-_VTZ_:1qzXYN:GGXYF8rYh-g0umQ6V-C6AaIYqAiA1TkKI4JoDsiIlts', '2023-11-19 07:28:15.269231'),
	('n1ggozlq2jndj9qjqphrmezwzsmcnrzh', '.eJxVjDsOwyAQBe9CHSGw-aZM7zOghV2CkwgkY1dR7h5bcpG0b2bemwXY1hK2TkuYkV2ZHNnld4yQnlQPgg-o98ZTq-syR34o_KSdTw3pdTvdv4MCvez1YIS0grxR5B2RlDZJL9CpGLN1xow5OcqaxqgHRA1Wg4k7x6y9wpzZ5wv6KDiD:1qzB9d:QGi4oOYn3-W8mYpfKsOd9PxAieajivVgN-42lKeSmEk', '2023-11-18 07:33:13.253188'),
	('n773w87fi6bhntf8yxlb8jgkdxapm9lk', '.eJxVjDsOwyAQBe9CHSGw-aZM7zOghV2CkwgkY1dR7h5bcpG0b2bemwXY1hK2TkuYkV2ZHNnld4yQnlQPgg-o98ZTq-syR34o_KSdTw3pdTvdv4MCvez1YIS0grxR5B2RlDZJL9CpGLN1xow5OcqaxqgHRA1Wg4k7x6y9wpzZ5wv6KDiD:1r7fOQ:Xk4ak_-1QcwAPEEwhwevDGe4lF65ki0EWBnezfekQnY', '2023-12-11 20:27:34.351733'),
	('ne3m2323gpespj9rfjznozwebhr223el', '.eJxVjDsOwyAQBe9CHSGw-aZM7zOghV2CkwgkY1dR7h5bcpG0b2bemwXY1hK2TkuYkV2ZHNnld4yQnlQPgg-o98ZTq-syR34o_KSdTw3pdTvdv4MCvez1YIS0grxR5B2RlDZJL9CpGLN1xow5OcqaxqgHRA1Wg4k7x6y9wpzZ5wv6KDiD:1qya7u:fqc5Ul0LoNXLHiaFMn1lm_2LIRQuM-MBMtR9z_BbXEM', '2023-11-16 16:00:58.171327'),
	('nmzrvptbv0fo1ky042ig96h79ic6a2ly', '.eJxVjDsOwyAQBe9CHSGw-aZM7zOghV2CkwgkY1dR7h5bcpG0b2bemwXY1hK2TkuYkV2ZHNnld4yQnlQPgg-o98ZTq-syR34o_KSdTw3pdTvdv4MCvez1YIS0grxR5B2RlDZJL9CpGLN1xow5OcqaxqgHRA1Wg4k7x6y9wpzZ5wv6KDiD:1r2RFw:8qCw6sIV2LK-Vf4d3rCG2EMVm1Zrs6yqzvD-NwgDYAE', '2023-11-27 10:21:12.825461'),
	('nuf3h5lnso44nw29l1pk1a8zuqfw6tm4', '.eJxVjDsOwyAQBe9CHSGw-aZM7zOghV2CkwgkY1dR7h5bcpG0b2bemwXY1hK2TkuYkV2ZHNnld4yQnlQPgg-o98ZTq-syR34o_KSdTw3pdTvdv4MCvez1YIS0grxR5B2RlDZJL9CpGLN1xow5OcqaxqgHRA1Wg4k7x6y9wpzZ5wv6KDiD:1r2T9S:uoGMnR-YvOyxpmXSSEjGPgMIzfeO2jy7nbOzESae6EU', '2023-11-27 12:22:38.156574'),
	('nzh1h5llvntovalmui06o0lb63ff02v2', '.eJxVjDsOwjAQBe_iGln-reOlpOcM1tre4ABypDipEHeHSCmgfTPzXiLStta4dV7iVMRZaBCn3zFRfnDbSblTu80yz21dpiR3RR60y-tc-Hk53L-DSr1-azMo9M5CsKwdeUBGG3Qw7Mh6b7wZkAJoZkSFWJRRJYMdxxSAg3NevD-_VTZ_:1qzX2o:dJWAviKRutRTHaJyaY1BX1f0pMWuVFlemE1p6XDcOMw', '2023-11-19 06:55:38.381857'),
	('o24l2fqoe08eolw3gp4rcl0l672b2tpq', '.eJxVjDsOwyAQBe9CHSGw-aZM7zOghV2CkwgkY1dR7h5bcpG0b2bemwXY1hK2TkuYkV2ZHNnld4yQnlQPgg-o98ZTq-syR34o_KSdTw3pdTvdv4MCvez1YIS0grxR5B2RlDZJL9CpGLN1xow5OcqaxqgHRA1Wg4k7x6y9wpzZ5wv6KDiD:1r5PPO:3-myEH-1d43aRwNYnt_P-qrpZ5aDxfYEeWZmHP2rt0Q', '2023-12-05 14:59:14.996964'),
	('o52owziaitjeds8g69c9v1v772lowew5', '.eJxVjDsOwyAQBe9CHSGw-aZM7zOghV2CkwgkY1dR7h5bcpG0b2bemwXY1hK2TkuYkV2ZHNnld4yQnlQPgg-o98ZTq-syR34o_KSdTw3pdTvdv4MCvez1YIS0grxR5B2RlDZJL9CpGLN1xow5OcqaxqgHRA1Wg4k7x6y9wpzZ5wv6KDiD:1qyrTC:tY9OAICrfyVzfsQXYn841aQwABRHovR2D4XJiok_yZ8', '2023-11-17 10:32:06.037672'),
	('o7oia24d7udj7h7di82yo7hizseskvjg', '.eJxVjDsOwjAQBe_iGln-reOlpOcM1tre4ABypDipEHeHSCmgfTPzXiLStta4dV7iVMRZaBCn3zFRfnDbSblTu80yz21dpiR3RR60y-tc-Hk53L-DSr1-azMo9M5CsKwdeUBGG3Qw7Mh6b7wZkAJoZkSFWJRRJYMdxxSAg3NevD-_VTZ_:1qzY7C:yIp31Qt6WTNiMzOS3I8DrOfGAtGFr3VEJPo6X1OBezM', '2023-11-19 08:04:14.316218'),
	('ob7va1us3wd6bu5mlnxeat1mspa0laob', '.eJxVjDsOwyAQBe9CHSGw-aZM7zOghV2CkwgkY1dR7h5bcpG0b2bemwXY1hK2TkuYkV2ZHNnld4yQnlQPgg-o98ZTq-syR34o_KSdTw3pdTvdv4MCvez1YIS0grxR5B2RlDZJL9CpGLN1xow5OcqaxqgHRA1Wg4k7x6y9wpzZ5wv6KDiD:1qyb17:suMzRYajwO622mCdl_IghvdwA_J4odoAJKW5aTaXaL4', '2023-11-16 16:58:01.258131'),
	('pglue6b774nx7guu0im8yet2xyjk4sgk', '.eJxVjDsOwyAQBe9CHSGw-aZM7zOghV2CkwgkY1dR7h5bcpG0b2bemwXY1hK2TkuYkV2ZHNnld4yQnlQPgg-o98ZTq-syR34o_KSdTw3pdTvdv4MCvez1YIS0grxR5B2RlDZJL9CpGLN1xow5OcqaxqgHRA1Wg4k7x6y9wpzZ5wv6KDiD:1r2QWk:rKAkRLfGvrZmzcR_64EXcZFeNonK9HYVneshJITTxg0', '2023-11-27 09:34:30.394796'),
	('phw7vomouvee9fxzl9s2wsx6ugaiw1h5', '.eJxVjDsOwyAQBe9CHSGw-aZM7zOghV2CkwgkY1dR7h5bcpG0b2bemwXY1hK2TkuYkV2ZHNnld4yQnlQPgg-o98ZTq-syR34o_KSdTw3pdTvdv4MCvez1YIS0grxR5B2RlDZJL9CpGLN1xow5OcqaxqgHRA1Wg4k7x6y9wpzZ5wv6KDiD:1r66eM:9nPnt1uJrmG3VCp4GoEqvoVtMN5jtALbBe9pFJrCShk', '2023-12-07 13:09:34.255507'),
	('pifmfb36i74zaeb91lj2r7qbly443rhd', '.eJxVjDsOwjAQBe_iGln-reOlpOcM1tre4ABypDipEHeHSCmgfTPzXiLStta4dV7iVMRZaBCn3zFRfnDbSblTu80yz21dpiR3RR60y-tc-Hk53L-DSr1-azMo9M5CsKwdeUBGG3Qw7Mh6b7wZkAJoZkSFWJRRJYMdxxSAg3NevD-_VTZ_:1r2qCG:mPS0OIJjNY2-2i6wk5lxVU_w28MQwxM6RpjpKTQOu98', '2023-11-28 12:59:04.256204'),
	('pmiewar3zzcq0aju9n7wk2w9xbii6205', '.eJxVjDsOwyAQBe9CHSGw-aZM7zOghV2CkwgkY1dR7h5bcpG0b2bemwXY1hK2TkuYkV2ZHNnld4yQnlQPgg-o98ZTq-syR34o_KSdTw3pdTvdv4MCvez1YIS0grxR5B2RlDZJL9CpGLN1xow5OcqaxqgHRA1Wg4k7x6y9wpzZ5wv6KDiD:1r5Jzt:aA9wgCDux3BPIcuvMjm58IeIZ8XhInG8mTpc9NwP7mE', '2023-12-05 09:12:33.069685'),
	('q6rid3qlfr0myx0s4kuw6ph9jtrkt5pt', '.eJxVjDsOwjAQBe_iGln-reOlpOcM1tre4ABypDipEHeHSCmgfTPzXiLStta4dV7iVMRZaBCn3zFRfnDbSblTu80yz21dpiR3RR60y-tc-Hk53L-DSr1-azMo9M5CsKwdeUBGG3Qw7Mh6b7wZkAJoZkSFWJRRJYMdxxSAg3NevD-_VTZ_:1qzWsB:5-CYjzLGaIXphxcOM3YG6J1GwKyfqXuOe3O1W_JO8zg', '2023-11-19 06:44:39.624888'),
	('qe5u8m716hmxbs6k4uarrp7zh79en0vy', 'e30:1qya73:wtDPcfPE9l2SXiFX6i_idJiHP0XR22KMs4ZWaJGNEoA', '2023-11-16 16:00:05.301753'),
	('qh55n6fhogvffyfqt0czuvhobku972zw', '.eJxVjMsOwiAQRf-FtSGEh4BL934DmRkGqRpISrtq_Hdt0oVu7znnbiLButS0Dp7TlMVFmLM4_Y4I9OS2k_yAdu-SelvmCeWuyIMOeeuZX9fD_TuoMOq3LsFGhuAZsHiKgJpjyI6MCxxsQSRrnAUuoHwBVEWR1tpgZB2cNyjeH0J5OTU:1rFGtQ:5Iodn5EwO7JYrwPnBOSp--3leK7TqIPjl91GZ9EHBpg', '2024-01-01 19:55:00.737757'),
	('qhoc4c1fi5o0sf8xpwwb4wd7jty5qbh5', '.eJxVjDsOwyAQBe9CHSGw-aZM7zOghV2CkwgkY1dR7h5bcpG0b2bemwXY1hK2TkuYkV2ZHNnld4yQnlQPgg-o98ZTq-syR34o_KSdTw3pdTvdv4MCvez1YIS0grxR5B2RlDZJL9CpGLN1xow5OcqaxqgHRA1Wg4k7x6y9wpzZ5wv6KDiD:1qybOr:v3yUk1jx7Mzy-fGatoTcjsQpLURciiLDvB08HzcljQ0', '2023-11-16 17:22:33.721398'),
	('qjpsgt9j09g5svcix165vdrqkipjr76k', '.eJxVjDsOwyAQBe9CHSGw-aZM7zOghV2CkwgkY1dR7h5bcpG0b2bemwXY1hK2TkuYkV2ZHNnld4yQnlQPgg-o98ZTq-syR34o_KSdTw3pdTvdv4MCvez1YIS0grxR5B2RlDZJL9CpGLN1xow5OcqaxqgHRA1Wg4k7x6y9wpzZ5wv6KDiD:1r2UD9:_nQQ7ShJ6wLfpqX77UFyrQvrfZKCSkT7xV1Jvgj93PE', '2023-11-27 13:30:31.321495'),
	('quax0mf4o1adfef2p2un7cnh7lfo7zci', '.eJxVjDsOwyAQBe9CHSGw-aZM7zOghV2CkwgkY1dR7h5bcpG0b2bemwXY1hK2TkuYkV2ZHNnld4yQnlQPgg-o98ZTq-syR34o_KSdTw3pdTvdv4MCvez1YIS0grxR5B2RlDZJL9CpGLN1xow5OcqaxqgHRA1Wg4k7x6y9wpzZ5wv6KDiD:1r2U9F:KvTZhTBkpDcTs9dDRNo2msryiGISah8w2wD5_gK74ZY', '2023-11-27 13:26:29.187041'),
	('qx9h4qzjjsxhlsygoimv6o9xym8w553z', '.eJxVjDsOwjAQBe_iGln-reOlpOcM1tre4ABypDipEHeHSCmgfTPzXiLStta4dV7iVMRZaBCn3zFRfnDbSblTu80yz21dpiR3RR60y-tc-Hk53L-DSr1-azMo9M5CsKwdeUBGG3Qw7Mh6b7wZkAJoZkSFWJRRJYMdxxSAg3NevD-_VTZ_:1qzX4F:KzG05tStRtyPdUMqRzdmqdQsNcVlP-FwF_8UpUbsMFs', '2023-11-19 06:57:07.354326'),
	('r2365xytafagy1zozmyhxza2rmqbszrz', '.eJxVjDsOwyAQBe9CHSGw-aZM7zOghV2CkwgkY1dR7h5bcpG0b2bemwXY1hK2TkuYkV2ZHNnld4yQnlQPgg-o98ZTq-syR34o_KSdTw3pdTvdv4MCvez1YIS0grxR5B2RlDZJL9CpGLN1xow5OcqaxqgHRA1Wg4k7x6y9wpzZ5wv6KDiD:1r4f2C:FLqzqNZLkvtmNyH1QyKTCbeCfEFNVzrsN1wrl29N1DE', '2023-12-03 13:28:12.772477'),
	('r49m5efo7ny6fr4qtfqhpdr5gpap069e', '.eJxVjDsOwjAQBe_iGln-reOlpOcM1tre4ABypDipEHeHSCmgfTPzXiLStta4dV7iVMRZaBCn3zFRfnDbSblTu80yz21dpiR3RR60y-tc-Hk53L-DSr1-azMo9M5CsKwdeUBGG3Qw7Mh6b7wZkAJoZkSFWJRRJYMdxxSAg3NevD-_VTZ_:1qzZu5:uYZ_KxHTjP0oU3TJ85d9Mg8aIV-IBGKswOGArpPzedk', '2023-11-19 09:58:49.314463'),
	('rfkpzmk2ukp5lfd5yq9bs592xdmvooar', '.eJxVjDsOwyAQBe9CHSGw-aZM7zOghV2CkwgkY1dR7h5bcpG0b2bemwXY1hK2TkuYkV2ZHNnld4yQnlQPgg-o98ZTq-syR34o_KSdTw3pdTvdv4MCvez1YIS0grxR5B2RlDZJL9CpGLN1xow5OcqaxqgHRA1Wg4k7x6y9wpzZ5wv6KDiD:1r7fAm:XfDLBGmfm6gLOlcbD_dJGDztlrjjaamDK2Q5FlkEbmA', '2023-12-11 20:13:28.674710'),
	('rkpb2au5wt2vy39do8h8jcgimyak89x5', '.eJxVjDsOwyAQBe9CHSGw-aZM7zOghV2CkwgkY1dR7h5bcpG0b2bemwXY1hK2TkuYkV2ZHNnld4yQnlQPgg-o98ZTq-syR34o_KSdTw3pdTvdv4MCvez1YIS0grxR5B2RlDZJL9CpGLN1xow5OcqaxqgHRA1Wg4k7x6y9wpzZ5wv6KDiD:1r1r2I:k2iTyyCdM-Ply_5sPbn_dihyQU-55vc8DUBhR3noAKs', '2023-11-25 19:40:42.254930'),
	('rswkm574dix2n9nfg9fdjoxm2zljeuzw', '.eJxVjDsOwjAQBe_iGln-reOlpOcM1tre4ABypDipEHeHSCmgfTPzXiLStta4dV7iVMRZaBCn3zFRfnDbSblTu80yz21dpiR3RR60y-tc-Hk53L-DSr1-azMo9M5CsKwdeUBGG3Qw7Mh6b7wZkAJoZkSFWJRRJYMdxxSAg3NevD-_VTZ_:1qzZud:G7AtdNCFvwago5gFgBpjVyS0vfFg8Mh47n_x3rETm0s', '2023-11-19 09:59:23.034496'),
	('rzvkzxge1rt4jlyfkm44p53ze1eb6pj0', '.eJxVjDsOwyAQBe9CHSGw-aZM7zOghV2CkwgkY1dR7h5bcpG0b2bemwXY1hK2TkuYkV2ZHNnld4yQnlQPgg-o98ZTq-syR34o_KSdTw3pdTvdv4MCvez1YIS0grxR5B2RlDZJL9CpGLN1xow5OcqaxqgHRA1Wg4k7x6y9wpzZ5wv6KDiD:1r5H4N:tyXmP7ue4CXexwHvSZssCjfY3wZjbL6jxMzykGMUuFg', '2023-12-05 06:04:59.722021'),
	('s2zb59jjw009jtgtuhg7w09etbzwsa5h', '.eJxVjDsOwyAQBe9CHSGw-aZM7zOghV2CkwgkY1dR7h5bcpG0b2bemwXY1hK2TkuYkV2ZHNnld4yQnlQPgg-o98ZTq-syR34o_KSdTw3pdTvdv4MCvez1YIS0grxR5B2RlDZJL9CpGLN1xow5OcqaxqgHRA1Wg4k7x6y9wpzZ5wv6KDiD:1r7efo:ol6DAbcE975V1V_dNS6G2fQeX7SH7YxJUcTY4YZ9Brs', '2023-12-11 19:41:28.908061'),
	('s4fxkigxp298064bwxcna47mx7dqvxjz', '.eJxVjDsOwyAQBe9CHSGw-aZM7zOghV2CkwgkY1dR7h5bcpG0b2bemwXY1hK2TkuYkV2ZHNnld4yQnlQPgg-o98ZTq-syR34o_KSdTw3pdTvdv4MCvez1YIS0grxR5B2RlDZJL9CpGLN1xow5OcqaxqgHRA1Wg4k7x6y9wpzZ5wv6KDiD:1qzHUP:eWWRLlZQo5EYAxh9aeJ2GlSV94rvoYv3NGQsr6xvd7M', '2023-11-18 14:19:05.518710'),
	('s6wmb4onaidvaqq42l0wz6bhdvqk2t79', '.eJxVjDsOwyAQBe9CHSGw-aZM7zOghV2CkwgkY1dR7h5bcpG0b2bemwXY1hK2TkuYkV2ZHNnld4yQnlQPgg-o98ZTq-syR34o_KSdTw3pdTvdv4MCvez1YIS0grxR5B2RlDZJL9CpGLN1xow5OcqaxqgHRA1Wg4k7x6y9wpzZ5wv6KDiD:1r2b1S:vuEcUT1WUH77YiVOQaJcb_uIiGylH5P0AWK0pR9kOX8', '2023-11-27 20:46:54.150981'),
	('sawas0n2cmnte1bigcm24twomfg5qkna', '.eJxVjDsOwyAQBe9CHSGw-aZM7zOghV2CkwgkY1dR7h5bcpG0b2bemwXY1hK2TkuYkV2ZHNnld4yQnlQPgg-o98ZTq-syR34o_KSdTw3pdTvdv4MCvez1YIS0grxR5B2RlDZJL9CpGLN1xow5OcqaxqgHRA1Wg4k7x6y9wpzZ5wv6KDiD:1r00iy:8mLntqYEMlZsiZ5hoitu9GmJwZXJAEWOjFQ5QJIQ9ow', '2023-11-20 17:37:08.491863'),
	('sftbja46bb85bgy0fa3dn9cd4ikxvqt3', '.eJxVjDsOwyAQBe9CHSGw-aZM7zOghV2CkwgkY1dR7h5bcpG0b2bemwXY1hK2TkuYkV2ZHNnld4yQnlQPgg-o98ZTq-syR34o_KSdTw3pdTvdv4MCvez1YIS0grxR5B2RlDZJL9CpGLN1xow5OcqaxqgHRA1Wg4k7x6y9wpzZ5wv6KDiD:1r28Py:J43pFiBeavDPo2ZWu2QWrej2SxnJtAhh3SdGJfZYkic', '2023-11-26 14:14:18.450709'),
	('sjyqmym188mz9e8atnk4e5oq2cyzqw5k', '.eJxVjDsOwyAQBe9CHSGw-aZM7zOghV2CkwgkY1dR7h5bcpG0b2bemwXY1hK2TkuYkV2ZHNnld4yQnlQPgg-o98ZTq-syR34o_KSdTw3pdTvdv4MCvez1YIS0grxR5B2RlDZJL9CpGLN1xow5OcqaxqgHRA1Wg4k7x6y9wpzZ5wv6KDiD:1qyrM1:IboPxm41qt8_uoZotRWsgH0W4yExcYyrM7qtANeUq70', '2023-11-17 10:24:41.334622'),
	('skmnw0e7qxppo3unfun9zghlyy7nvfzl', '.eJxVjDsOwyAQBe9CHSGw-aZM7zOghV2CkwgkY1dR7h5bcpG0b2bemwXY1hK2TkuYkV2ZHNnld4yQnlQPgg-o98ZTq-syR34o_KSdTw3pdTvdv4MCvez1YIS0grxR5B2RlDZJL9CpGLN1xow5OcqaxqgHRA1Wg4k7x6y9wpzZ5wv6KDiD:1r2Qr9:2UJMeRtcbjf8wFSQiptFOOihqEZA3TU463Vfe86C_jk', '2023-11-27 09:55:35.054693'),
	('syfasn9cqycrnnfm6appyzgtar1lbjsy', '.eJxVjDsOwyAQBe9CHSGw-aZM7zOghV2CkwgkY1dR7h5bcpG0b2bemwXY1hK2TkuYkV2ZHNnld4yQnlQPgg-o98ZTq-syR34o_KSdTw3pdTvdv4MCvez1YIS0grxR5B2RlDZJL9CpGLN1xow5OcqaxqgHRA1Wg4k7x6y9wpzZ5wv6KDiD:1r2Uka:0xvHxOozNKdXdrk4UJDQboStRat10OEGIUNGj8HdB10', '2023-11-27 14:05:04.440548'),
	('t6zcbg8z0707pa00911d187fnppn43nw', '.eJxVjDsOwyAQBe9CHSGw-aZM7zOghV2CkwgkY1dR7h5bcpG0b2bemwXY1hK2TkuYkV2ZHNnld4yQnlQPgg-o98ZTq-syR34o_KSdTw3pdTvdv4MCvez1YIS0grxR5B2RlDZJL9CpGLN1xow5OcqaxqgHRA1Wg4k7x6y9wpzZ5wv6KDiD:1r28Mk:9wmwWV60MeP-KFPrvek3q14TrgWM4Cb5xkgaQ2r9z7c', '2023-11-26 14:10:58.298156'),
	('t816kvzqsporqo70pvis69wzyng8k2sj', '.eJxVjDsOwjAQBe_iGln-reOlpOcM1tre4ABypDipEHeHSCmgfTPzXiLStta4dV7iVMRZaBCn3zFRfnDbSblTu80yz21dpiR3RR60y-tc-Hk53L-DSr1-azMo9M5CsKwdeUBGG3Qw7Mh6b7wZkAJoZkSFWJRRJYMdxxSAg3NevD-_VTZ_:1qzYYb:HassBarZ9mvSM00EFaBmJ93Q0fQngpNEMljfFGpUOQ4', '2023-11-19 08:32:33.027179'),
	('ta7q83yaiicqc13tstolmtlnej22upns', '.eJxVjDsOwyAQBe9CHSGw-aZM7zOghV2CkwgkY1dR7h5bcpG0b2bemwXY1hK2TkuYkV2ZHNnld4yQnlQPgg-o98ZTq-syR34o_KSdTw3pdTvdv4MCvez1YIS0grxR5B2RlDZJL9CpGLN1xow5OcqaxqgHRA1Wg4k7x6y9wpzZ5wv6KDiD:1r2TiQ:_E40bCQmxMkY8yT0O9RMyfUuyVlyQlHicATdZ56VrAE', '2023-11-27 12:58:46.831452'),
	('tiorkuxw30w2c86mntnyc3aplh3vo89z', '.eJxVjDsOwjAQBe_iGln-reOlpOcM1tre4ABypDipEHeHSCmgfTPzXiLStta4dV7iVMRZaBCn3zFRfnDbSblTu80yz21dpiR3RR60y-tc-Hk53L-DSr1-azMo9M5CsKwdeUBGG3Qw7Mh6b7wZkAJoZkSFWJRRJYMdxxSAg3NevD-_VTZ_:1qzb8I:z2KVmyylwHBrEr__iOakxnA4RoKYOpY_e_BpZ91EY6A', '2023-11-19 11:17:34.135717'),
	('tmnkid02aezfungltrfr6dlnkpw3qjum', '.eJxVjDsOwyAQBe9CHSGw-aZM7zOghV2CkwgkY1dR7h5bcpG0b2bemwXY1hK2TkuYkV2ZHNnld4yQnlQPgg-o98ZTq-syR34o_KSdTw3pdTvdv4MCvez1YIS0grxR5B2RlDZJL9CpGLN1xow5OcqaxqgHRA1Wg4k7x6y9wpzZ5wv6KDiD:1r5GZg:bY26ZnENe2BEnxCw4nzL6XRhtRlsRYVoVbmtTUQ-cjc', '2023-12-05 05:33:16.946768'),
	('tmtno9s3bt7qs2regz7bh1aqsr7z450c', '.eJxVjDsOwyAQBe9CHSGw-aZM7zOghV2CkwgkY1dR7h5bcpG0b2bemwXY1hK2TkuYkV2ZHNnld4yQnlQPgg-o98ZTq-syR34o_KSdTw3pdTvdv4MCvez1YIS0grxR5B2RlDZJL9CpGLN1xow5OcqaxqgHRA1Wg4k7x6y9wpzZ5wv6KDiD:1r26bv:5I_4_QMYnaPLZlQCrVXVPQQ6SolrsnlLgssTjqnadBQ', '2023-11-26 12:18:31.917566'),
	('tucz0a63cb8njjl7azzk1esavwm5h13f', '.eJxVjDsOwyAQBe9CHSGw-aZM7zOghV2CkwgkY1dR7h5bcpG0b2bemwXY1hK2TkuYkV2ZHNnld4yQnlQPgg-o98ZTq-syR34o_KSdTw3pdTvdv4MCvez1YIS0grxR5B2RlDZJL9CpGLN1xow5OcqaxqgHRA1Wg4k7x6y9wpzZ5wv6KDiD:1qypXd:rsOtxH54Ol3g6eG8HbTS2ZA05UCXp7WqYXZqdaNRPQk', '2023-11-17 08:28:33.338614'),
	('tuwgp3psgso1bmnw8bdqjanc09y6ulcp', '.eJxVjDsOwyAQBe9CHSGw-aZM7zOghV2CkwgkY1dR7h5bcpG0b2bemwXY1hK2TkuYkV2ZHNnld4yQnlQPgg-o98ZTq-syR34o_KSdTw3pdTvdv4MCvez1YIS0grxR5B2RlDZJL9CpGLN1xow5OcqaxqgHRA1Wg4k7x6y9wpzZ5wv6KDiD:1r2Tcn:DBRhY7uHjN-wxFr6WLZdA31UXqWSfuWGqMMh4bfl5_Y', '2023-11-27 12:52:57.795819'),
	('tzljw7xau2a4dkiq9ln1s0gagy5krj4c', '.eJxVjDsOwyAQBe9CHSGw-aZM7zOghV2CkwgkY1dR7h5bcpG0b2bemwXY1hK2TkuYkV2ZHNnld4yQnlQPgg-o98ZTq-syR34o_KSdTw3pdTvdv4MCvez1YIS0grxR5B2RlDZJL9CpGLN1xow5OcqaxqgHRA1Wg4k7x6y9wpzZ5wv6KDiD:1qzHEq:BLZ6qo5lwQ5DVu0ZBlQrfk31VmRYom5X_xd7eMU_tmw', '2023-11-18 14:03:00.945995'),
	('tzypizrlnatgcjo48o9icvdnqfgzbssq', '.eJxVjDsOwjAQBe_iGln-reOlpOcM1tre4ABypDipEHeHSCmgfTPzXiLStta4dV7iVMRZaBCn3zFRfnDbSblTu80yz21dpiR3RR60y-tc-Hk53L-DSr1-azMo9M5CsKwdeUBGG3Qw7Mh6b7wZkAJoZkSFWJRRJYMdxxSAg3NevD-_VTZ_:1qzWlr:tb44COScfsoVSKI-842EfvVpu-USe2nsP0uR4qd-fJU', '2023-11-19 06:38:07.436311'),
	('u3ac1x4vux0ur7x287wbcjfieuvoxb4x', '.eJxVjDsOwjAQBe_iGln-reOlpOcM1tre4ABypDipEHeHSCmgfTPzXiLStta4dV7iVMRZaBCn3zFRfnDbSblTu80yz21dpiR3RR60y-tc-Hk53L-DSr1-azMo9M5CsKwdeUBGG3Qw7Mh6b7wZkAJoZkSFWJRRJYMdxxSAg3NevD-_VTZ_:1r2q5Y:TKh55QdTKZNvldORhQAdG4Jf4JOp8e6ybK-KMVnY-H8', '2023-11-28 12:52:08.593514'),
	('u8mew07ahptkd50nat10rngw47xjkw2e', '.eJxVjDsOwyAQBe9CHSGw-aZM7zOghV2CkwgkY1dR7h5bcpG0b2bemwXY1hK2TkuYkV2ZHNnld4yQnlQPgg-o98ZTq-syR34o_KSdTw3pdTvdv4MCvez1YIS0grxR5B2RlDZJL9CpGLN1xow5OcqaxqgHRA1Wg4k7x6y9wpzZ5wv6KDiD:1r6A8l:Oq2MJk_xfeDkQWqv5up-kIrsOLsC2uvl4EXJuK-MjNo', '2023-12-07 16:53:11.164875'),
	('ujddwu9p8iuz8084ek6wgczd8prylbq9', '.eJxVjDsOwyAQBe9CHSGw-aZM7zOghV2CkwgkY1dR7h5bcpG0b2bemwXY1hK2TkuYkV2ZHNnld4yQnlQPgg-o98ZTq-syR34o_KSdTw3pdTvdv4MCvez1YIS0grxR5B2RlDZJL9CpGLN1xow5OcqaxqgHRA1Wg4k7x6y9wpzZ5wv6KDiD:1r69zZ:IttWHU6aDexGt8DPNo06vE072MJeZkzDSwhWiYGHZl4', '2023-12-07 16:43:41.053189'),
	('v1mb9mdlnipggl5lka67r903ey0qgzco', '.eJxVjDsOwyAQBe9CHSGw-aZM7zOghV2CkwgkY1dR7h5bcpG0b2bemwXY1hK2TkuYkV2ZHNnld4yQnlQPgg-o98ZTq-syR34o_KSdTw3pdTvdv4MCvez1YIS0grxR5B2RlDZJL9CpGLN1xow5OcqaxqgHRA1Wg4k7x6y9wpzZ5wv6KDiD:1r5GnW:4bGtzdjm1KbIpOp-sU1Gn8YUpy1WmX27E988adZuZj4', '2023-12-05 05:47:34.326818'),
	('v4ia7j4rmxldzuxtv83cdzzbqtwqq3d5', '.eJxVjDsOwjAQBe_iGln-reOlpOcM1tre4ABypDipEHeHSCmgfTPzXiLStta4dV7iVMRZaBCn3zFRfnDbSblTu80yz21dpiR3RR60y-tc-Hk53L-DSr1-azMo9M5CsKwdeUBGG3Qw7Mh6b7wZkAJoZkSFWJRRJYMdxxSAg3NevD-_VTZ_:1qzZO8:1eYCrlDVIgWM8-clYMpsmoywvfrjMkf80KCab9sL3xg', '2023-11-19 09:25:48.032483'),
	('vh5tbntkyiywv73s6gv8j39jlpid5yyw', '.eJxVjDsOwyAQBe9CHSGw-aZM7zOghV2CkwgkY1dR7h5bcpG0b2bemwXY1hK2TkuYkV2ZHNnld4yQnlQPgg-o98ZTq-syR34o_KSdTw3pdTvdv4MCvez1YIS0grxR5B2RlDZJL9CpGLN1xow5OcqaxqgHRA1Wg4k7x6y9wpzZ5wv6KDiD:1r1p6Q:6wFjgtnMv7RiOdj1YAzv-YZNzjZRJnR0mNBLtnB590M', '2023-11-25 17:36:50.990813'),
	('vhs9oxeak092hlhstuv7voazdm8j0akw', '.eJxVjMsOwiAQRf-FtSGEh4BL934DmRkGqRpISrtq_Hdt0oVu7znnbiLButS0Dp7TlMVFmLM4_Y4I9OS2k_yAdu-SelvmCeWuyIMOeeuZX9fD_TuoMOq3LsFGhuAZsHiKgJpjyI6MCxxsQSRrnAUuoHwBVEWR1tpgZB2cNyjeH0J5OTU:1rFcVx:Ce2Pd-dE3Il12c0IkFfSgvMKmwLBvhtjZ28D-N7PQxc', '2024-01-02 19:00:13.270561'),
	('vplgprhno2hej7pq334lvxl59wa72jax', '.eJxVjDsOwjAQBe_iGln-reOlpOcM1tre4ABypDipEHeHSCmgfTPzXiLStta4dV7iVMRZaBCn3zFRfnDbSblTu80yz21dpiR3RR60y-tc-Hk53L-DSr1-azMo9M5CsKwdeUBGG3Qw7Mh6b7wZkAJoZkSFWJRRJYMdxxSAg3NevD-_VTZ_:1qzYVQ:MFEA8gm7iU8dKw75vq-4Y01MMMx3ywsW8QZ6_lo_Ku8', '2023-11-19 08:29:16.059317'),
	('w3a96o7ifb7wgx4gmlnojyv589rldtmn', '.eJxVjDsOwyAQBe9CHSGw-aZM7zOghV2CkwgkY1dR7h5bcpG0b2bemwXY1hK2TkuYkV2ZHNnld4yQnlQPgg-o98ZTq-syR34o_KSdTw3pdTvdv4MCvez1YIS0grxR5B2RlDZJL9CpGLN1xow5OcqaxqgHRA1Wg4k7x6y9wpzZ5wv6KDiD:1r5PPP:bMxRGvvT5sTXeZ9ysmkUmqgZ_M9_iqlocESGp85Ztcg', '2023-12-05 14:59:15.254269'),
	('w5xlr07whmakw3fetecyqtt123fmzhnj', '.eJxVjDsOwyAQBe9CHSGw-aZM7zOghV2CkwgkY1dR7h5bcpG0b2bemwXY1hK2TkuYkV2ZHNnld4yQnlQPgg-o98ZTq-syR34o_KSdTw3pdTvdv4MCvez1YIS0grxR5B2RlDZJL9CpGLN1xow5OcqaxqgHRA1Wg4k7x6y9wpzZ5wv6KDiD:1r69Zk:mZ5dk6zRpDSTY75ItSyGDMFmsZ5ByCcwzR41lQH4iEo', '2023-12-07 16:17:00.034515'),
	('wb25ot0ukvknn7zrokp80b36inaeu628', '.eJxVjDsOwyAQBe9CHSGw-aZM7zOghV2CkwgkY1dR7h5bcpG0b2bemwXY1hK2TkuYkV2ZHNnld4yQnlQPgg-o98ZTq-syR34o_KSdTw3pdTvdv4MCvez1YIS0grxR5B2RlDZJL9CpGLN1xow5OcqaxqgHRA1Wg4k7x6y9wpzZ5wv6KDiD:1qzAH0:MOoNjDDNrc9VCDaQTCwgXDhKvWpKypS3UjEUUHVJwco', '2023-11-18 06:36:46.657447'),
	('wc8ehz0xd52v28p7bpbt1phkyznna5tb', '.eJxVjDsOwyAQBe9CHSGw-aZM7zOghV2CkwgkY1dR7h5bcpG0b2bemwXY1hK2TkuYkV2ZHNnld4yQnlQPgg-o98ZTq-syR34o_KSdTw3pdTvdv4MCvez1YIS0grxR5B2RlDZJL9CpGLN1xow5OcqaxqgHRA1Wg4k7x6y9wpzZ5wv6KDiD:1qyx0w:jw7K-yZI0uq2E2ZaRdrsyGxe3u1UaZ82_DR_iUr8yVg', '2023-11-17 16:27:18.718516'),
	('wq11zelmx1iltunourp4r8zmqpemicsl', '.eJxVjDsOwyAQBe9CHSGw-aZM7zOghV2CkwgkY1dR7h5bcpG0b2bemwXY1hK2TkuYkV2ZHNnld4yQnlQPgg-o98ZTq-syR34o_KSdTw3pdTvdv4MCvez1YIS0grxR5B2RlDZJL9CpGLN1xow5OcqaxqgHRA1Wg4k7x6y9wpzZ5wv6KDiD:1qya5C:TxWx5Lq8FOe1eWT3TNEe6fCL0XdXHRti78NTqRd4P9A', '2023-11-16 15:58:10.510423'),
	('x9yp8zzl5dyormku9v87xp455ydiwasn', '.eJxVjDsOwyAQBe9CHSGw-aZM7zOghV2CkwgkY1dR7h5bcpG0b2bemwXY1hK2TkuYkV2ZHNnld4yQnlQPgg-o98ZTq-syR34o_KSdTw3pdTvdv4MCvez1YIS0grxR5B2RlDZJL9CpGLN1xow5OcqaxqgHRA1Wg4k7x6y9wpzZ5wv6KDiD:1r6A91:gSLXFD-4P6xLpvFNv01XG2NLdeH4_888jmEZ-2Vh5UE', '2023-12-07 16:53:27.705754'),
	('xci1sqf8l72yq01gnltj95f1oe94swha', '.eJxVjDsOwyAQBe9CHSGw-aZM7zOghV2CkwgkY1dR7h5bcpG0b2bemwXY1hK2TkuYkV2ZHNnld4yQnlQPgg-o98ZTq-syR34o_KSdTw3pdTvdv4MCvez1YIS0grxR5B2RlDZJL9CpGLN1xow5OcqaxqgHRA1Wg4k7x6y9wpzZ5wv6KDiD:1r4bY3:31BVz0s8djPCUDIzUqarOpIPVSEB5JOE1edPOBxXIGc', '2023-12-03 09:44:51.708541'),
	('xjdg147qsjlipaw2plficwkm5af54dos', '.eJxVjDsOwjAQBe_iGln-reOlpOcM1tre4ABypDipEHeHSCmgfTPzXiLStta4dV7iVMRZaBCn3zFRfnDbSblTu80yz21dpiR3RR60y-tc-Hk53L-DSr1-azMo9M5CsKwdeUBGG3Qw7Mh6b7wZkAJoZkSFWJRRJYMdxxSAg3NevD-_VTZ_:1qzZAP:xsdnsdVRj1rXaDEBkCJh-eD4JXzwRMk-IvjtXFC972k', '2023-11-19 09:11:37.842510'),
	('xr6hb2mfvuv2aesfa7wsq94y7q8yg3aa', '.eJxVjDsOwjAQBe_iGln-reOlpOcM1tre4ABypDipEHeHSCmgfTPzXiLStta4dV7iVMRZaBCn3zFRfnDbSblTu80yz21dpiR3RR60y-tc-Hk53L-DSr1-azMo9M5CsKwdeUBGG3Qw7Mh6b7wZkAJoZkSFWJRRJYMdxxSAg3NevD-_VTZ_:1qzYUL:lSQv-nmQtHP9v3d_pE1VgjtwTwVWcHKWZRKylpo1CTs', '2023-11-19 08:28:09.379041'),
	('xuz9xvrunkb5zpkqtmesq909py2d0uvu', '.eJxVjDsOwyAQBe9CHSGw-aZM7zOghV2CkwgkY1dR7h5bcpG0b2bemwXY1hK2TkuYkV2ZHNnld4yQnlQPgg-o98ZTq-syR34o_KSdTw3pdTvdv4MCvez1YIS0grxR5B2RlDZJL9CpGLN1xow5OcqaxqgHRA1Wg4k7x6y9wpzZ5wv6KDiD:1r69C7:utC3mvls2vlbpRpGS6LRYRgIbiYIyWtZ6ww7GXhanW0', '2023-12-07 15:52:35.884842'),
	('yksobn55kl8bn22qwy1pohjdhjhdaohz', '.eJxVjDsOwyAQBe9CHSGw-aZM7zOghV2CkwgkY1dR7h5bcpG0b2bemwXY1hK2TkuYkV2ZHNnld4yQnlQPgg-o98ZTq-syR34o_KSdTw3pdTvdv4MCvez1YIS0grxR5B2RlDZJL9CpGLN1xow5OcqaxqgHRA1Wg4k7x6y9wpzZ5wv6KDiD:1r1pYT:bh4OqQPDQsF6Mc_86d0FiwWToW121-7hpW9T9137XpA', '2023-11-25 18:05:49.085177'),
	('yln3vwjwj3v5cpqa2q91z3pz7j9vdna0', '.eJxVjDsOwjAQBe_iGln-reOlpOcM1tre4ABypDipEHeHSCmgfTPzXiLStta4dV7iVMRZaBCn3zFRfnDbSblTu80yz21dpiR3RR60y-tc-Hk53L-DSr1-azMo9M5CsKwdeUBGG3Qw7Mh6b7wZkAJoZkSFWJRRJYMdxxSAg3NevD-_VTZ_:1r7gH9:0U7KJ-fs4N2fHmlr8_eOdnMB9fjmS0s1mNpVHwqVgGs', '2023-12-11 21:24:07.067569'),
	('yrx4i8dozu41z5o18mtj7njnp4s5g17g', '.eJxVjDsOwyAQBe9CHSGw-aZM7zOghV2CkwgkY1dR7h5bcpG0b2bemwXY1hK2TkuYkV2ZHNnld4yQnlQPgg-o98ZTq-syR34o_KSdTw3pdTvdv4MCvez1YIS0grxR5B2RlDZJL9CpGLN1xow5OcqaxqgHRA1Wg4k7x6y9wpzZ5wv6KDiD:1r5GuP:dLGRfebxRsh4r8nCZoi0lVi7zTgfEEAuCXBGjpLul6Q', '2023-12-05 05:54:41.591179'),
	('yvt5r2zs3mvxex4t3ut68wb0k4awya2q', '.eJxVjDsOwyAQBe9CHSGw-aZM7zOghV2CkwgkY1dR7h5bcpG0b2bemwXY1hK2TkuYkV2ZHNnld4yQnlQPgg-o98ZTq-syR34o_KSdTw3pdTvdv4MCvez1YIS0grxR5B2RlDZJL9CpGLN1xow5OcqaxqgHRA1Wg4k7x6y9wpzZ5wv6KDiD:1qyaGs:S4OJjXSMd507DFhK5SpqtIqWWccGX4wB68O6Bqr9bh4', '2023-11-16 16:10:14.695527'),
	('z2dbm8fcczqrlqj15snwpaxm8ykh8fbm', '.eJxVjDsOwjAQBe_iGln-reOlpOcM1tre4ABypDipEHeHSCmgfTPzXiLStta4dV7iVMRZaBCn3zFRfnDbSblTu80yz21dpiR3RR60y-tc-Hk53L-DSr1-azMo9M5CsKwdeUBGG3Qw7Mh6b7wZkAJoZkSFWJRRJYMdxxSAg3NevD-_VTZ_:1qzZqV:c9Qr0ent2gnzPvVenhj4yOCZDmTAqZQwoagzFG__5Qk', '2023-11-19 09:55:07.809818'),
	('z4x7h221elwnshxcv6fukrxxieuo7u3r', '.eJxVjDsOwyAQBe9CHSGw-aZM7zOghV2CkwgkY1dR7h5bcpG0b2bemwXY1hK2TkuYkV2ZHNnld4yQnlQPgg-o98ZTq-syR34o_KSdTw3pdTvdv4MCvez1YIS0grxR5B2RlDZJL9CpGLN1xow5OcqaxqgHRA1Wg4k7x6y9wpzZ5wv6KDiD:1r6Add:UROztA4U_OTnGVaWkiTdEtcKoyQ78o0yUErSnRek8So', '2023-12-07 17:25:05.797586'),
	('zdljd60lgjwswawt7pdo1mksc1b2zrmk', '.eJxVjDsOwjAQBe_iGln-reOlpOcM1tre4ABypDipEHeHSCmgfTPzXiLStta4dV7iVMRZaBCn3zFRfnDbSblTu80yz21dpiR3RR60y-tc-Hk53L-DSr1-azMo9M5CsKwdeUBGG3Qw7Mh6b7wZkAJoZkSFWJRRJYMdxxSAg3NevD-_VTZ_:1qzZCA:hmn_3dlSNGI_AAUeLIGZFimmL8HKmAIsdrgL_au3I_k', '2023-11-19 09:13:26.551926'),
	('zw73uqt7cf08hzmh3aroey00dcd1zb7o', '.eJxVjDsOwyAQBe9CHSGw-aZM7zOghV2CkwgkY1dR7h5bcpG0b2bemwXY1hK2TkuYkV2ZHNnld4yQnlQPgg-o98ZTq-syR34o_KSdTw3pdTvdv4MCvez1YIS0grxR5B2RlDZJL9CpGLN1xow5OcqaxqgHRA1Wg4k7x6y9wpzZ5wv6KDiD:1r2q2Q:b_d3lHNn23FxHtSbUJcJlrkUaUh9cC9hBtt5cYDrotc', '2023-11-28 12:48:54.932368');

-- Dumping structure for table bengomall.django_site
CREATE TABLE IF NOT EXISTS `django_site` (
  `id` int NOT NULL AUTO_INCREMENT,
  `domain` varchar(100) NOT NULL,
  `name` varchar(50) NOT NULL,
  PRIMARY KEY (`id`),
  UNIQUE KEY `django_site_domain_a2e37b91_uniq` (`domain`)
) ENGINE=InnoDB AUTO_INCREMENT=3 DEFAULT CHARSET=utf8mb4 COLLATE=utf8mb4_0900_ai_ci;

-- Dumping data for table bengomall.django_site: ~1 rows (approximately)
INSERT IGNORE INTO `django_site` (`id`, `domain`, `name`) VALUES
	(2, 'https://www.yogisdelight.co.ke/login/', 'yogis main');

-- Dumping structure for table bengomall.employees
CREATE TABLE IF NOT EXISTS `employees` (
  `id` bigint NOT NULL AUTO_INCREMENT,
  `national_id` varchar(10) NOT NULL,
  `salary` int unsigned NOT NULL,
  `position_id` int DEFAULT NULL,
  `user_id` bigint NOT NULL,
  PRIMARY KEY (`id`),
  UNIQUE KEY `user_id` (`user_id`),
  KEY `employees_position_id_ae4fa2b1_fk_auth_group_id` (`position_id`),
  CONSTRAINT `employees_position_id_ae4fa2b1_fk_auth_group_id` FOREIGN KEY (`position_id`) REFERENCES `auth_group` (`id`),
  CONSTRAINT `employees_user_id_c7f7a3f4_fk_authmanagement_myuser_id` FOREIGN KEY (`user_id`) REFERENCES `authmanagement_myuser` (`id`),
  CONSTRAINT `employees_chk_1` CHECK ((`salary` >= 0))
) ENGINE=InnoDB DEFAULT CHARSET=utf8mb4 COLLATE=utf8mb4_0900_ai_ci;

-- Dumping data for table bengomall.employees: ~0 rows (approximately)

-- Dumping structure for table bengomall.human_resource_addressbook
CREATE TABLE IF NOT EXISTS `human_resource_addressbook` (
  `id` bigint NOT NULL AUTO_INCREMENT,
  `address_label` varchar(255) NOT NULL,
  `phone` varchar(15) DEFAULT NULL,
  `other_phone` varchar(15) DEFAULT NULL,
  `postal_code` varchar(100) DEFAULT NULL,
  `default_address` tinyint(1) NOT NULL,
  `city_id` bigint NOT NULL,
  `customer_id` bigint DEFAULT NULL,
  `region_id` bigint NOT NULL,
  PRIMARY KEY (`id`),
  KEY `human_resource_addre_city_id_a0846585_fk_human_res` (`city_id`),
  KEY `human_resource_addre_customer_id_40b6ae8e_fk_human_res` (`customer_id`),
  KEY `human_resource_addre_region_id_cc146e3a_fk_human_res` (`region_id`),
  CONSTRAINT `human_resource_addre_city_id_a0846585_fk_human_res` FOREIGN KEY (`city_id`) REFERENCES `human_resource_pickupstations` (`id`),
  CONSTRAINT `human_resource_addre_customer_id_40b6ae8e_fk_human_res` FOREIGN KEY (`customer_id`) REFERENCES `human_resource_customer` (`id`),
  CONSTRAINT `human_resource_addre_region_id_cc146e3a_fk_human_res` FOREIGN KEY (`region_id`) REFERENCES `human_resource_deliveryregions` (`id`)
) ENGINE=InnoDB AUTO_INCREMENT=3 DEFAULT CHARSET=utf8mb4 COLLATE=utf8mb4_0900_ai_ci;

-- Dumping data for table bengomall.human_resource_addressbook: ~2 rows (approximately)
INSERT IGNORE INTO `human_resource_addressbook` (`id`, `address_label`, `phone`, `other_phone`, `postal_code`, `default_address`, `city_id`, `customer_id`, `region_id`) VALUES
	(1, 'my address 1', '07000043578', '07000043578', '57-40100', 0, 1, 1, 2),
	(2, 'address1', '+254743793901', '+254743793901', '57-40100', 1, 1, 1, 2);

-- Dumping structure for table bengomall.human_resource_businessaddress
CREATE TABLE IF NOT EXISTS `human_resource_businessaddress` (
  `id` bigint NOT NULL AUTO_INCREMENT,
  `state` varchar(50) NOT NULL,
  `city` varchar(50) NOT NULL,
  `box` varchar(500) NOT NULL,
  `street_or_road` varchar(255) NOT NULL,
  `phone` varchar(15) DEFAULT NULL,
  `other_phone` varchar(15) DEFAULT NULL,
  PRIMARY KEY (`id`)
) ENGINE=InnoDB AUTO_INCREMENT=2 DEFAULT CHARSET=utf8mb4 COLLATE=utf8mb4_0900_ai_ci;

-- Dumping data for table bengomall.human_resource_businessaddress: ~1 rows (approximately)
INSERT IGNORE INTO `human_resource_businessaddress` (`id`, `state`, `city`, `box`, `street_or_road`, `phone`, `other_phone`) VALUES
	(1, 'Nyanza', 'Kisumu', '00100-397', '15-40100', '07000043578', '07000043578');

-- Dumping structure for table bengomall.human_resource_customer
CREATE TABLE IF NOT EXISTS `human_resource_customer` (
  `id` bigint NOT NULL AUTO_INCREMENT,
  `user_id` bigint NOT NULL,
  PRIMARY KEY (`id`),
  UNIQUE KEY `user_id` (`user_id`),
  CONSTRAINT `human_resource_custo_user_id_82f2f18d_fk_authmanag` FOREIGN KEY (`user_id`) REFERENCES `authmanagement_myuser` (`id`)
) ENGINE=InnoDB AUTO_INCREMENT=2 DEFAULT CHARSET=utf8mb4 COLLATE=utf8mb4_0900_ai_ci;

-- Dumping data for table bengomall.human_resource_customer: ~1 rows (approximately)
INSERT IGNORE INTO `human_resource_customer` (`id`, `user_id`) VALUES
	(1, 15);

-- Dumping structure for table bengomall.human_resource_deliveryregions
CREATE TABLE IF NOT EXISTS `human_resource_deliveryregions` (
  `id` bigint NOT NULL AUTO_INCREMENT,
  `region` varchar(255) NOT NULL,
  `city` varchar(255) NOT NULL,
  `door_step_delivery` tinyint(1) NOT NULL,
  `door_step_delivery_charge` bigint unsigned DEFAULT NULL,
  PRIMARY KEY (`id`),
  CONSTRAINT `human_resource_deliveryregions_chk_1` CHECK ((`door_step_delivery_charge` >= 0))
) ENGINE=InnoDB AUTO_INCREMENT=3 DEFAULT CHARSET=utf8mb4 COLLATE=utf8mb4_0900_ai_ci;

-- Dumping data for table bengomall.human_resource_deliveryregions: ~2 rows (approximately)
INSERT IGNORE INTO `human_resource_deliveryregions` (`id`, `region`, `city`, `door_step_delivery`, `door_step_delivery_charge`) VALUES
	(1, 'Kisumu', 'Maseno', 0, 300),
	(2, 'Nairobi', 'Nairobi CBD', 0, 300);

-- Dumping structure for table bengomall.human_resource_employee
CREATE TABLE IF NOT EXISTS `human_resource_employee` (
  `id` bigint NOT NULL AUTO_INCREMENT,
  `national_id` varchar(10) NOT NULL,
  `salary` int unsigned NOT NULL,
  `position_id` int DEFAULT NULL,
  `user_id` bigint NOT NULL,
  PRIMARY KEY (`id`),
  UNIQUE KEY `user_id` (`user_id`),
  KEY `human_resource_employee_position_id_ea6736f0_fk_auth_group_id` (`position_id`),
  CONSTRAINT `human_resource_emplo_user_id_6afe0828_fk_authmanag` FOREIGN KEY (`user_id`) REFERENCES `authmanagement_myuser` (`id`),
  CONSTRAINT `human_resource_employee_position_id_ea6736f0_fk_auth_group_id` FOREIGN KEY (`position_id`) REFERENCES `auth_group` (`id`),
  CONSTRAINT `human_resource_employee_chk_1` CHECK ((`salary` >= 0))
) ENGINE=InnoDB AUTO_INCREMENT=2 DEFAULT CHARSET=utf8mb4 COLLATE=utf8mb4_0900_ai_ci;

-- Dumping data for table bengomall.human_resource_employee: ~1 rows (approximately)
INSERT IGNORE INTO `human_resource_employee` (`id`, `national_id`, `salary`, `position_id`, `user_id`) VALUES
	(1, '43337878', 15000, 3, 17);

-- Dumping structure for table bengomall.human_resource_pickupstations
CREATE TABLE IF NOT EXISTS `human_resource_pickupstations` (
  `id` bigint NOT NULL AUTO_INCREMENT,
  `pickup_location` varchar(255) NOT NULL,
  `description` longtext,
  `open_hours` varchar(255) NOT NULL,
  `payment_options` varchar(500) NOT NULL,
  `google_pin` varchar(1500) NOT NULL,
  `helpline` varchar(20) NOT NULL,
  `shipping_charge` bigint unsigned NOT NULL,
  `region_id` bigint DEFAULT NULL,
  PRIMARY KEY (`id`),
  KEY `human_resource_picku_region_id_7ff5dfc9_fk_human_res` (`region_id`),
  CONSTRAINT `human_resource_picku_region_id_7ff5dfc9_fk_human_res` FOREIGN KEY (`region_id`) REFERENCES `human_resource_deliveryregions` (`id`),
  CONSTRAINT `human_resource_pickupstations_chk_1` CHECK ((`shipping_charge` >= 0))
) ENGINE=InnoDB AUTO_INCREMENT=2 DEFAULT CHARSET=utf8mb4 COLLATE=utf8mb4_0900_ai_ci;

-- Dumping data for table bengomall.human_resource_pickupstations: ~1 rows (approximately)
INSERT IGNORE INTO `human_resource_pickupstations` (`id`, `pickup_location`, `description`, `open_hours`, `payment_options`, `google_pin`, `helpline`, `shipping_charge`, `region_id`) VALUES
	(1, 'Old Nation', 'Old nation building first floor, room b9', 'Mon-Fri 0800hrs - 1700hrs;Sat 0800hrs - 1300hrs', 'MPESA On Delivery, Cards', 'https://goo.gl/maps/p2QAwb7jbmxuJcb36', '076353535353', 85, 2);

-- Dumping structure for table bengomall.human_resource_supplier
CREATE TABLE IF NOT EXISTS `human_resource_supplier` (
  `id` bigint NOT NULL AUTO_INCREMENT,
  `name` varchar(255) NOT NULL,
  `user_id` bigint NOT NULL,
  PRIMARY KEY (`id`),
  UNIQUE KEY `user_id` (`user_id`),
  CONSTRAINT `human_resource_suppl_user_id_894a3e64_fk_authmanag` FOREIGN KEY (`user_id`) REFERENCES `authmanagement_myuser` (`id`)
) ENGINE=InnoDB AUTO_INCREMENT=3 DEFAULT CHARSET=utf8mb4 COLLATE=utf8mb4_0900_ai_ci;

-- Dumping data for table bengomall.human_resource_supplier: ~2 rows (approximately)
INSERT IGNORE INTO `human_resource_supplier` (`id`, `name`, `user_id`) VALUES
	(1, 'YOGIS DELIGHT', 13),
	(2, 'ALITECH', 16);

-- Dumping structure for table bengomall.human_resource_supplier_address
CREATE TABLE IF NOT EXISTS `human_resource_supplier_address` (
  `id` bigint NOT NULL AUTO_INCREMENT,
  `supplier_id` bigint NOT NULL,
  `businessaddress_id` bigint NOT NULL,
  PRIMARY KEY (`id`),
  UNIQUE KEY `human_resource_supplier__supplier_id_businessaddr_effa6982_uniq` (`supplier_id`,`businessaddress_id`),
  KEY `human_resource_suppl_businessaddress_id_4e108382_fk_human_res` (`businessaddress_id`),
  CONSTRAINT `human_resource_suppl_businessaddress_id_4e108382_fk_human_res` FOREIGN KEY (`businessaddress_id`) REFERENCES `human_resource_businessaddress` (`id`),
  CONSTRAINT `human_resource_suppl_supplier_id_3304f539_fk_human_res` FOREIGN KEY (`supplier_id`) REFERENCES `human_resource_supplier` (`id`)
) ENGINE=InnoDB AUTO_INCREMENT=3 DEFAULT CHARSET=utf8mb4 COLLATE=utf8mb4_0900_ai_ci;

-- Dumping data for table bengomall.human_resource_supplier_address: ~2 rows (approximately)
INSERT IGNORE INTO `human_resource_supplier_address` (`id`, `supplier_id`, `businessaddress_id`) VALUES
	(1, 1, 1),
	(2, 2, 1);

-- Dumping structure for table bengomall.human_resource_supplier_delivery_regions
CREATE TABLE IF NOT EXISTS `human_resource_supplier_delivery_regions` (
  `id` bigint NOT NULL AUTO_INCREMENT,
  `supplier_id` bigint NOT NULL,
  `deliveryregions_id` bigint NOT NULL,
  PRIMARY KEY (`id`),
  UNIQUE KEY `human_resource_supplier__supplier_id_deliveryregi_894cc2c2_uniq` (`supplier_id`,`deliveryregions_id`),
  KEY `human_resource_suppl_deliveryregions_id_8804fc5b_fk_human_res` (`deliveryregions_id`),
  CONSTRAINT `human_resource_suppl_deliveryregions_id_8804fc5b_fk_human_res` FOREIGN KEY (`deliveryregions_id`) REFERENCES `human_resource_deliveryregions` (`id`),
  CONSTRAINT `human_resource_suppl_supplier_id_37a1113c_fk_human_res` FOREIGN KEY (`supplier_id`) REFERENCES `human_resource_supplier` (`id`)
) ENGINE=InnoDB AUTO_INCREMENT=4 DEFAULT CHARSET=utf8mb4 COLLATE=utf8mb4_0900_ai_ci;

-- Dumping data for table bengomall.human_resource_supplier_delivery_regions: ~3 rows (approximately)
INSERT IGNORE INTO `human_resource_supplier_delivery_regions` (`id`, `supplier_id`, `deliveryregions_id`) VALUES
	(1, 1, 1),
	(2, 2, 1),
	(3, 2, 2);

-- Dumping structure for table bengomall.inventory
CREATE TABLE IF NOT EXISTS `inventory` (
  `id` bigint NOT NULL AUTO_INCREMENT,
  `stock_level` int unsigned NOT NULL,
  `reorder_level` int unsigned NOT NULL,
  `usage` varchar(20) DEFAULT NULL,
  `sku` varchar(100) NOT NULL,
  `serial` varchar(100) NOT NULL,
  `availability` varchar(20) NOT NULL,
  `is_new_arrival` tinyint(1) NOT NULL,
  `is_favorite` tinyint(1) NOT NULL,
  `is_flash_sale` tinyint(1) NOT NULL,
  `is_deal_of_the_day` tinyint(1) NOT NULL,
  `is_top_pick` tinyint(1) NOT NULL,
  `color_id` bigint DEFAULT NULL,
  `product_id` bigint NOT NULL,
  `size_id` bigint DEFAULT NULL,
  `supplier_id` bigint DEFAULT NULL,
  PRIMARY KEY (`id`),
  UNIQUE KEY `sku` (`sku`),
  UNIQUE KEY `serial` (`serial`),
  KEY `inventory_color_id_4e8e833d_fk_product_productcolor_id` (`color_id`),
  KEY `inventory_product_id_7c50457a_fk_products_id` (`product_id`),
  KEY `inventory_size_id_662ffc24_fk_product_productsize_id` (`size_id`),
  KEY `inventory_supplier_id_a153dd16_fk_suppliers_id` (`supplier_id`),
  CONSTRAINT `inventory_color_id_4e8e833d_fk_product_productcolor_id` FOREIGN KEY (`color_id`) REFERENCES `product_productcolor` (`id`),
  CONSTRAINT `inventory_product_id_7c50457a_fk_products_id` FOREIGN KEY (`product_id`) REFERENCES `products` (`id`),
  CONSTRAINT `inventory_size_id_662ffc24_fk_product_productsize_id` FOREIGN KEY (`size_id`) REFERENCES `product_productsize` (`id`),
  CONSTRAINT `inventory_supplier_id_a153dd16_fk_suppliers_id` FOREIGN KEY (`supplier_id`) REFERENCES `suppliers` (`id`),
  CONSTRAINT `inventory_chk_1` CHECK ((`stock_level` >= 0)),
  CONSTRAINT `inventory_chk_2` CHECK ((`reorder_level` >= 0))
) ENGINE=InnoDB AUTO_INCREMENT=219 DEFAULT CHARSET=utf8mb4 COLLATE=utf8mb4_0900_ai_ci;

-- Dumping data for table bengomall.inventory: ~218 rows (approximately)
INSERT IGNORE INTO `inventory` (`id`, `stock_level`, `reorder_level`, `usage`, `sku`, `serial`, `availability`, `is_new_arrival`, `is_favorite`, `is_flash_sale`, `is_deal_of_the_day`, `is_top_pick`, `color_id`, `product_id`, `size_id`, `supplier_id`) VALUES
	(1, 3, 5, 'New', '03d5c6c', '126d39e', 'In Stock', 1, 0, 1, 1, 1, NULL, 1133, 696, NULL),
	(2, 1, 5, 'New', '1ff1a16', '164004676211', 'In Stock', 1, 0, 1, 1, 1, NULL, 1134, 696, NULL),
	(3, 10, 5, 'New', '288cb8b', '9d72111', 'In Stock', 1, 0, 1, 1, 1, NULL, 1135, 697, NULL),
	(4, 10, 5, 'New', '355d9c1', '080aef5', 'In Stock', 1, 0, 1, 1, 1, NULL, 1135, 698, NULL),
	(5, 10, 5, 'New', '4f41880', 'b306657', 'In Stock', 1, 0, 1, 1, 1, NULL, 1135, 699, NULL),
	(6, 12, 5, 'New', '5c249f7', '31dd387', 'In Stock', 1, 0, 1, 1, 1, NULL, 1136, 700, NULL),
	(7, 12, 5, 'New', '645f6af', '47337b6', 'In Stock', 1, 0, 1, 1, 1, NULL, 1136, 701, NULL),
	(8, 4, 5, 'New', '718eb1b', '6531543', 'In Stock', 1, 0, 1, 1, 1, NULL, 1133, 699, NULL),
	(9, 5, 5, 'New', '8566971', '00d5bfc', 'In Stock', 1, 0, 1, 1, 1, NULL, 1137, 699, NULL),
	(10, 3, 5, 'New', '976c390', 'd44902a', 'In Stock', 1, 0, 1, 1, 1, NULL, 1138, 702, NULL),
	(11, 2, 5, 'New', '106c271c', '0e83ad3', 'In Stock', 1, 0, 1, 1, 1, NULL, 1139, 696, NULL),
	(12, 2, 5, 'New', '111dea1c', '164004676228', 'In Stock', 1, 0, 1, 1, 1, NULL, 1134, 699, NULL),
	(13, 5, 5, 'New', '1259ffc1', '1f33281', 'In Stock', 1, 0, 1, 1, 1, NULL, 1133, 703, NULL),
	(14, 6, 5, 'New', '13211c58', '008677006039', 'In Stock', 1, 0, 1, 1, 1, NULL, 1140, 704, NULL),
	(15, 5, 5, 'New', '149ebf3e', '69eca8c', 'In Stock', 1, 0, 1, 1, 1, NULL, 1141, 705, NULL),
	(16, 1, 5, 'New', '157790c2', '161117772038', 'In Stock', 1, 0, 1, 1, 1, NULL, 1142, 696, NULL),
	(17, 1, 5, 'New', '162fd887', '54be792', 'In Stock', 1, 0, 1, 1, 1, NULL, 1142, 696, NULL),
	(18, 25, 5, 'New', '17c5c0d9', '8a160cb', 'In Stock', 1, 0, 1, 1, 1, NULL, 1143, 696, NULL),
	(19, 12, 5, 'New', '18122e3a', '161113940141', 'In Stock', 1, 0, 1, 1, 1, NULL, 1144, 706, NULL),
	(20, 50, 5, 'New', '19e0adda', '106c8b8', 'In Stock', 1, 0, 1, 1, 1, NULL, 1145, 696, NULL),
	(21, 50, 5, 'New', '20f4cdd0', 'e53fd8e', 'In Stock', 1, 0, 1, 1, 1, NULL, 1145, 698, NULL),
	(22, 50, 5, 'New', '219b96d6', 'a6925c2', 'In Stock', 1, 0, 1, 1, 1, NULL, 1145, 699, NULL),
	(23, 6, 5, 'New', '22d1afe8', '6db2ff8', 'In Stock', 1, 0, 1, 1, 1, NULL, 1146, 707, NULL),
	(24, 2, 5, 'New', '23e234a6', '161102061192', 'In Stock', 1, 0, 1, 1, 1, NULL, 1147, 702, NULL),
	(25, 10, 5, 'New', '247920f0', '0a0000f', 'In Stock', 1, 0, 1, 1, 1, NULL, 1148, 705, NULL),
	(26, 12, 5, 'New', '256530ac', '009627050003', 'In Stock', 1, 0, 1, 1, 1, NULL, 1149, 696, NULL),
	(27, 3, 5, 'New', '26d59a08', '161104402030', 'In Stock', 1, 0, 1, 1, 1, NULL, 1150, 702, NULL),
	(28, 12, 5, 'New', '273289aa', '009627050010', 'In Stock', 1, 0, 1, 1, 1, NULL, 1149, 706, NULL),
	(29, 3, 5, 'New', '28897c78', 'dfd8574', 'In Stock', 1, 0, 1, 1, 1, NULL, 1139, 699, NULL),
	(30, 20, 5, 'New', '2984ac3d', '5cc89e0', 'In Stock', 1, 0, 1, 1, 1, NULL, 1151, 705, NULL),
	(31, 10, 5, 'New', '3014acd5', '161107777432', 'In Stock', 1, 0, 1, 1, 1, NULL, 1152, 696, NULL),
	(32, 25, 5, 'New', '318405cc', '9ea0bf7', 'In Stock', 1, 0, 1, 1, 1, NULL, 1153, 696, NULL),
	(33, 25, 5, 'New', '32f02a70', '6b9f910', 'In Stock', 1, 0, 1, 1, 1, NULL, 1153, 698, NULL),
	(34, 6, 5, 'New', '33de91cb', '161115170256', 'In Stock', 1, 0, 1, 1, 1, NULL, 1154, 708, NULL),
	(35, 25, 5, 'New', '347bdc31', '851efbb', 'In Stock', 1, 0, 1, 1, 1, NULL, 1153, 699, NULL),
	(36, 12, 5, 'New', '35e8e9d1', 'b38ab1e', 'In Stock', 1, 0, 1, 1, 1, NULL, 1138, 709, NULL),
	(37, 4, 5, 'New', '369f0a8c', '164004676235', 'In Stock', 1, 0, 1, 1, 1, NULL, 1134, 698, NULL),
	(38, 5, 5, 'New', '3764739b', '18debdf', 'In Stock', 1, 0, 1, 1, 1, NULL, 1155, 710, NULL),
	(39, 30, 5, 'New', '385e9de4', '075ea29', 'In Stock', 1, 0, 1, 1, 1, NULL, 1156, 711, NULL),
	(40, 4, 5, 'New', '399eb125', '60b5c96', 'In Stock', 1, 0, 1, 1, 1, NULL, 1157, 712, NULL),
	(41, 12, 5, 'New', '409a84af', '879938e', 'In Stock', 1, 0, 1, 1, 1, NULL, 1146, 713, NULL),
	(42, 12, 5, 'New', '41ad3434', '0790197', 'In Stock', 1, 0, 1, 1, 1, NULL, 1158, 705, NULL),
	(43, 12, 5, 'New', '42aa044b', 'e5aaa29', 'In Stock', 1, 0, 1, 1, 1, NULL, 1159, 705, NULL),
	(44, 12, 5, 'New', '43bf752d', 'e3af9d9', 'In Stock', 1, 0, 1, 1, 1, NULL, 1160, 705, NULL),
	(45, 6, 5, 'New', '44722948', '93808c3', 'In Stock', 1, 0, 1, 1, 1, NULL, 1161, 714, NULL),
	(46, 12, 5, 'New', '456bc0db', '161107772222', 'In Stock', 1, 0, 1, 1, 1, NULL, 1142, 699, NULL),
	(47, 25, 5, 'New', '4637c899', '7491df2', 'In Stock', 1, 0, 1, 1, 1, NULL, 1162, 696, NULL),
	(48, 25, 5, 'New', '4713c3d8', '7ca175b', 'In Stock', 1, 0, 1, 1, 1, NULL, 1162, 698, NULL),
	(49, 25, 5, 'New', '485fa3c5', '947ea7c', 'In Stock', 1, 0, 1, 1, 1, NULL, 1162, 699, NULL),
	(50, 5, 5, 'New', '4916f094', '161114908751', 'In Stock', 1, 0, 1, 1, 1, NULL, 1163, 715, NULL),
	(51, 24, 5, 'New', '503af7a5', '161113940134', 'In Stock', 1, 0, 1, 1, 1, NULL, 1144, 696, NULL),
	(52, 3, 5, 'New', '511496c1', '161140402115', 'In Stock', 1, 0, 1, 1, 1, NULL, 1150, 709, NULL),
	(53, 3, 5, 'New', '52dffe6a', '161104402016', 'In Stock', 1, 0, 1, 1, 1, NULL, 1150, 709, NULL),
	(54, 12, 5, 'New', '531904bd', '6008549000972', 'In Stock', 1, 0, 1, 1, 1, NULL, 1164, 709, NULL),
	(55, 15, 5, 'New', '54965434', '8ef735f', 'In Stock', 1, 0, 1, 1, 1, NULL, 1165, 705, NULL),
	(56, 6, 5, 'New', '5557afb7', '164004723144', 'In Stock', 1, 0, 1, 1, 1, NULL, 1166, 705, NULL),
	(57, 12, 5, 'New', '56f05f16', 'a16843c', 'In Stock', 1, 0, 1, 1, 1, NULL, 1167, 716, NULL),
	(58, 12, 5, 'New', '572e5a91', '6678fb7', 'In Stock', 1, 0, 1, 1, 1, NULL, 1167, 717, NULL),
	(59, 20, 5, 'New', '58f4f359', '161103941608', 'In Stock', 1, 0, 1, 1, 1, NULL, 1168, 708, NULL),
	(60, 6, 5, 'New', '5978ed7c', '61614000', 'In Stock', 1, 0, 1, 1, 1, NULL, 1134, 718, NULL),
	(61, 6, 5, 'New', '60738c56', '04b1f6e', 'In Stock', 1, 0, 1, 1, 1, NULL, 1169, 718, NULL),
	(62, 6, 5, 'New', '61a510a4', '164004676549', 'In Stock', 1, 0, 1, 1, 1, NULL, 1134, 716, NULL),
	(63, 50, 5, 'New', '62635bcc', '47506b1', 'In Stock', 1, 0, 1, 1, 1, NULL, 1170, 705, NULL),
	(64, 12, 5, 'New', '637f521b', '060608740253', 'In Stock', 1, 0, 1, 1, 1, NULL, 1171, 705, NULL),
	(65, 24, 5, 'New', '640dcdb6', '54493353', 'In Stock', 1, 0, 1, 1, 1, NULL, 1146, 709, NULL),
	(66, 24, 5, 'New', '654271f3', '54491472', 'In Stock', 1, 0, 1, 1, 1, NULL, 1146, 705, NULL),
	(67, 24, 5, 'New', '660c75c3', '161103940182', 'In Stock', 1, 0, 1, 1, 1, NULL, 1172, 705, NULL),
	(68, 24, 5, 'New', '67c155df', '40822938', 'In Stock', 1, 0, 1, 1, 1, NULL, 1146, 705, NULL),
	(69, 12, 5, 'New', '684296fa', '161104405680', 'In Stock', 1, 0, 1, 1, 1, NULL, 1173, 719, NULL),
	(70, 12, 5, 'New', '695eb585', '164001166272', 'In Stock', 1, 0, 1, 1, 1, NULL, 1174, 709, NULL),
	(71, 12, 5, 'New', '7090b051', 'a174da0', 'In Stock', 1, 0, 1, 1, 1, NULL, 1175, 705, NULL),
	(72, 10, 5, 'New', '7145eb89', '161100930384', 'In Stock', 1, 0, 1, 1, 1, NULL, 1176, 718, NULL),
	(73, 10, 5, 'New', '72a780a2', '161104470077', 'In Stock', 1, 0, 1, 1, 1, NULL, 1143, 696, NULL),
	(74, 48, 5, 'New', '73d0ad55', 'ac113e8', 'In Stock', 1, 0, 1, 1, 1, NULL, 1177, 704, NULL),
	(75, 48, 5, 'New', '74583d06', '161100910065', 'In Stock', 1, 0, 1, 1, 1, NULL, 1178, 705, NULL),
	(76, 48, 5, 'New', '754ffa6f', '161100910119', 'In Stock', 1, 0, 1, 1, 1, NULL, 1179, 705, NULL),
	(77, 48, 5, 'New', '768fcecb', '161100910010', 'In Stock', 1, 0, 1, 1, 1, NULL, 1180, 705, NULL),
	(78, 48, 5, 'New', '77b5e5c3', '161100911024', 'In Stock', 1, 0, 1, 1, 1, NULL, 1181, 705, NULL),
	(79, 12, 5, 'New', '7847185b', '9f7d72e', 'In Stock', 1, 0, 1, 1, 1, NULL, 1182, 720, NULL),
	(80, 12, 5, 'New', '79f90f9b', '54017719', 'In Stock', 1, 0, 1, 1, 1, NULL, 1183, 721, NULL),
	(81, 12, 5, 'New', '80770991', '6008459000507', 'In Stock', 1, 0, 1, 1, 1, NULL, 1182, 719, NULL),
	(82, 12, 5, 'New', '81b7dc8d', '161117770515', 'In Stock', 1, 0, 1, 1, 1, NULL, 1184, 719, NULL),
	(83, 12, 5, 'New', '82aa47a3', '161117772281', 'In Stock', 1, 0, 1, 1, 1, NULL, 1185, 719, NULL),
	(84, 12, 5, 'New', '838bd334', '161117773059', 'In Stock', 1, 0, 1, 1, 1, NULL, 1186, 719, NULL),
	(85, 12, 5, 'New', '84a8fde8', 'd8a7d86', 'In Stock', 1, 0, 1, 1, 1, NULL, 1187, 720, NULL),
	(86, 12, 5, 'New', '85bafd90', '6178777', 'In Stock', 1, 0, 1, 1, 1, NULL, 1187, 719, NULL),
	(87, 12, 5, 'New', '86fff2f8', '42381198', 'In Stock', 1, 0, 1, 1, 1, NULL, 1188, 722, NULL),
	(88, 24, 5, 'New', '87b61943', 'db18293', 'In Stock', 1, 0, 1, 1, 1, NULL, 1146, 722, NULL),
	(89, 12, 5, 'New', '88c38f0d', '3f21eb8', 'In Stock', 1, 0, 1, 1, 1, NULL, 1187, 709, NULL),
	(90, 24, 5, 'New', '8942041f', '8ba03fa', 'In Stock', 1, 0, 1, 1, 1, NULL, 1146, 709, NULL),
	(91, 10, 5, 'New', '90092e68', '009629720065', 'In Stock', 1, 0, 1, 1, 1, NULL, 1189, 718, NULL),
	(92, 10, 5, 'New', '9192ef2d', '161102750072', 'In Stock', 1, 0, 1, 1, 1, NULL, 1190, 716, NULL),
	(93, 10, 5, 'New', '92222f1f', '161102750096', 'In Stock', 1, 0, 1, 1, 1, NULL, 1190, 704, NULL),
	(94, 12, 5, 'New', '93bf3211', '009637635140970', 'In Stock', 1, 0, 1, 1, 1, NULL, 1191, 723, NULL),
	(95, 20, 5, 'New', '9419af79', '8968612066', 'In Stock', 1, 0, 1, 1, 1, NULL, 1192, 724, NULL),
	(96, 12, 5, 'New', '95498f40', '161105070009', 'In Stock', 1, 0, 1, 1, 1, NULL, 1193, 705, NULL),
	(97, 12, 5, 'New', '96d9fa51', '008155002294', 'In Stock', 1, 0, 1, 1, 1, NULL, 1194, 701, NULL),
	(98, 10, 5, 'New', '979a0ced', 'de424e5', 'In Stock', 1, 0, 1, 1, 1, NULL, 1195, 725, NULL),
	(99, 24, 5, 'New', '98a1e610', '447b842', 'In Stock', 1, 0, 1, 1, 1, NULL, 1146, 719, NULL),
	(100, 40, 5, 'New', '99b96b87', '161115172830', 'In Stock', 1, 0, 1, 1, 1, NULL, 1196, 726, NULL),
	(101, 12, 5, 'New', '1001d0a5c', '161103943282', 'In Stock', 1, 0, 1, 1, 1, NULL, 1197, 711, NULL),
	(102, 12, 5, 'New', '101e13c16', '161103940274', 'In Stock', 1, 0, 1, 1, 1, NULL, 1197, 711, NULL),
	(103, 12, 5, 'New', '102854efe', 'fce1d7d', 'In Stock', 1, 0, 1, 1, 1, NULL, 1157, 702, NULL),
	(104, 10, 5, 'New', '1036f6e17', '008166340241', 'In Stock', 1, 0, 1, 1, 1, NULL, 1198, 727, NULL),
	(105, 5, 5, 'New', '104afc675', '9ba4fdf', 'In Stock', 1, 0, 1, 1, 1, NULL, 1199, 705, NULL),
	(106, 5, 5, 'New', '1059cede0', 'c0071f4', 'In Stock', 1, 0, 1, 1, 1, NULL, 1152, 728, NULL),
	(107, 12, 5, 'New', '106aa2a3d', '30f381b', 'In Stock', 1, 0, 1, 1, 1, NULL, 1200, 705, NULL),
	(108, 24, 5, 'New', '107ab1960', '7359089', 'In Stock', 1, 0, 1, 1, 1, NULL, 1201, 729, NULL),
	(109, 12, 5, 'New', '1080e8d7e', 'ca3a176', 'In Stock', 1, 0, 1, 1, 1, NULL, 1202, 730, NULL),
	(110, 6, 5, 'New', '109a870b4', 'cd71e69', 'In Stock', 1, 0, 1, 1, 1, NULL, 1152, 731, NULL),
	(111, 10, 5, 'New', '110a73bb7', '161100930117', 'In Stock', 1, 0, 1, 1, 1, NULL, 1176, 704, NULL),
	(112, 12, 5, 'New', '1113248be', '904bcf6', 'In Stock', 1, 0, 1, 1, 1, NULL, 1203, 701, NULL),
	(113, 21, 5, 'New', '112282a58', '164001166289', 'In Stock', 1, 0, 1, 1, 1, NULL, 1174, 720, NULL),
	(114, 12, 5, 'New', '1132be32b', '164002595583', 'In Stock', 1, 0, 1, 1, 1, NULL, 1204, 704, NULL),
	(115, 50, 5, 'New', '1149e3423', '008686340230', 'In Stock', 1, 0, 1, 1, 1, NULL, 1205, 722, NULL),
	(116, 50, 5, 'New', '115b0deca', '050242000554', 'In Stock', 1, 0, 1, 1, 1, NULL, 1206, 722, NULL),
	(117, 36, 5, 'New', '116ba8f81', '161103944128', 'In Stock', 1, 0, 1, 1, 1, NULL, 1207, 732, NULL),
	(118, 36, 5, 'New', '117fb28d8', '161103942643', 'In Stock', 1, 0, 1, 1, 1, NULL, 1208, 732, NULL),
	(119, 6, 5, 'New', '1189f8474', '161106962662', 'In Stock', 1, 0, 1, 1, 1, NULL, 1209, 733, NULL),
	(120, 24, 5, 'New', '119437fc0', '84d3d40', 'In Stock', 1, 0, 1, 1, 1, NULL, 1146, 705, NULL),
	(121, 12, 5, 'New', '120579231', 'a32fae0', 'In Stock', 1, 0, 1, 1, 1, NULL, 1210, 705, NULL),
	(122, 40, 5, 'New', '121991ee0', '161101280037', 'In Stock', 1, 0, 1, 1, 1, NULL, 1211, 734, NULL),
	(123, 40, 5, 'New', '122772280', '161101280013', 'In Stock', 1, 0, 1, 1, 1, NULL, 1211, 699, NULL),
	(124, 20, 5, 'New', '1230a818d', '008165007814', 'In Stock', 1, 0, 1, 1, 1, NULL, 1212, 735, NULL),
	(125, 12, 5, 'New', '124cf913e', '161101537025', 'In Stock', 1, 0, 1, 1, 1, NULL, 1213, 736, NULL),
	(126, 12, 5, 'New', '1252879e0', '161101536547', 'In Stock', 1, 0, 1, 1, 1, NULL, 1213, 736, NULL),
	(127, 36, 5, 'New', '12646fba4', '622201699352', 'In Stock', 1, 0, 1, 1, 1, NULL, 1214, 737, NULL),
	(128, 12, 5, 'New', '127a38874', 'aa201d8', 'In Stock', 1, 0, 1, 1, 1, NULL, 1215, 738, NULL),
	(129, 24, 5, 'New', '128d86873', 'f10c71e', 'In Stock', 1, 0, 1, 1, 1, NULL, 1157, 709, NULL),
	(130, 24, 5, 'New', '12917ffc0', '54491069', 'In Stock', 1, 0, 1, 1, 1, NULL, 1146, 705, NULL),
	(131, 40, 5, 'New', '13082094a', '55aa9a4', 'In Stock', 1, 0, 1, 1, 1, NULL, 1216, 739, NULL),
	(132, 6, 5, 'New', '1314dc4c4', '31bb1dc', 'In Stock', 1, 0, 1, 1, 1, NULL, 1142, 696, NULL),
	(133, 6, 5, 'New', '1327f6392', '161106610709', 'In Stock', 1, 0, 1, 1, 1, NULL, 1217, 740, NULL),
	(134, 6, 5, 'New', '133be8478', '161106610723', 'In Stock', 1, 0, 1, 1, 1, NULL, 1217, 741, NULL),
	(135, 42, 5, 'New', '1348bd5b5', '9707b75', 'In Stock', 1, 0, 1, 1, 1, NULL, 1216, 742, NULL),
	(136, 42, 5, 'New', '1354c5b4c', 'c523b31', 'In Stock', 1, 0, 1, 1, 1, NULL, 1216, 743, NULL),
	(137, 24, 5, 'New', '1368ae721', '161104401507', 'In Stock', 1, 0, 1, 1, 1, NULL, 1150, 744, NULL),
	(138, 36, 5, 'New', '13775479d', '164002695320', 'In Stock', 1, 0, 1, 1, 1, NULL, 1218, 745, NULL),
	(139, 150, 5, 'New', '1388e7c86', '5abf585', 'In Stock', 1, 0, 1, 1, 1, NULL, 1219, 711, NULL),
	(140, 150, 5, 'New', '139f44303', 'aba5f7d', 'In Stock', 1, 0, 1, 1, 1, NULL, 1135, 746, NULL),
	(141, 12, 5, 'New', '140a54fcb', '1ba0308', 'In Stock', 1, 0, 1, 1, 1, NULL, 1220, 716, NULL),
	(142, 12, 5, 'New', '14130dbe7', '161104400555', 'In Stock', 1, 0, 1, 1, 1, NULL, 1220, 704, NULL),
	(143, 12, 5, 'New', '1427b94fc', '28b26c0', 'In Stock', 1, 0, 1, 1, 1, NULL, 1221, 705, NULL),
	(144, 20, 5, 'New', '14389f0e8', '008165267492', 'In Stock', 1, 0, 1, 1, 1, NULL, 1212, 747, NULL),
	(145, 20, 5, 'New', '144b66004', '0f5d478', 'In Stock', 1, 0, 1, 1, 1, NULL, 1212, 748, NULL),
	(146, 12, 5, 'New', '145966bd1', '161100600270', 'In Stock', 1, 0, 1, 1, 1, NULL, 1222, 749, NULL),
	(147, 12, 5, 'New', '146b91060', '161100600935', 'In Stock', 1, 0, 1, 1, 1, NULL, 1222, 704, NULL),
	(148, 50, 5, 'New', '1479304d5', '168686200153', 'In Stock', 1, 0, 1, 1, 1, NULL, 1223, 750, NULL),
	(149, 50, 5, 'New', '148edf468', '166000107522', 'In Stock', 1, 0, 1, 1, 1, NULL, 1224, 750, NULL),
	(150, 5, 5, 'New', '1499b8e9d', '96310e7', 'In Stock', 1, 0, 1, 1, 1, NULL, 1225, 705, NULL),
	(151, 5, 5, 'New', '15091ffd4', '73f95d7', 'In Stock', 1, 0, 1, 1, 1, NULL, 1226, 705, NULL),
	(152, 24, 5, 'New', '151a59431', '6c9bc0e', 'In Stock', 1, 0, 1, 1, 1, NULL, 1146, 705, NULL),
	(153, 12, 5, 'New', '152e86bb6', '6c9b097', 'In Stock', 1, 0, 1, 1, 1, NULL, 1227, 751, NULL),
	(154, 50, 5, 'New', '1534c6685', '810c73f', 'In Stock', 1, 0, 1, 1, 1, NULL, 1228, 752, NULL),
	(155, 12, 5, 'New', '1547df9b2', '009629720072', 'In Stock', 1, 0, 1, 1, 1, NULL, 1189, 704, NULL),
	(156, 12, 5, 'New', '1558ad154', '161106962661', 'In Stock', 1, 0, 1, 1, 1, NULL, 1209, 733, NULL),
	(157, 50, 5, 'New', '156c13e0c', '180976f', 'In Stock', 1, 0, 1, 1, 1, NULL, 1229, 705, NULL),
	(158, 12, 5, 'New', '15744d6fe', '166e8c7', 'In Stock', 1, 0, 1, 1, 1, NULL, 1230, 753, NULL),
	(159, 50, 5, 'New', '15807ecf1', 'dea934c', 'In Stock', 1, 0, 1, 1, 1, NULL, 1231, 705, NULL),
	(160, 12, 5, 'New', '1590e6c22', '553ef01', 'In Stock', 1, 0, 1, 1, 1, NULL, 1136, 753, NULL),
	(161, 12, 5, 'New', '160cf6779', '1b28996', 'In Stock', 1, 0, 1, 1, 1, NULL, 1232, 753, NULL),
	(162, 12, 5, 'New', '161ab04d5', '94dacc7', 'In Stock', 1, 0, 1, 1, 1, NULL, 1232, 754, NULL),
	(163, 12, 5, 'New', '16264b02d', '91a7a12', 'In Stock', 1, 0, 1, 1, 1, NULL, 1232, 701, NULL),
	(164, 20, 5, 'New', '163f12e6b', '008165265962', 'In Stock', 1, 0, 1, 1, 1, NULL, 1212, 755, NULL),
	(165, 20, 5, 'New', '1642e8015', '161101080019', 'In Stock', 1, 0, 1, 1, 1, NULL, 1212, 756, NULL),
	(166, 96, 5, 'New', '165b4a3c6', '161110880099', 'In Stock', 1, 0, 1, 1, 1, NULL, 1233, 757, NULL),
	(167, 12, 5, 'New', '166658498', '7e18c6e', 'In Stock', 1, 0, 1, 1, 1, NULL, 1234, 753, NULL),
	(168, 12, 5, 'New', '16795bdf2', '161100913240', 'In Stock', 1, 0, 1, 1, 1, NULL, 1235, 751, NULL),
	(169, 12, 5, 'New', '168bfc1fd', '162000046052', 'In Stock', 1, 0, 1, 1, 1, NULL, 1236, 705, NULL),
	(170, 50, 5, 'New', '169c1af05', '161100916487', 'In Stock', 1, 0, 1, 1, 1, NULL, 1237, 705, NULL),
	(171, 20, 5, 'New', '1703f38f9', '6af3802', 'In Stock', 1, 0, 1, 1, 1, NULL, 1238, 716, NULL),
	(172, 50, 5, 'New', '171f21f71', '161100860155', 'In Stock', 1, 0, 1, 1, 1, NULL, 1239, 733, NULL),
	(173, 50, 5, 'New', '1725aa416', '161101511636', 'In Stock', 1, 0, 1, 1, 1, NULL, 1240, 750, NULL),
	(174, 50, 5, 'New', '173f0d937', '009611170274', 'In Stock', 1, 0, 1, 1, 1, NULL, 1241, 750, NULL),
	(175, 50, 5, 'New', '17400ffad', 'cd2e7a6', 'In Stock', 1, 0, 1, 1, 1, NULL, 1242, 750, NULL),
	(176, 20, 5, 'New', '175563318', '009629720102', 'In Stock', 1, 0, 1, 1, 1, NULL, 1189, 716, NULL),
	(177, 50, 5, 'New', '176a8235d', 'badb4a9', 'In Stock', 1, 0, 1, 1, 1, NULL, 1243, 758, NULL),
	(178, 50, 5, 'New', '177ef5f70', 'e84c338', 'In Stock', 1, 0, 1, 1, 1, NULL, 1244, 758, NULL),
	(179, 50, 5, 'New', '17810ed7e', '161112464648', 'In Stock', 1, 0, 1, 1, 1, NULL, 1245, 759, NULL),
	(180, 50, 5, 'New', '179badeb7', '161112464662', 'In Stock', 1, 0, 1, 1, 1, NULL, 1245, 760, NULL),
	(181, 50, 5, 'New', '1808b9321', '161112464631', 'In Stock', 1, 0, 1, 1, 1, NULL, 1245, 761, NULL),
	(182, 50, 5, 'New', '181a06889', '161112464679', 'In Stock', 1, 0, 1, 1, 1, NULL, 1245, 762, NULL),
	(183, 50, 5, 'New', '182a18c38', '932709c', 'In Stock', 1, 0, 1, 1, 1, NULL, 1246, 705, NULL),
	(184, 12, 5, 'New', '1831b173a', 'a4ffab1', 'In Stock', 1, 0, 1, 1, 1, NULL, 1230, 751, NULL),
	(185, 60, 5, 'New', '1843b8984', '162000044454', 'In Stock', 1, 0, 1, 1, 1, NULL, 1247, 758, NULL),
	(186, 60, 5, 'New', '185ea9971', '161103940649', 'In Stock', 1, 0, 1, 1, 1, NULL, 1248, 758, NULL),
	(187, 60, 5, 'New', '186984024', '161103943725', 'In Stock', 1, 0, 1, 1, 1, NULL, 1249, 758, NULL),
	(188, 100, 5, 'New', '187099d17', 'cc70b61', 'In Stock', 1, 0, 1, 1, 1, NULL, 1250, 758, NULL),
	(189, 40, 5, 'New', '18859599c', '31b294f', 'In Stock', 1, 0, 1, 1, 1, NULL, 1196, 763, NULL),
	(190, 40, 5, 'New', '1890509e7', '161115172847', 'In Stock', 1, 0, 1, 1, 1, NULL, 1196, 764, NULL),
	(191, 40, 5, 'New', '1905ccc89', '161100912380', 'In Stock', 1, 0, 1, 1, 1, NULL, 1251, 765, NULL),
	(192, 40, 5, 'New', '191dd1cc7', '53f3006', 'In Stock', 1, 0, 1, 1, 1, NULL, 1251, 705, NULL),
	(193, 84, 5, 'New', '192034a9c', '75bd01a', 'In Stock', 1, 0, 1, 1, 1, NULL, 1252, 705, NULL),
	(194, 107, 5, 'New', '193657c33', '1b67f9f', 'In Stock', 1, 0, 1, 1, 1, NULL, 1253, 705, NULL),
	(195, 114, 5, 'New', '194f2c94c', 'c81d030', 'In Stock', 1, 0, 1, 1, 1, NULL, 1254, 705, NULL),
	(196, 480, 5, 'New', '19595cf71', 'f6c1938', 'In Stock', 1, 0, 1, 1, 1, NULL, 1255, 696, NULL),
	(197, 480, 5, 'New', '196cbc3f5', 'a043fa6', 'In Stock', 1, 0, 1, 1, 1, NULL, 1139, 698, NULL),
	(198, 480, 5, 'New', '197279260', '1268d98', 'In Stock', 1, 0, 1, 1, 1, NULL, 1255, 698, NULL),
	(199, 480, 5, 'New', '198a727db', 'c56876a', 'In Stock', 1, 0, 1, 1, 1, NULL, 1255, 699, NULL),
	(200, 1, 5, 'New', '199071304', '449000028921', 'In Stock', 1, 0, 1, 1, 1, NULL, 1146, 711, NULL),
	(201, 2, 5, 'New', '200e231a1', 'f96f55d', 'In Stock', 1, 0, 1, 1, 1, NULL, 1256, 711, NULL),
	(202, 3, 5, 'New', '20134ce8e', '449000028938', 'In Stock', 1, 0, 1, 1, 1, NULL, 1146, 711, NULL),
	(203, 2, 5, 'New', '20275183b', '449000090096', 'In Stock', 1, 0, 1, 1, 1, NULL, 1146, 711, NULL),
	(204, 2, 5, 'New', '20349b568', 'a637cd1', 'In Stock', 1, 0, 1, 1, 1, NULL, 1257, 711, NULL),
	(205, 5, 5, 'New', '2046c763f', '449000113467', 'In Stock', 1, 0, 1, 1, 1, NULL, 1146, 713, NULL),
	(206, 2, 5, 'New', '205b3485c', '6926d03', 'In Stock', 1, 0, 1, 1, 1, NULL, 1258, 696, NULL),
	(207, 2, 5, 'New', '20692430a', 'f742904', 'In Stock', 1, 0, 1, 1, 1, NULL, 1259, 696, NULL),
	(208, 3, 5, 'New', '20749878d', '82f588d', 'In Stock', 1, 0, 1, 1, 1, NULL, 1260, 696, NULL),
	(209, 12, 5, 'New', '208544632', '1f58404', 'In Stock', 1, 0, 1, 1, 1, NULL, 1227, 753, NULL),
	(210, 8, 5, 'New', '209d92f58', '0c17f1c', 'In Stock', 1, 0, 1, 1, 1, NULL, 1143, 698, NULL),
	(211, 8, 5, 'New', '210313998', '6c139dc', 'In Stock', 1, 0, 1, 1, 1, NULL, 1143, 706, NULL),
	(212, 4, 5, 'New', '211a8e5b4', '449000004864', 'In Stock', 1, 0, 1, 1, 1, NULL, 1146, 722, NULL),
	(213, 12, 5, 'New', '21291de24', '008155007626', 'In Stock', 1, 0, 1, 1, 1, NULL, 1194, 700, NULL),
	(214, 41, 5, 'New', '213ccc21a', '472e592', 'In Stock', 1, 0, 1, 1, 1, NULL, 1143, 699, NULL),
	(215, 2, 5, 'New', '214cdb752', '5b4699b', 'In Stock', 1, 0, 1, 1, 1, NULL, 1143, 699, NULL),
	(216, 1, 5, 'New', '2154765bd', '9ffde05', 'In Stock', 1, 0, 1, 1, 1, NULL, 1146, 705, NULL),
	(217, 4, 5, 'New', '216424005', '449000022752', 'In Stock', 1, 0, 1, 1, 1, NULL, 1146, 705, NULL),
	(218, 2, 5, 'New', '217fb08c3', '449000028976', 'In Stock', 1, 0, 1, 1, 1, NULL, 1146, 705, NULL);

-- Dumping structure for table bengomall.invoices
CREATE TABLE IF NOT EXISTS `invoices` (
  `id` bigint NOT NULL AUTO_INCREMENT,
  `invoice_id` varchar(50) NOT NULL,
  `created_at` datetime(6) NOT NULL,
  `updated_at` datetime(6) DEFAULT NULL,
  `amount` decimal(8,2) NOT NULL,
  `status` varchar(50) NOT NULL,
  `customer_id` bigint NOT NULL,
  `order_id` bigint DEFAULT NULL,
  PRIMARY KEY (`id`),
  KEY `invoices_customer_id_de4a11fb_fk_customers_id` (`customer_id`),
  KEY `invoices_order_id_ebb2d34a_fk_order_id` (`order_id`),
  CONSTRAINT `invoices_customer_id_de4a11fb_fk_customers_id` FOREIGN KEY (`customer_id`) REFERENCES `customers` (`id`),
  CONSTRAINT `invoices_order_id_ebb2d34a_fk_order_id` FOREIGN KEY (`order_id`) REFERENCES `order` (`id`)
) ENGINE=InnoDB AUTO_INCREMENT=13 DEFAULT CHARSET=utf8mb4 COLLATE=utf8mb4_0900_ai_ci;

-- Dumping data for table bengomall.invoices: ~4 rows (approximately)
INSERT IGNORE INTO `invoices` (`id`, `invoice_id`, `created_at`, `updated_at`, `amount`, `status`, `customer_id`, `order_id`) VALUES
	(3, '1699282510241', '2023-11-06 17:38:30.926164', NULL, 165.00, 'pending', 1, NULL),
	(4, '1699692768419', '2023-11-11 11:35:27.014304', NULL, 265.00, 'pending', 1, NULL),
	(11, '1699963075431', '2023-11-14 14:40:43.054086', NULL, 79225.00, 'pending', 1, 11),
	(12, '1701110507167', '2023-11-27 21:27:35.424409', NULL, 885.00, 'pending', 1, 12);

-- Dumping structure for table bengomall.main_categories
CREATE TABLE IF NOT EXISTS `main_categories` (
  `id` bigint NOT NULL AUTO_INCREMENT,
  `name` varchar(255) NOT NULL,
  `display_image` varchar(100) DEFAULT NULL,
  `status` int NOT NULL,
  PRIMARY KEY (`id`)
) ENGINE=InnoDB AUTO_INCREMENT=212 DEFAULT CHARSET=utf8mb4 COLLATE=utf8mb4_0900_ai_ci;

-- Dumping data for table bengomall.main_categories: ~49 rows (approximately)
INSERT IGNORE INTO `main_categories` (`id`, `name`, `display_image`, `status`) VALUES
	(163, 'Sweeteners', '', 1),
	(164, 'Flavours', '', 1),
	(165, 'Poultry Products', '', 1),
	(166, 'Soap & Detergents', '', 1),
	(167, 'Fast Foods', '', 1),
	(168, 'Cooking Oil', '', 1),
	(169, 'Jelly', '', 1),
	(170, 'Legumes', '', 1),
	(171, 'Sugar', '', 1),
	(172, 'Floor', '', 1),
	(173, 'Cereals', '', 1),
	(174, 'Drinks', '', 1),
	(175, 'Dairy Products', '', 1),
	(176, 'Bread', '', 1),
	(177, 'Mandazi', '', 1),
	(178, 'Ngumu', '', 1),
	(179, 'Pads', '', 1),
	(180, 'Toiletry', '', 1),
	(181, 'Tooth Paste', '', 1),
	(182, 'Biscuits', '', 1),
	(183, 'Powder Powder', '', 1),
	(184, 'Beverages', '', 1),
	(185, 'Crips', '', 1),
	(186, 'Spices', '', 1),
	(187, 'Flavour', '', 1),
	(188, 'Repellants', '', 1),
	(189, 'Mboga', '', 1),
	(190, 'Brush', '', 1),
	(191, 'Weetabix', '', 1),
	(192, 'Pain Killers', '', 1),
	(193, 'Orange', '', 1),
	(194, 'Family', '', 1),
	(195, 'Beverges', '', 1),
	(196, 'Stationary', '', 1),
	(197, 'Cigar', '', 1),
	(198, 'Yego', '', 1),
	(199, 'Glucose', '', 1),
	(200, 'Ndazis', '', 1),
	(201, 'Sweets', '', 1),
	(202, 'Bites', '', 1),
	(203, 'Ringoz', '', 1),
	(204, 'Candles', '', 1),
	(205, 'Puffs', '', 1),
	(206, 'Steelwool', '', 1),
	(207, 'Chewing Gum', '', 1),
	(208, 'Matchbox ', '', 1),
	(209, 'Royco', '', 1),
	(210, 'Other', '', 1),
	(211, 'Meat', '', 1);

-- Dumping structure for table bengomall.main_categories_categories
CREATE TABLE IF NOT EXISTS `main_categories_categories` (
  `id` bigint NOT NULL AUTO_INCREMENT,
  `maincategory_id` bigint NOT NULL,
  `category_id` bigint NOT NULL,
  PRIMARY KEY (`id`),
  UNIQUE KEY `main_categories_categori_maincategory_id_category_3f810cf7_uniq` (`maincategory_id`,`category_id`),
  KEY `main_categories_categories_category_id_3ebc84a7_fk_categories_id` (`category_id`),
  CONSTRAINT `main_categories_cate_maincategory_id_578125fb_fk_main_cate` FOREIGN KEY (`maincategory_id`) REFERENCES `main_categories` (`id`),
  CONSTRAINT `main_categories_categories_category_id_3ebc84a7_fk_categories_id` FOREIGN KEY (`category_id`) REFERENCES `categories` (`id`)
) ENGINE=InnoDB AUTO_INCREMENT=2240 DEFAULT CHARSET=utf8mb4 COLLATE=utf8mb4_0900_ai_ci;

-- Dumping data for table bengomall.main_categories_categories: ~112 rows (approximately)
INSERT IGNORE INTO `main_categories_categories` (`id`, `maincategory_id`, `category_id`) VALUES
	(1814, 163, 344),
	(1815, 164, 345),
	(1874, 164, 376),
	(1928, 164, 407),
	(1816, 165, 346),
	(1952, 165, 421),
	(1819, 166, 347),
	(1829, 166, 352),
	(1844, 166, 362),
	(1946, 166, 420),
	(1822, 167, 348),
	(1872, 167, 375),
	(1908, 167, 397),
	(1910, 167, 399),
	(1823, 168, 349),
	(1827, 169, 350),
	(1828, 170, 351),
	(1838, 170, 358),
	(1851, 170, 363),
	(1831, 171, 353),
	(1832, 172, 354),
	(1839, 172, 359),
	(1833, 173, 355),
	(1836, 174, 356),
	(1837, 174, 357),
	(1840, 174, 360),
	(1853, 174, 365),
	(1867, 174, 371),
	(1877, 174, 377),
	(1878, 174, 378),
	(1879, 174, 379),
	(1881, 174, 381),
	(1882, 174, 382),
	(1893, 174, 390),
	(1895, 174, 391),
	(1896, 174, 392),
	(1897, 174, 393),
	(1900, 174, 394),
	(1901, 174, 395),
	(1903, 174, 396),
	(1933, 174, 411),
	(1943, 174, 418),
	(1843, 175, 361),
	(1852, 175, 364),
	(1868, 175, 372),
	(1855, 176, 366),
	(1909, 176, 398),
	(1856, 177, 367),
	(1857, 178, 368),
	(1858, 179, 369),
	(1869, 179, 373),
	(1863, 180, 370),
	(1944, 180, 419),
	(1870, 181, 374),
	(1880, 182, 380),
	(1914, 182, 401),
	(1921, 182, 405),
	(1940, 182, 416),
	(1884, 183, 383),
	(1885, 184, 384),
	(1966, 184, 428),
	(1887, 185, 385),
	(1888, 186, 386),
	(1889, 186, 387),
	(1890, 186, 388),
	(1891, 186, 389),
	(1935, 186, 413),
	(1981, 186, 435),
	(2004, 186, 445),
	(1913, 187, 400),
	(2003, 187, 444),
	(1917, 188, 402),
	(1918, 189, 403),
	(1920, 190, 404),
	(1922, 191, 406),
	(1929, 192, 408),
	(1961, 192, 426),
	(1962, 192, 427),
	(1985, 192, 437),
	(1986, 192, 438),
	(1987, 192, 439),
	(1930, 193, 380),
	(1931, 194, 409),
	(1932, 195, 410),
	(1941, 195, 417),
	(1971, 195, 431),
	(1934, 196, 412),
	(1938, 196, 415),
	(1937, 197, 414),
	(1957, 197, 424),
	(1958, 197, 425),
	(1977, 197, 433),
	(1951, 198, 405),
	(1954, 199, 422),
	(1956, 200, 423),
	(1967, 201, 429),
	(2006, 201, 446),
	(2007, 201, 447),
	(2008, 201, 448),
	(1970, 202, 430),
	(1972, 203, 432),
	(1979, 204, 434),
	(1983, 205, 433),
	(1984, 206, 436),
	(1992, 207, 440),
	(1996, 207, 441),
	(2001, 208, 442),
	(2002, 209, 443),
	(2014, 210, 449),
	(2017, 210, 450),
	(2019, 210, 451),
	(2021, 211, 452);

-- Dumping structure for table bengomall.mpesa_transactions
CREATE TABLE IF NOT EXISTS `mpesa_transactions` (
  `id` bigint NOT NULL AUTO_INCREMENT,
  `clientName` varchar(255) NOT NULL,
  `clientId` varchar(255) NOT NULL,
  `transactionType` varchar(20) NOT NULL,
  `transactionRef` varchar(255) NOT NULL,
  `date` date NOT NULL,
  `amount` decimal(10,2) NOT NULL,
  PRIMARY KEY (`id`)
) ENGINE=InnoDB AUTO_INCREMENT=3 DEFAULT CHARSET=utf8mb4 COLLATE=utf8mb4_0900_ai_ci;

-- Dumping data for table bengomall.mpesa_transactions: ~2 rows (approximately)
INSERT IGNORE INTO `mpesa_transactions` (`id`, `clientName`, `clientId`, `transactionType`, `transactionRef`, `date`, `amount`) VALUES
	(1, 'John Doe', '84848494', 'deposit', 'G774H2822', '2023-11-13', 5000.00),
	(2, 'Jane Doe', '6473738', 'deposit', 'HX56474Y8', '2023-11-14', 1000.00);

-- Dumping structure for table bengomall.order
CREATE TABLE IF NOT EXISTS `order` (
  `id` bigint NOT NULL AUTO_INCREMENT,
  `order_id` varchar(50) NOT NULL,
  `created_at` datetime(6) NOT NULL,
  `order_amount` decimal(8,2) NOT NULL,
  `payment_status` varchar(50) NOT NULL,
  `confirm_status` varchar(50) NOT NULL,
  `dispatch_status` varchar(50) NOT NULL,
  `delivery_from_date` datetime(6) DEFAULT NULL,
  `delivery_to_date` datetime(6) DEFAULT NULL,
  `delivered_status` varchar(100) NOT NULL,
  `customer_id` bigint NOT NULL,
  `delivery_address_id` bigint NOT NULL,
  PRIMARY KEY (`id`),
  KEY `order_customer_id_9da9253f_fk_customers_id` (`customer_id`),
  KEY `order_delivery_address_id_7ba39879_fk_pickup_stattions_id` (`delivery_address_id`),
  CONSTRAINT `order_customer_id_9da9253f_fk_customers_id` FOREIGN KEY (`customer_id`) REFERENCES `customers` (`id`),
  CONSTRAINT `order_delivery_address_id_7ba39879_fk_pickup_stattions_id` FOREIGN KEY (`delivery_address_id`) REFERENCES `pickup_stattions` (`id`)
) ENGINE=InnoDB AUTO_INCREMENT=13 DEFAULT CHARSET=utf8mb4 COLLATE=utf8mb4_0900_ai_ci;

-- Dumping data for table bengomall.order: ~2 rows (approximately)
INSERT IGNORE INTO `order` (`id`, `order_id`, `created_at`, `order_amount`, `payment_status`, `confirm_status`, `dispatch_status`, `delivery_from_date`, `delivery_to_date`, `delivered_status`, `customer_id`, `delivery_address_id`) VALUES
	(11, '1699963075431', '2023-11-14 14:40:43.043080', 79225.00, 'pending', 'pending', 'pending', NULL, NULL, 'pending', 1, 1),
	(12, '1701110507167', '2023-11-27 21:27:35.412401', 885.00, 'pending', 'pending', 'pending', NULL, NULL, 'pending', 1, 1);

-- Dumping structure for table bengomall.orderitems
CREATE TABLE IF NOT EXISTS `orderitems` (
  `id` bigint NOT NULL AUTO_INCREMENT,
  `retail_price` decimal(8,2) NOT NULL,
  `quantity` int NOT NULL,
  `total` int NOT NULL,
  `order_id` bigint NOT NULL,
  `stock_id` bigint NOT NULL,
  PRIMARY KEY (`id`),
  KEY `orderitems_order_id_591c3139_fk_order_id` (`order_id`),
  KEY `orderitems_stock_id_d2006ed2_fk_inventory_id` (`stock_id`),
  CONSTRAINT `orderitems_order_id_591c3139_fk_order_id` FOREIGN KEY (`order_id`) REFERENCES `order` (`id`),
  CONSTRAINT `orderitems_stock_id_d2006ed2_fk_inventory_id` FOREIGN KEY (`stock_id`) REFERENCES `inventory` (`id`)
) ENGINE=InnoDB AUTO_INCREMENT=15 DEFAULT CHARSET=utf8mb4 COLLATE=utf8mb4_0900_ai_ci;

-- Dumping data for table bengomall.orderitems: ~1 rows (approximately)
INSERT IGNORE INTO `orderitems` (`id`, `retail_price`, `quantity`, `total`, `order_id`, `stock_id`) VALUES
	(14, 800.00, 1, 800, 12, 2122);

-- Dumping structure for table bengomall.pickup_stattions
CREATE TABLE IF NOT EXISTS `pickup_stattions` (
  `id` bigint NOT NULL AUTO_INCREMENT,
  `pickup_location` varchar(255) NOT NULL,
  `description` longtext,
  `open_hours` varchar(255) NOT NULL,
  `payment_options` varchar(500) NOT NULL,
  `google_pin` varchar(1500) NOT NULL,
  `helpline` varchar(20) NOT NULL,
  `shipping_charge` bigint unsigned NOT NULL,
  `region_id` bigint DEFAULT NULL,
  PRIMARY KEY (`id`),
  KEY `pickup_stattions_region_id_9b0663f3_fk_delivery_regions_id` (`region_id`),
  CONSTRAINT `pickup_stattions_region_id_9b0663f3_fk_delivery_regions_id` FOREIGN KEY (`region_id`) REFERENCES `delivery_regions` (`id`),
  CONSTRAINT `pickup_stattions_chk_1` CHECK ((`shipping_charge` >= 0))
) ENGINE=InnoDB DEFAULT CHARSET=utf8mb4 COLLATE=utf8mb4_0900_ai_ci;

-- Dumping data for table bengomall.pickup_stattions: ~0 rows (approximately)

-- Dumping structure for table bengomall.post_comments
CREATE TABLE IF NOT EXISTS `post_comments` (
  `id` bigint NOT NULL AUTO_INCREMENT,
  `comment` longtext NOT NULL,
  `post_id` bigint NOT NULL,
  `user_id` bigint NOT NULL,
  PRIMARY KEY (`id`),
  KEY `post_comments_post_id_e17f8125_fk_blog_posts_id` (`post_id`),
  KEY `post_comments_user_id_540f5634_fk_authmanagement_myuser_id` (`user_id`),
  CONSTRAINT `post_comments_post_id_e17f8125_fk_blog_posts_id` FOREIGN KEY (`post_id`) REFERENCES `blog_posts` (`id`),
  CONSTRAINT `post_comments_user_id_540f5634_fk_authmanagement_myuser_id` FOREIGN KEY (`user_id`) REFERENCES `authmanagement_myuser` (`id`)
) ENGINE=InnoDB AUTO_INCREMENT=3 DEFAULT CHARSET=utf8mb4 COLLATE=utf8mb4_0900_ai_ci;

-- Dumping data for table bengomall.post_comments: ~1 rows (approximately)
INSERT IGNORE INTO `post_comments` (`id`, `comment`, `post_id`, `user_id`) VALUES
	(2, 'Awesome', 2, 17);

-- Dumping structure for table bengomall.productimages
CREATE TABLE IF NOT EXISTS `productimages` (
  `id` bigint NOT NULL AUTO_INCREMENT,
  `image` varchar(100) NOT NULL,
  `product_id` bigint DEFAULT NULL,
  PRIMARY KEY (`id`),
  KEY `productimages_product_id_c598e50d_fk_products_id` (`product_id`),
  CONSTRAINT `productimages_product_id_c598e50d_fk_products_id` FOREIGN KEY (`product_id`) REFERENCES `products` (`id`)
) ENGINE=InnoDB AUTO_INCREMENT=3839 DEFAULT CHARSET=utf8mb4 COLLATE=utf8mb4_0900_ai_ci;

-- Dumping data for table bengomall.productimages: ~622 rows (approximately)
INSERT IGNORE INTO `productimages` (`id`, `image`, `product_id`) VALUES
	(3217, 'products/20231120/Honey_2.jpeg', 1133),
	(3218, 'products/20231120/Honey_1.jpeg', 1133),
	(3219, 'products/20231120/blueband.jpeg', 1134),
	(3220, 'products/20231120/blueband2.jpeg', 1134),
	(3221, 'products/20231120/broilers.jpeg', 1135),
	(3222, 'products/20231120/broilers_KvQB9cI.jpeg', 1135),
	(3223, 'products/20231120/broilers_dS7GyVF.jpeg', 1135),
	(3224, 'products/20231120/Omo.jpeg', 1136),
	(3225, 'products/20231120/Omo_sCfXDE6.jpeg', 1136),
	(3226, 'products/20231120/Honey_2_VXRtYIa.jpeg', 1133),
	(3227, 'products/20231120/Honey_1_bh8CQAW.jpeg', 1133),
	(3228, 'products/20231120/Sausages.jpeg', 1137),
	(3229, 'products/20231120/fresh_fri_oil.jpg', 1138),
	(3230, 'products/20231120/kimbo_cooking_fat.jpeg', 1139),
	(3231, 'products/20231120/kimbo_coocking_fat.jpg', 1139),
	(3232, 'products/20231120/blueband_Cyl7an7.jpeg', 1134),
	(3233, 'products/20231120/blueband2_pEehA0x.jpeg', 1134),
	(3234, 'products/20231120/Honey_2_tHb7jS8.jpeg', 1133),
	(3235, 'products/20231120/Honey_1_Foc4wE4.jpeg', 1133),
	(3236, 'products/20231120/Arimis.jpeg', 1140),
	(3237, 'products/20231120/Kamande.jpg', 1141),
	(3238, 'products/20231120/Kamande_2.jpg', 1141),
	(3239, 'products/20231120/Msafi_Powder.jpeg', 1142),
	(3240, 'products/20231120/Baking_Powder.jpg', 1142),
	(3241, 'products/20231120/Msafi_Powder_oih4xuO.jpeg', 1142),
	(3242, 'products/20231120/Baking_Powder_mYVY2pF.jpg', 1142),
	(3243, 'products/20231120/sugar.jpeg', 1143),
	(3244, 'products/20231120/Unga_Chapati_Ajab.jpeg', 1144),
	(3245, 'products/20231120/Unga_Chapati.jpeg', 1144),
	(3246, 'products/20231120/Premium_Pishori_Rice.jpeg', 1145),
	(3247, 'products/20231120/Pishori_rice.jpg', 1145),
	(3248, 'products/20231120/Premium_Pishori_Rice_GwXzLhc.jpeg', 1145),
	(3249, 'products/20231120/Pishori_rice_Q0QNjUL.jpg', 1145),
	(3250, 'products/20231120/Premium_Pishori_Rice_ySJTGMw.jpeg', 1145),
	(3251, 'products/20231120/Pishori_rice_kBjIJXr.jpg', 1145),
	(3252, 'products/20231120/other.png', 1146),
	(3253, 'products/20231120/Savannah_Cocopine.jpeg', 1147),
	(3254, 'products/20231120/Yellow_Beans.jpeg', 1148),
	(3255, 'products/20231120/Unga_Ugali_jembe.jpeg', 1149),
	(3256, 'products/20231120/Unga_Ugali_jogoo.jpeg', 1149),
	(3257, 'products/20231120/Quencher_Pineapple.jpeg', 1150),
	(3258, 'products/20231120/Quencher.jpeg', 1150),
	(3259, 'products/20231120/Unga_Ugali_jembe_8lU2de7.jpeg', 1149),
	(3260, 'products/20231120/Unga_Ugali_jogoo_3D7XY5H.jpeg', 1149),
	(3261, 'products/20231120/kimbo_cooking_fat_kmB5y8x.jpeg', 1139),
	(3262, 'products/20231120/kimbo_coocking_fat_sQbxWVF.jpg', 1139),
	(3263, 'products/20231120/yoghurt.jpg', 1151),
	(3264, 'products/20231120/msafi_bar_soap.jpg', 1152),
	(3265, 'products/20231120/Msafi_Powder_HULohvN.jpeg', 1152),
	(3266, 'products/20231120/Premium_Pishori_Rice_dCBsosi.jpeg', 1153),
	(3267, 'products/20231120/imported_rice.jpg', 1153),
	(3268, 'products/20231120/Premium_Pishori_Rice_PlbrRQQ.jpeg', 1153),
	(3269, 'products/20231120/imported_rice_sK51TNK.jpg', 1153),
	(3270, 'products/20231120/Sunlight_Powder.jpeg', 1154),
	(3271, 'products/20231120/Premium_Pishori_Rice_axCJN2B.jpeg', 1153),
	(3272, 'products/20231120/imported_rice_tv8WPCD.jpg', 1153),
	(3273, 'products/20231120/fresh_fri_oil_coLYXlK.jpg', 1138),
	(3274, 'products/20231120/blueband_zJJ3Xaq.jpeg', 1134),
	(3275, 'products/20231120/blueband2_auTXigK.jpeg', 1134),
	(3276, 'products/20231120/Ndengu.jpeg', 1155),
	(3277, 'products/20231120/other_wBfPqjV.png', 1156),
	(3278, 'products/20231120/water.jpeg', 1157),
	(3279, 'products/20231120/other_8UPp8YJ.png', 1146),
	(3280, 'products/20231120/Bread.jpg', 1158),
	(3281, 'products/20231120/Mandazi.jpeg', 1159),
	(3282, 'products/20231120/Ngumu.jpeg', 1160),
	(3283, 'products/20231120/Always.jpg', 1161),
	(3284, 'products/20231120/Always_2.jpg', 1161),
	(3285, 'products/20231120/Msafi_Powder_sBg4HmN.jpeg', 1142),
	(3286, 'products/20231120/Baking_Powder_nmOKaXR.jpg', 1142),
	(3287, 'products/20231120/biryani_rice.jpg', 1162),
	(3288, 'products/20231120/biryani_rice_2.jpg', 1162),
	(3289, 'products/20231120/biryani_rice_tsskWWV.jpg', 1162),
	(3290, 'products/20231120/biryani_rice_2_QuSf5dM.jpg', 1162),
	(3291, 'products/20231120/biryani_rice_tsZElhq.jpg', 1162),
	(3292, 'products/20231120/biryani_rice_2_75vWIWA.jpg', 1162),
	(3293, 'products/20231120/bella_baby_wipes.jpg', 1163),
	(3294, 'products/20231120/softcare_baby_wipes.jpg', 1163),
	(3295, 'products/20231120/Unga_Chapati_Ajab_nbSdtWE.jpeg', 1144),
	(3296, 'products/20231120/Unga_Chapati_xAnRatO.jpeg', 1144),
	(3297, 'products/20231120/Quencher_Pineapple_1S9tGzk.jpeg', 1150),
	(3298, 'products/20231120/Quencher_yhEMXKr.jpeg', 1150),
	(3299, 'products/20231120/Quencher_Pineapple_HnbsLFg.jpeg', 1150),
	(3300, 'products/20231120/Quencher_RTQOAsa.jpeg', 1150),
	(3301, 'products/20231120/Afia_Juice.jpeg', 1164),
	(3302, 'products/20231120/Afia_Mixed.jpeg', 1164),
	(3303, 'products/20231120/Fresh_Milk_3.jpg', 1165),
	(3304, 'products/20231120/Fresh_Milk_2.jpg', 1165),
	(3305, 'products/20231120/Softcare.jpg', 1166),
	(3306, 'products/20231120/Softcare_Diaper.jpg', 1166),
	(3307, 'products/20231120/Colgate.jpg', 1167),
	(3308, 'products/20231120/Colgate_1.jpg', 1167),
	(3309, 'products/20231120/Colgate_FKse441.jpg', 1167),
	(3310, 'products/20231120/Colgate_1_Fcc2vSw.jpg', 1167),
	(3311, 'products/20231120/Spaghetti_Daawat.jpeg', 1168),
	(3312, 'products/20231120/blueband_cCPB9b8.jpeg', 1134),
	(3313, 'products/20231120/blueband2_6mH0MlU.jpeg', 1134),
	(3314, 'products/20231120/Jam.jpeg', 1169),
	(3315, 'products/20231120/blueband_VG6IvCk.jpeg', 1134),
	(3316, 'products/20231120/blueband2_xDmIoVe.jpeg', 1134),
	(3317, 'products/20231120/Fresh_Milk_-_Kabete_Dairies.jpeg', 1170),
	(3318, 'products/20231120/Fresh_Milk_3_aykSf8n.jpg', 1170),
	(3319, 'products/20231120/Predator.jpeg', 1171),
	(3320, 'products/20231120/other_ucQRK9u.png', 1146),
	(3321, 'products/20231120/other_4RnVhP1.png', 1146),
	(3322, 'products/20231120/Nuvita_Biscuits.jpg', 1172),
	(3323, 'products/20231120/other_KhDFVa3.png', 1146),
	(3324, 'products/20231120/Champ_Mango.jpeg', 1173),
	(3325, 'products/20231120/kinangop_milk.jpeg', 1174),
	(3326, 'products/20231120/Baking_Powder_GXgu0Qs.jpg', 1175),
	(3327, 'products/20231120/Baking_Powder_2.jpg', 1175),
	(3328, 'products/20231120/other_Za0cWE2.png', 1176),
	(3329, 'products/20231120/sugar_Kf8EEYr.jpeg', 1143),
	(3330, 'products/20231120/crisps_assorted.jpg', 1177),
	(3331, 'products/20231120/other_wjowfiq.png', 1178),
	(3332, 'products/20231120/Chilli_Lemon.jpeg', 1179),
	(3333, 'products/20231120/other_4eGqUtp.png', 1180),
	(3334, 'products/20231120/tomatoes.jpg', 1181),
	(3335, 'products/20231120/Afia_Juice_C5ce8Sm.jpeg', 1182),
	(3336, 'products/20231120/minute_maid.jpg', 1183),
	(3337, 'products/20231120/Afia_Juice_QWnGjZl.jpeg', 1182),
	(3338, 'products/20231120/Jooz_Orange.jpeg', 1184),
	(3339, 'products/20231120/Jooz_Orange_bxj6Veq.jpeg', 1185),
	(3340, 'products/20231120/Juo_Ukwaju.jpeg', 1186),
	(3341, 'products/20231120/Afia_Mixed_ovc06rP.jpeg', 1187),
	(3342, 'products/20231120/Afia_Juice_EzF9TFr.jpeg', 1187),
	(3343, 'products/20231120/Afia_Mixed_D6H12WD.jpeg', 1187),
	(3344, 'products/20231120/Afia_Juice_yNMOmi6.jpeg', 1187),
	(3345, 'products/20231120/Novida.jpeg', 1188),
	(3346, 'products/20231120/other_nFaRDpC.png', 1146),
	(3347, 'products/20231120/Afia_Mixed_1Q5tbqV.jpeg', 1187),
	(3348, 'products/20231120/Afia_Juice_ZvWysjn.jpeg', 1187),
	(3349, 'products/20231120/other_E4ZVI47.png', 1146),
	(3350, 'products/20231120/Ketepa_tea.jpg', 1189),
	(3351, 'products/20231120/Eden_tea.jpg', 1190),
	(3352, 'products/20231120/Eden_tea_XQe0ZWU.jpg', 1190),
	(3353, 'products/20231120/Bites_1.jpg', 1191),
	(3354, 'products/20231120/Indomie_Jumbo.jpeg', 1192),
	(3355, 'products/20231120/Festive_bread.jpg', 1193),
	(3356, 'products/20231120/Sossi.jpeg', 1194),
	(3357, 'products/20231120/Toilet_Paper.jpeg', 1195),
	(3358, 'products/20231120/other_JDrlzA2.png', 1146),
	(3359, 'products/20231120/Royco.jpeg', 1196),
	(3360, 'products/20231120/Royco_2.jpeg', 1196),
	(3361, 'products/20231120/Nuvita_Biscuits_Jq3voYq.jpg', 1197),
	(3362, 'products/20231120/Nuvita_Biscuits_9ZQlWhY.jpg', 1197),
	(3363, 'products/20231120/water_sQUwMCA.jpeg', 1157),
	(3364, 'products/20231120/Mosquito_Coil.jpeg', 1198),
	(3365, 'products/20231120/other_SDccd9g.png', 1199),
	(3366, 'products/20231120/msafi_bar_soap_WzD3rcq.jpg', 1152),
	(3367, 'products/20231120/Msafi_Powder_yfqcx1p.jpeg', 1152),
	(3368, 'products/20231120/toothbrush.jpg', 1200),
	(3369, 'products/20231120/Manji_Ginger_Biscuits.jpg', 1201),
	(3370, 'products/20231120/Nuvita_Biscuits_EMu82j0.jpg', 1201),
	(3371, 'products/20231120/Weetabix_Single.jpeg', 1202),
	(3372, 'products/20231120/msafi_bar_soap_1YfvuwP.jpg', 1152),
	(3373, 'products/20231120/Msafi_Powder_o6r8MiX.jpeg', 1152),
	(3374, 'products/20231120/other_tJU9CFa.png', 1176),
	(3375, 'products/20231120/Sunlight_Powder_O5LAh7F.jpeg', 1203),
	(3376, 'products/20231120/Baking_Powder_MYc7nFA.jpg', 1203),
	(3377, 'products/20231120/kinangop_milk_xQxCFSK.jpeg', 1174),
	(3378, 'products/20231120/Sumoja_Milking.jpeg', 1204),
	(3379, 'products/20231120/Sukuma_Wiki.jpeg', 1204),
	(3380, 'products/20231120/Eno.jpeg', 1205),
	(3381, 'products/20231120/Menthol_King.jpeg', 1206),
	(3382, 'products/20231120/Family_packet.jpeg', 1207),
	(3383, 'products/20231120/Family_packet_f0kb6AU.jpeg', 1208),
	(3384, 'products/20231120/Nescafe.jpeg', 1209),
	(3385, 'products/20231120/other_p2oAneH.png', 1146),
	(3386, 'products/20231120/Bic_Razor.jpeg', 1210),
	(3387, 'products/20231120/Kensalt_Salt.jpeg', 1211),
	(3388, 'products/20231120/Kensalt_Salt_8XJgieu.jpeg', 1211),
	(3389, 'products/20231120/Cigarettes.jpeg', 1212),
	(3390, 'products/20231120/Colgate_1_dNqPluQ.jpg', 1212),
	(3391, 'products/20231120/Twiga_Exercise.jpeg', 1213),
	(3392, 'products/20231120/Twiga_Exercise_qEXx1Zd.jpeg', 1213),
	(3393, 'products/20231120/Nuvita_Biscuits_He99jZb.jpg', 1214),
	(3394, 'products/20231120/Manji_Ginger_Biscuits_tGQryVI.jpg', 1214),
	(3395, 'products/20231120/other_pTJaQ17.png', 1215),
	(3396, 'products/20231120/water_TVOxgW5.jpeg', 1157),
	(3397, 'products/20231120/other_csbmb7O.png', 1146),
	(3398, 'products/20231120/Softcare_Diaper_6TFlRpk.jpg', 1216),
	(3399, 'products/20231120/Softcare_v4OBDOV.jpg', 1216),
	(3400, 'products/20231120/Msafi_Powder_bU7OTFP.jpeg', 1142),
	(3401, 'products/20231120/Baking_Powder_or2bZ1w.jpg', 1142),
	(3402, 'products/20231120/sawa_bath_soap.jpg', 1217),
	(3403, 'products/20231120/Safari_tea.jpg', 1217),
	(3404, 'products/20231120/sawa_bath_soap_nq0apIk.jpg', 1217),
	(3405, 'products/20231120/Safari_tea_MC9953P.jpg', 1217),
	(3406, 'products/20231120/Softcare_Diaper_U05SUkB.jpg', 1216),
	(3407, 'products/20231120/Softcare_rAWyQrQ.jpg', 1216),
	(3408, 'products/20231120/Softcare_Diaper_lYC3qUG.jpg', 1216),
	(3409, 'products/20231120/Softcare_8IsNSY8.jpg', 1216),
	(3410, 'products/20231120/Quencher_Pineapple_VzsPppe.jpeg', 1150),
	(3411, 'products/20231120/Quencher_HqQJzCy.jpeg', 1150),
	(3412, 'products/20231120/Manji_Ginger_Biscuits_SEGeAys.jpg', 1218),
	(3413, 'products/20231120/Nuvita_Biscuits_d9pM2ee.jpg', 1218),
	(3414, 'products/20231120/eggs.jpg', 1219),
	(3415, 'products/20231120/broilers_JAqir5R.jpeg', 1135),
	(3416, 'products/20231120/Glucose_Excel.jpeg', 1220),
	(3417, 'products/20231120/Glucose_Excel_XCMDEBA.jpeg', 1220),
	(3418, 'products/20231120/KDF.jpeg', 1221),
	(3419, 'products/20231120/Cigarettes_BiZ8l1g.jpeg', 1212),
	(3420, 'products/20231120/Colgate_1_hZzIrfL.jpg', 1212),
	(3421, 'products/20231120/Cigarettes_9EEHTwF.jpeg', 1212),
	(3422, 'products/20231120/Colgate_1_bJ4uQXo.jpg', 1212),
	(3423, 'products/20231120/Sunlight_Powder_lilToxs.jpeg', 1222),
	(3424, 'products/20231120/Sunlight_Powder_6BYU2L5.jpeg', 1222),
	(3425, 'products/20231120/Panado_Extra.jpeg', 1223),
	(3426, 'products/20231120/Panadol.jpeg', 1223),
	(3427, 'products/20231120/Tuliza.jpeg', 1224),
	(3428, 'products/20231120/Sukuma_Wiki_4rn2HXm.jpeg', 1225),
	(3429, 'products/20231120/Sumoja_Milking_2l73M8U.jpeg', 1225),
	(3430, 'products/20231120/Spinach.jpeg', 1226),
	(3431, 'products/20231120/other_FqVpt8M.png', 1146),
	(3432, 'products/20231120/Cocoa_Raha.jpeg', 1227),
	(3433, 'products/20231120/sweets.jpg', 1228),
	(3434, 'products/20231120/sweets_koo.jpg', 1228),
	(3435, 'products/20231120/Ketepa_tea_p8wofSl.jpg', 1189),
	(3436, 'products/20231120/Nescafe_NIVREi2.jpeg', 1209),
	(3437, 'products/20231120/Bites_2.jpg', 1229),
	(3438, 'products/20231120/Bites_1_sYfweFG.jpg', 1229),
	(3439, 'products/20231120/Drinking_Chocolate_2.jpeg', 1230),
	(3440, 'products/20231120/Drinking_Chocolate.jpeg', 1230),
	(3441, 'products/20231120/Ringoz.jpeg', 1231),
	(3442, 'products/20231120/Omo_FxdU66f.jpeg', 1136),
	(3443, 'products/20231120/ariel.jpg', 1232),
	(3444, 'products/20231120/Arimis_qRFOuEU.jpeg', 1232),
	(3445, 'products/20231120/ariel_ZnlIACU.jpg', 1232),
	(3446, 'products/20231120/Arimis_upJtaWH.jpeg', 1232),
	(3447, 'products/20231120/ariel_hjeCBz6.jpg', 1232),
	(3448, 'products/20231120/Arimis_bb7gEHS.jpeg', 1232),
	(3449, 'products/20231120/Cigarettes_yMGeW51.jpeg', 1212),
	(3450, 'products/20231120/Colgate_1_Rk7cA7Z.jpg', 1212),
	(3451, 'products/20231120/Cigarettes_TU2Tc0d.jpeg', 1212),
	(3452, 'products/20231120/Colgate_1_h22knGI.jpg', 1212),
	(3453, 'products/20231120/Candles_Sumo.jpeg', 1233),
	(3454, 'products/20231120/Ariel_Powder.jpeg', 1234),
	(3455, 'products/20231120/Baking_Powder_2_lfZpWfI.jpg', 1234),
	(3456, 'products/20231120/Tropical_Heat.jpeg', 1235),
	(3457, 'products/20231120/Gilda_Conc.jpeg', 1236),
	(3458, 'products/20231120/tomato_paste.jpg', 1236),
	(3459, 'products/20231120/Safari_tea_CBo8ptx.jpg', 1237),
	(3460, 'products/20231120/Steelwool.jpeg', 1238),
	(3461, 'products/20231120/Dormans.jpeg', 1239),
	(3462, 'products/20231120/Hedex.jpeg', 1240),
	(3463, 'products/20231120/Maramoja.jpeg', 1241),
	(3464, 'products/20231120/Panadol_jf3Wpsv.jpeg', 1242),
	(3465, 'products/20231120/Panado_Extra_y6cGhbH.jpeg', 1242),
	(3466, 'products/20231120/Ketepa_tea_TQwm7Sk.jpg', 1189),
	(3467, 'products/20231120/Big_Daddy.jpeg', 1243),
	(3468, 'products/20231120/Big_Daddy_1.jpeg', 1243),
	(3469, 'products/20231120/Lollypop_Big..jpeg', 1244),
	(3470, 'products/20231120/Fresh_pk.jpg', 1245),
	(3471, 'products/20231120/Fresh_Milk.jpg', 1245),
	(3472, 'products/20231120/Fresh_pk_or49BlU.jpg', 1245),
	(3473, 'products/20231120/Fresh_Milk_reug3xe.jpg', 1245),
	(3474, 'products/20231120/Fresh_pk_eYxzuOd.jpg', 1245),
	(3475, 'products/20231120/Fresh_Milk_92YfhZv.jpg', 1245),
	(3476, 'products/20231120/Fresh_pk_gNpqnHI.jpg', 1245),
	(3477, 'products/20231120/Fresh_Milk_lmX1g7k.jpg', 1245),
	(3478, 'products/20231120/PK_Chewing.jpeg', 1246),
	(3479, 'products/20231120/Drinking_Chocolate_2_eETuet9.jpeg', 1230),
	(3480, 'products/20231120/Drinking_Chocolate_r4yatHF.jpeg', 1230),
	(3481, 'products/20231120/Manji_Ginger_Biscuits_8Q8hm1n.jpg', 1247),
	(3482, 'products/20231120/Nuvita_Biscuits_jKtvlKZ.jpg', 1248),
	(3483, 'products/20231120/Nuvita_Biscuits_Vn16QiT.jpg', 1249),
	(3484, 'products/20231120/Matchbox.jpeg', 1250),
	(3485, 'products/20231120/Royco_Jp14GTL.jpeg', 1196),
	(3486, 'products/20231120/Royco_2_Ja19pWt.jpeg', 1196),
	(3487, 'products/20231120/Royco_MbtHm9w.jpeg', 1196),
	(3488, 'products/20231120/Royco_2_x8rNE9y.jpeg', 1196),
	(3489, 'products/20231120/Tropical_Heat_KcxVs56.jpeg', 1251),
	(3490, 'products/20231120/Toilet_Paper_neaPPfr.jpeg', 1251),
	(3491, 'products/20231120/Tropical_Heat_1V1cSZ8.jpeg', 1251),
	(3492, 'products/20231120/Toilet_Paper_iylBJGl.jpeg', 1251),
	(3493, 'products/20231120/Tropical_Sweets.jpeg', 1252),
	(3494, 'products/20231120/Tropical_Heat_crJaS1T.jpeg', 1252),
	(3495, 'products/20231120/Tropical_Sweets_7DLBtYx.jpeg', 1253),
	(3496, 'products/20231120/Koo_Kenya.jpeg', 1254),
	(3497, 'products/20231120/cowboy_cocking_fat.jpeg', 1255),
	(3498, 'products/20231120/kimbo_cooking_fat_8NUAzlj.jpeg', 1255),
	(3499, 'products/20231120/kimbo_cooking_fat_nyxNjDU.jpeg', 1139),
	(3500, 'products/20231120/kimbo_coocking_fat_BEt0XEM.jpg', 1139),
	(3501, 'products/20231120/cowboy_cocking_fat_spz4WeX.jpeg', 1255),
	(3502, 'products/20231120/kimbo_cooking_fat_dHOFg3O.jpeg', 1255),
	(3503, 'products/20231120/cowboy_cocking_fat_jTvaMJo.jpeg', 1255),
	(3504, 'products/20231120/kimbo_cooking_fat_HfhqAvB.jpeg', 1255),
	(3505, 'products/20231120/other_BM02ly9.png', 1146),
	(3506, 'products/20231120/Omena.jpg', 1256),
	(3507, 'products/20231120/Omena_2.jpg', 1256),
	(3508, 'products/20231120/other_AzX5g9N.png', 1146),
	(3509, 'products/20231120/other_w4VReCn.png', 1146),
	(3510, 'products/20231120/Sweet_Potatoes.jpg', 1257),
	(3511, 'products/20231120/Irish_Potatoes.jpg', 1257),
	(3512, 'products/20231120/other_9oF4tsF.png', 1146),
	(3513, 'products/20231120/other_Kbbjppv.png', 1258),
	(3514, 'products/20231120/other_ORUlnX2.png', 1259),
	(3515, 'products/20231120/other_4XSrA5a.png', 1260),
	(3516, 'products/20231120/Cocoa_Raha_lWLgukR.jpeg', 1227),
	(3517, 'products/20231120/sugar_a405ETj.jpeg', 1143),
	(3518, 'products/20231120/sugar_7RUViHQ.jpeg', 1143),
	(3519, 'products/20231120/other_ZfylaUY.png', 1146),
	(3520, 'products/20231120/Sossi_vVijx8P.jpeg', 1194),
	(3521, 'products/20231120/sugar_IGmHMHK.jpeg', 1143),
	(3522, 'products/20231120/sugar_fDHPY1T.jpeg', 1143),
	(3523, 'products/20231120/other_Yo5ESad.png', 1146),
	(3524, 'products/20231120/other_ZEg04Ts.png', 1146),
	(3525, 'products/20231120/other_5mLIi7j.png', 1146),
	(3526, 'products/20231127/slider2.jpg', 1260),
	(3527, 'products/20231127/slider3.jpg', 1259),
	(3528, 'products/20231127/slider2_BF8VOd4.jpg', 1261),
	(3529, 'products/20231127/slider3_IBzn9Ke.jpg', 1261),
	(3530, 'products/20231218/Honey_2.jpeg', 1133),
	(3531, 'products/20231218/Honey_1.jpeg', 1133),
	(3532, 'products/20231218/blueband.jpeg', 1134),
	(3533, 'products/20231218/blueband2.jpeg', 1134),
	(3534, 'products/20231218/broilers.jpeg', 1135),
	(3535, 'products/20231218/broilers_uYsBkwj.jpeg', 1135),
	(3536, 'products/20231218/broilers_m4Nz0Yf.jpeg', 1135),
	(3537, 'products/20231218/Omo.jpeg', 1136),
	(3538, 'products/20231218/Omo_jYVyUA8.jpeg', 1136),
	(3539, 'products/20231218/Honey_2_JgJ4XBL.jpeg', 1133),
	(3540, 'products/20231218/Honey_1_gGFPvc4.jpeg', 1133),
	(3541, 'products/20231218/Sausages.jpeg', 1137),
	(3542, 'products/20231218/fresh_fri_oil.jpg', 1138),
	(3543, 'products/20231218/kimbo_cooking_fat.jpeg', 1139),
	(3544, 'products/20231218/kimbo_coocking_fat.jpg', 1139),
	(3545, 'products/20231218/blueband_vsa4knH.jpeg', 1134),
	(3546, 'products/20231218/blueband2_ecQ0SLD.jpeg', 1134),
	(3547, 'products/20231218/Honey_2_8eBz6r7.jpeg', 1133),
	(3548, 'products/20231218/Honey_1_oAw3ldo.jpeg', 1133),
	(3549, 'products/20231218/Arimis.jpeg', 1140),
	(3550, 'products/20231218/Kamande.jpg', 1141),
	(3551, 'products/20231218/Kamande_2.jpg', 1141),
	(3552, 'products/20231218/Msafi_Powder.jpeg', 1142),
	(3553, 'products/20231218/Baking_Powder.jpg', 1142),
	(3554, 'products/20231218/Msafi_Powder_2nrG1Hr.jpeg', 1142),
	(3555, 'products/20231218/Baking_Powder_BUwJ2l5.jpg', 1142),
	(3556, 'products/20231218/sugar.jpeg', 1143),
	(3557, 'products/20231218/Unga_Chapati_Ajab.jpeg', 1144),
	(3558, 'products/20231218/Unga_Chapati.jpeg', 1144),
	(3559, 'products/20231218/Premium_Pishori_Rice.jpeg', 1145),
	(3560, 'products/20231218/Pishori_rice.jpg', 1145),
	(3561, 'products/20231218/Premium_Pishori_Rice_t5055yy.jpeg', 1145),
	(3562, 'products/20231218/Pishori_rice_nnYAw3b.jpg', 1145),
	(3563, 'products/20231218/Premium_Pishori_Rice_mwJeRzG.jpeg', 1145),
	(3564, 'products/20231218/Pishori_rice_gGjxyBz.jpg', 1145),
	(3565, 'products/20231218/other.png', 1146),
	(3566, 'products/20231218/Savannah_Cocopine.jpeg', 1147),
	(3567, 'products/20231218/Yellow_Beans.jpeg', 1148),
	(3568, 'products/20231218/Unga_Ugali_jembe.jpeg', 1149),
	(3569, 'products/20231218/Unga_Ugali_jogoo.jpeg', 1149),
	(3570, 'products/20231218/Quencher_Pineapple.jpeg', 1150),
	(3571, 'products/20231218/Quencher.jpeg', 1150),
	(3572, 'products/20231218/Unga_Ugali_jembe_shMRsGg.jpeg', 1149),
	(3573, 'products/20231218/Unga_Ugali_jogoo_Lwb9EBN.jpeg', 1149),
	(3574, 'products/20231218/kimbo_cooking_fat_umacErl.jpeg', 1139),
	(3575, 'products/20231218/kimbo_coocking_fat_CMyPwBp.jpg', 1139),
	(3576, 'products/20231218/yoghurt.jpg', 1151),
	(3577, 'products/20231218/msafi_bar_soap.jpg', 1152),
	(3578, 'products/20231218/Msafi_Powder_hZ31EU4.jpeg', 1152),
	(3579, 'products/20231218/Premium_Pishori_Rice_qD29jqd.jpeg', 1153),
	(3580, 'products/20231218/imported_rice.jpg', 1153),
	(3581, 'products/20231218/Premium_Pishori_Rice_2a9AbYC.jpeg', 1153),
	(3582, 'products/20231218/imported_rice_dfnO2yw.jpg', 1153),
	(3583, 'products/20231218/Sunlight_Powder.jpeg', 1154),
	(3584, 'products/20231218/Premium_Pishori_Rice_lQJQhYP.jpeg', 1153),
	(3585, 'products/20231218/imported_rice_d13GHdD.jpg', 1153),
	(3586, 'products/20231218/fresh_fri_oil_w9GDwW8.jpg', 1138),
	(3587, 'products/20231218/blueband_NYiCcPK.jpeg', 1134),
	(3588, 'products/20231218/blueband2_VKXLTGd.jpeg', 1134),
	(3589, 'products/20231218/Ndengu.jpeg', 1155),
	(3590, 'products/20231218/other_cJziaxN.png', 1156),
	(3591, 'products/20231218/water.jpeg', 1157),
	(3592, 'products/20231218/other_k8U5kUa.png', 1146),
	(3593, 'products/20231218/Bread.jpg', 1158),
	(3594, 'products/20231218/Mandazi.jpeg', 1159),
	(3595, 'products/20231218/Ngumu.jpeg', 1160),
	(3596, 'products/20231218/Always.jpg', 1161),
	(3597, 'products/20231218/Always_2.jpg', 1161),
	(3598, 'products/20231218/Msafi_Powder_vMEh3Q4.jpeg', 1142),
	(3599, 'products/20231218/Baking_Powder_2LlxXVx.jpg', 1142),
	(3600, 'products/20231218/biryani_rice.jpg', 1162),
	(3601, 'products/20231218/biryani_rice_2.jpg', 1162),
	(3602, 'products/20231218/biryani_rice_ZZQ3olq.jpg', 1162),
	(3603, 'products/20231218/biryani_rice_2_yq7GVmH.jpg', 1162),
	(3604, 'products/20231218/biryani_rice_qhNkn4O.jpg', 1162),
	(3605, 'products/20231218/biryani_rice_2_n7VOKF0.jpg', 1162),
	(3606, 'products/20231218/bella_baby_wipes.jpg', 1163),
	(3607, 'products/20231218/softcare_baby_wipes.jpg', 1163),
	(3608, 'products/20231218/Unga_Chapati_Ajab_epgqjS9.jpeg', 1144),
	(3609, 'products/20231218/Unga_Chapati_Lcl1oHi.jpeg', 1144),
	(3610, 'products/20231218/Quencher_Pineapple_cLUMV8c.jpeg', 1150),
	(3611, 'products/20231218/Quencher_AqdtaPg.jpeg', 1150),
	(3612, 'products/20231218/Quencher_Pineapple_iSCb1X5.jpeg', 1150),
	(3613, 'products/20231218/Quencher_qCnxqhw.jpeg', 1150),
	(3614, 'products/20231218/Afia_Juice.jpeg', 1164),
	(3615, 'products/20231218/Afia_Mixed.jpeg', 1164),
	(3616, 'products/20231218/Fresh_Milk_3.jpg', 1165),
	(3617, 'products/20231218/Fresh_Milk_2.jpg', 1165),
	(3618, 'products/20231218/Softcare.jpg', 1166),
	(3619, 'products/20231218/Softcare_Diaper.jpg', 1166),
	(3620, 'products/20231218/Colgate.jpg', 1167),
	(3621, 'products/20231218/Colgate_1.jpg', 1167),
	(3622, 'products/20231218/Colgate_tdtoLd3.jpg', 1167),
	(3623, 'products/20231218/Colgate_1_LAXATRh.jpg', 1167),
	(3624, 'products/20231218/Spaghetti_Daawat.jpeg', 1168),
	(3625, 'products/20231218/blueband_BJEvwY8.jpeg', 1134),
	(3626, 'products/20231218/blueband2_pw9Z4W0.jpeg', 1134),
	(3627, 'products/20231218/Jam.jpeg', 1169),
	(3628, 'products/20231218/blueband_vhxrJxd.jpeg', 1134),
	(3629, 'products/20231218/blueband2_8a94AlK.jpeg', 1134),
	(3630, 'products/20231218/Fresh_Milk_-_Kabete_Dairies.jpeg', 1170),
	(3631, 'products/20231218/Fresh_Milk_3_3orMww6.jpg', 1170),
	(3632, 'products/20231218/Predator.jpeg', 1171),
	(3633, 'products/20231218/other_U0dW14q.png', 1146),
	(3634, 'products/20231218/other_dEH9SMY.png', 1146),
	(3635, 'products/20231218/Nuvita_Biscuits.jpg', 1172),
	(3636, 'products/20231218/other_XH61qR4.png', 1146),
	(3637, 'products/20231218/Champ_Mango.jpeg', 1173),
	(3638, 'products/20231218/kinangop_milk.jpeg', 1174),
	(3639, 'products/20231218/Baking_Powder_vkgk62B.jpg', 1175),
	(3640, 'products/20231218/Baking_Powder_2.jpg', 1175),
	(3641, 'products/20231218/other_lZvXs0b.png', 1176),
	(3642, 'products/20231218/sugar_SDmq4OW.jpeg', 1143),
	(3643, 'products/20231218/crisps_assorted.jpg', 1177),
	(3644, 'products/20231218/other_B0tZM5y.png', 1178),
	(3645, 'products/20231218/Chilli_Lemon.jpeg', 1179),
	(3646, 'products/20231218/other_mMhPVzN.png', 1180),
	(3647, 'products/20231218/tomatoes.jpg', 1181),
	(3648, 'products/20231218/Afia_Juice_TRuYSh9.jpeg', 1182),
	(3649, 'products/20231218/minute_maid.jpg', 1183),
	(3650, 'products/20231218/Afia_Juice_s9chdZp.jpeg', 1182),
	(3651, 'products/20231218/Jooz_Orange.jpeg', 1184),
	(3652, 'products/20231218/Jooz_Orange_wIU5WcK.jpeg', 1185),
	(3653, 'products/20231218/Juo_Ukwaju.jpeg', 1186),
	(3654, 'products/20231218/Afia_Mixed_H8eE0s2.jpeg', 1187),
	(3655, 'products/20231218/Afia_Juice_AMYIDMb.jpeg', 1187),
	(3656, 'products/20231218/Afia_Mixed_xMRLn75.jpeg', 1187),
	(3657, 'products/20231218/Afia_Juice_C4TgGqT.jpeg', 1187),
	(3658, 'products/20231218/Novida.jpeg', 1188),
	(3659, 'products/20231218/other_zcGN9Hu.png', 1146),
	(3660, 'products/20231218/Afia_Mixed_g7p2tDq.jpeg', 1187),
	(3661, 'products/20231218/Afia_Juice_j2W8K9K.jpeg', 1187),
	(3662, 'products/20231218/other_QGu61iO.png', 1146),
	(3663, 'products/20231218/Ketepa_tea.jpg', 1189),
	(3664, 'products/20231218/Eden_tea.jpg', 1190),
	(3665, 'products/20231218/Eden_tea_nS7K8DW.jpg', 1190),
	(3666, 'products/20231218/Bites_1.jpg', 1191),
	(3667, 'products/20231218/Indomie_Jumbo.jpeg', 1192),
	(3668, 'products/20231218/Festive_bread.jpg', 1193),
	(3669, 'products/20231218/Sossi.jpeg', 1194),
	(3670, 'products/20231218/Toilet_Paper.jpeg', 1195),
	(3671, 'products/20231218/other_Y5bpPtW.png', 1146),
	(3672, 'products/20231218/Royco.jpeg', 1196),
	(3673, 'products/20231218/Royco_2.jpeg', 1196),
	(3674, 'products/20231218/Nuvita_Biscuits_trAjuZf.jpg', 1197),
	(3675, 'products/20231218/Nuvita_Biscuits_RaGVnkP.jpg', 1197),
	(3676, 'products/20231218/water_geJ5H7w.jpeg', 1157),
	(3677, 'products/20231218/Mosquito_Coil.jpeg', 1198),
	(3678, 'products/20231218/other_f1J1XHD.png', 1199),
	(3679, 'products/20231218/msafi_bar_soap_RSHrsbX.jpg', 1152),
	(3680, 'products/20231218/Msafi_Powder_urCm9BT.jpeg', 1152),
	(3681, 'products/20231218/toothbrush.jpg', 1200),
	(3682, 'products/20231218/Manji_Ginger_Biscuits.jpg', 1201),
	(3683, 'products/20231218/Nuvita_Biscuits_aAfAbWH.jpg', 1201),
	(3684, 'products/20231218/Weetabix_Single.jpeg', 1202),
	(3685, 'products/20231218/msafi_bar_soap_SqQ2xvN.jpg', 1152),
	(3686, 'products/20231218/Msafi_Powder_s6W8zAR.jpeg', 1152),
	(3687, 'products/20231218/other_9NbbPk6.png', 1176),
	(3688, 'products/20231218/Sunlight_Powder_VmDGCdl.jpeg', 1203),
	(3689, 'products/20231218/Baking_Powder_FhfgJzD.jpg', 1203),
	(3690, 'products/20231218/kinangop_milk_UqOY67h.jpeg', 1174),
	(3691, 'products/20231218/Sumoja_Milking.jpeg', 1204),
	(3692, 'products/20231218/Sukuma_Wiki.jpeg', 1204),
	(3693, 'products/20231218/Eno.jpeg', 1205),
	(3694, 'products/20231218/Menthol_King.jpeg', 1206),
	(3695, 'products/20231218/Family_packet.jpeg', 1207),
	(3696, 'products/20231218/Family_packet_eoYGG1z.jpeg', 1208),
	(3697, 'products/20231218/Nescafe.jpeg', 1209),
	(3698, 'products/20231218/other_zDkK9Jw.png', 1146),
	(3699, 'products/20231218/Bic_Razor.jpeg', 1210),
	(3700, 'products/20231218/Kensalt_Salt.jpeg', 1211),
	(3701, 'products/20231218/Kensalt_Salt_PrAHb9A.jpeg', 1211),
	(3702, 'products/20231218/Cigarettes.jpeg', 1212),
	(3703, 'products/20231218/Colgate_1_QA9psAR.jpg', 1212),
	(3704, 'products/20231218/Twiga_Exercise.jpeg', 1213),
	(3705, 'products/20231218/Twiga_Exercise_P06cC1x.jpeg', 1213),
	(3706, 'products/20231218/Nuvita_Biscuits_BUw9NUH.jpg', 1214),
	(3707, 'products/20231218/Manji_Ginger_Biscuits_SsKnqu9.jpg', 1214),
	(3708, 'products/20231218/other_bSielwx.png', 1215),
	(3709, 'products/20231218/water_nDJIGe7.jpeg', 1157),
	(3710, 'products/20231218/other_5JUILZo.png', 1146),
	(3711, 'products/20231218/Softcare_Diaper_VevW8uD.jpg', 1216),
	(3712, 'products/20231218/Softcare_4wyOe22.jpg', 1216),
	(3713, 'products/20231218/Msafi_Powder_vltlrRu.jpeg', 1142),
	(3714, 'products/20231218/Baking_Powder_DktwiLv.jpg', 1142),
	(3715, 'products/20231218/sawa_bath_soap.jpg', 1217),
	(3716, 'products/20231218/Safari_tea.jpg', 1217),
	(3717, 'products/20231218/sawa_bath_soap_tVmVorJ.jpg', 1217),
	(3718, 'products/20231218/Safari_tea_Qr15Sgo.jpg', 1217),
	(3719, 'products/20231218/Softcare_Diaper_pgnMS2N.jpg', 1216),
	(3720, 'products/20231218/Softcare_JOlcSjv.jpg', 1216),
	(3721, 'products/20231218/Softcare_Diaper_vEAsdk3.jpg', 1216),
	(3722, 'products/20231218/Softcare_HecXyw2.jpg', 1216),
	(3723, 'products/20231218/Quencher_Pineapple_BV3gGey.jpeg', 1150),
	(3724, 'products/20231218/Quencher_wg9Xi2Q.jpeg', 1150),
	(3725, 'products/20231218/Manji_Ginger_Biscuits_RbrC7oj.jpg', 1218),
	(3726, 'products/20231218/Nuvita_Biscuits_7aUkEVh.jpg', 1218),
	(3727, 'products/20231218/eggs.jpg', 1219),
	(3728, 'products/20231218/broilers_VjC0R27.jpeg', 1135),
	(3729, 'products/20231218/Glucose_Excel.jpeg', 1220),
	(3730, 'products/20231218/Glucose_Excel_BNIiqtU.jpeg', 1220),
	(3731, 'products/20231218/KDF.jpeg', 1221),
	(3732, 'products/20231218/Cigarettes_7NqTbTO.jpeg', 1212),
	(3733, 'products/20231218/Colgate_1_J7baHBO.jpg', 1212),
	(3734, 'products/20231218/Cigarettes_idFkB8A.jpeg', 1212),
	(3735, 'products/20231218/Colgate_1_0r2y3ec.jpg', 1212),
	(3736, 'products/20231218/Sunlight_Powder_miTpy0J.jpeg', 1222),
	(3737, 'products/20231218/Sunlight_Powder_NXy5l8Q.jpeg', 1222),
	(3738, 'products/20231218/Panado_Extra.jpeg', 1223),
	(3739, 'products/20231218/Panadol.jpeg', 1223),
	(3740, 'products/20231218/Tuliza.jpeg', 1224),
	(3741, 'products/20231218/Sukuma_Wiki_2RHFGix.jpeg', 1225),
	(3742, 'products/20231218/Sumoja_Milking_CNzmZoN.jpeg', 1225),
	(3743, 'products/20231218/Spinach.jpeg', 1226),
	(3744, 'products/20231218/other_Hc0VMY9.png', 1146),
	(3745, 'products/20231218/Cocoa_Raha.jpeg', 1227),
	(3746, 'products/20231218/sweets.jpg', 1228),
	(3747, 'products/20231218/sweets_koo.jpg', 1228),
	(3748, 'products/20231218/Ketepa_tea_gnk2QFk.jpg', 1189),
	(3749, 'products/20231218/Nescafe_Aybk72E.jpeg', 1209),
	(3750, 'products/20231218/Bites_2.jpg', 1229),
	(3751, 'products/20231218/Bites_1_HD8y3vo.jpg', 1229),
	(3752, 'products/20231218/Drinking_Chocolate_2.jpeg', 1230),
	(3753, 'products/20231218/Drinking_Chocolate.jpeg', 1230),
	(3754, 'products/20231218/Ringoz.jpeg', 1231),
	(3755, 'products/20231218/Omo_8Kod72W.jpeg', 1136),
	(3756, 'products/20231218/ariel.jpg', 1232),
	(3757, 'products/20231218/Arimis_McLuMRU.jpeg', 1232),
	(3758, 'products/20231218/ariel_4PwEB2x.jpg', 1232),
	(3759, 'products/20231218/Arimis_bonDris.jpeg', 1232),
	(3760, 'products/20231218/ariel_bhYAjn1.jpg', 1232),
	(3761, 'products/20231218/Arimis_aBQpuow.jpeg', 1232),
	(3762, 'products/20231218/Cigarettes_VKsUsvR.jpeg', 1212),
	(3763, 'products/20231218/Colgate_1_wyU6mfq.jpg', 1212),
	(3764, 'products/20231218/Cigarettes_wJHqsYa.jpeg', 1212),
	(3765, 'products/20231218/Colgate_1_HflNCtk.jpg', 1212),
	(3766, 'products/20231218/Candles_Sumo.jpeg', 1233),
	(3767, 'products/20231218/Ariel_Powder.jpeg', 1234),
	(3768, 'products/20231218/Baking_Powder_2_8M96XtS.jpg', 1234),
	(3769, 'products/20231218/Tropical_Heat.jpeg', 1235),
	(3770, 'products/20231218/Gilda_Conc.jpeg', 1236),
	(3771, 'products/20231218/tomato_paste.jpg', 1236),
	(3772, 'products/20231218/Safari_tea_Kebge0u.jpg', 1237),
	(3773, 'products/20231218/Steelwool.jpeg', 1238),
	(3774, 'products/20231218/Dormans.jpeg', 1239),
	(3775, 'products/20231218/Hedex.jpeg', 1240),
	(3776, 'products/20231218/Maramoja.jpeg', 1241),
	(3777, 'products/20231218/Panadol_HyyVqX4.jpeg', 1242),
	(3778, 'products/20231218/Panado_Extra_dg2RZyo.jpeg', 1242),
	(3779, 'products/20231218/Ketepa_tea_sn1HDde.jpg', 1189),
	(3780, 'products/20231218/Big_Daddy.jpeg', 1243),
	(3781, 'products/20231218/Big_Daddy_1.jpeg', 1243),
	(3782, 'products/20231218/Lollypop_Big..jpeg', 1244),
	(3783, 'products/20231218/Fresh_pk.jpg', 1245),
	(3784, 'products/20231218/Fresh_Milk.jpg', 1245),
	(3785, 'products/20231218/Fresh_pk_6XItqXi.jpg', 1245),
	(3786, 'products/20231218/Fresh_Milk_6FkSnSh.jpg', 1245),
	(3787, 'products/20231218/Fresh_pk_rPvWa6K.jpg', 1245),
	(3788, 'products/20231218/Fresh_Milk_8wvJRhY.jpg', 1245),
	(3789, 'products/20231218/Fresh_pk_bHMr6Qz.jpg', 1245),
	(3790, 'products/20231218/Fresh_Milk_xsoNFrF.jpg', 1245),
	(3791, 'products/20231218/PK_Chewing.jpeg', 1246),
	(3792, 'products/20231218/Drinking_Chocolate_2_peMBV8I.jpeg', 1230),
	(3793, 'products/20231218/Drinking_Chocolate_gvfuqtQ.jpeg', 1230),
	(3794, 'products/20231218/Manji_Ginger_Biscuits_gTvwL9u.jpg', 1247),
	(3795, 'products/20231218/Nuvita_Biscuits_JbjH1Mu.jpg', 1248),
	(3796, 'products/20231218/Nuvita_Biscuits_46y49je.jpg', 1249),
	(3797, 'products/20231218/Matchbox.jpeg', 1250),
	(3798, 'products/20231218/Royco_TiqNAtF.jpeg', 1196),
	(3799, 'products/20231218/Royco_2_syQF4jg.jpeg', 1196),
	(3800, 'products/20231218/Royco_cEZzN9l.jpeg', 1196),
	(3801, 'products/20231218/Royco_2_EadYxe1.jpeg', 1196),
	(3802, 'products/20231218/Tropical_Heat_BQHSd9K.jpeg', 1251),
	(3803, 'products/20231218/Toilet_Paper_pjy6UEJ.jpeg', 1251),
	(3804, 'products/20231218/Tropical_Heat_RIPY0Hh.jpeg', 1251),
	(3805, 'products/20231218/Toilet_Paper_kAm9uRC.jpeg', 1251),
	(3806, 'products/20231218/Tropical_Sweets.jpeg', 1252),
	(3807, 'products/20231218/Tropical_Heat_dcUn7Pa.jpeg', 1252),
	(3808, 'products/20231218/Tropical_Sweets_AY03b4x.jpeg', 1253),
	(3809, 'products/20231218/Koo_Kenya.jpeg', 1254),
	(3810, 'products/20231218/cowboy_cocking_fat.jpeg', 1255),
	(3811, 'products/20231218/kimbo_cooking_fat_yT3HVlt.jpeg', 1255),
	(3812, 'products/20231218/kimbo_cooking_fat_ZOEuakN.jpeg', 1139),
	(3813, 'products/20231218/kimbo_coocking_fat_vHKc7Zq.jpg', 1139),
	(3814, 'products/20231218/cowboy_cocking_fat_YAwvaQH.jpeg', 1255),
	(3815, 'products/20231218/kimbo_cooking_fat_vCKtehI.jpeg', 1255),
	(3816, 'products/20231218/cowboy_cocking_fat_9PizzoD.jpeg', 1255),
	(3817, 'products/20231218/kimbo_cooking_fat_IyzJqIN.jpeg', 1255),
	(3818, 'products/20231218/other_eSNKi7G.png', 1146),
	(3819, 'products/20231218/Omena.jpg', 1256),
	(3820, 'products/20231218/Omena_2.jpg', 1256),
	(3821, 'products/20231218/other_VdVc3vz.png', 1146),
	(3822, 'products/20231218/other_O8Vo5QR.png', 1146),
	(3823, 'products/20231218/Sweet_Potatoes.jpg', 1257),
	(3824, 'products/20231218/Irish_Potatoes.jpg', 1257),
	(3825, 'products/20231218/other_Ox3cwbX.png', 1146),
	(3826, 'products/20231218/other_cNpgQSl.png', 1258),
	(3827, 'products/20231218/other_Q17MCr2.png', 1259),
	(3828, 'products/20231218/other_1kfogKI.png', 1260),
	(3829, 'products/20231218/Cocoa_Raha_7HGd3Lf.jpeg', 1227),
	(3830, 'products/20231218/sugar_YBw7nnt.jpeg', 1143),
	(3831, 'products/20231218/sugar_xmAwBLg.jpeg', 1143),
	(3832, 'products/20231218/other_Z3v88gB.png', 1146),
	(3833, 'products/20231218/Sossi_4tpecbD.jpeg', 1194),
	(3834, 'products/20231218/sugar_ebcVa9G.jpeg', 1143),
	(3835, 'products/20231218/sugar_4sn07e1.jpeg', 1143),
	(3836, 'products/20231218/other_5tBwPVX.png', 1146),
	(3837, 'products/20231218/other_RaaQYGf.png', 1146),
	(3838, 'products/20231218/other_GEtTxV4.png', 1146);

-- Dumping structure for table bengomall.products
CREATE TABLE IF NOT EXISTS `products` (
  `id` bigint NOT NULL AUTO_INCREMENT,
  `model` varchar(255) DEFAULT NULL,
  `title` longtext NOT NULL,
  `description` longtext NOT NULL,
  `unit_price` double NOT NULL,
  `retail_price` double NOT NULL,
  `discount_price` double DEFAULT NULL,
  `status` int NOT NULL,
  `date_added` datetime(6) NOT NULL,
  `date_updated` datetime(6) NOT NULL,
  `weight` varchar(255) DEFAULT NULL,
  `dimentions` varchar(50) DEFAULT NULL,
  `maincategory_id` bigint DEFAULT NULL,
  `vendor_id` bigint DEFAULT NULL,
  PRIMARY KEY (`id`),
  KEY `products_maincategory_id_b9e68b6b_fk_main_categories_id` (`maincategory_id`),
  KEY `products_vendor_id_7527517c_fk_vendors_id` (`vendor_id`),
  CONSTRAINT `products_maincategory_id_b9e68b6b_fk_main_categories_id` FOREIGN KEY (`maincategory_id`) REFERENCES `main_categories` (`id`),
  CONSTRAINT `products_vendor_id_7527517c_fk_vendors_id` FOREIGN KEY (`vendor_id`) REFERENCES `vendors` (`id`)
) ENGINE=InnoDB AUTO_INCREMENT=1262 DEFAULT CHARSET=utf8mb4 COLLATE=utf8mb4_0900_ai_ci;

-- Dumping data for table bengomall.products: ~129 rows (approximately)
INSERT IGNORE INTO `products` (`id`, `model`, `title`, `description`, `unit_price`, `retail_price`, `discount_price`, `status`, `date_added`, `date_updated`, `weight`, `dimentions`, `maincategory_id`, `vendor_id`) VALUES
	(1133, '', 'Honey', 'Honey 1kg', 0, 0, NULL, 1, '2023-11-20 20:17:39.828573', '2023-11-20 20:17:39.829832', '', '', 163, 1),
	(1134, '', 'Blue band', 'Blue band 1kg', 0, 0, NULL, 1, '2023-11-20 20:17:39.878121', '2023-11-20 20:17:39.878121', '', '', 164, 1),
	(1135, '', 'Broilers', 'Broilers 1.2kg', 0, 0, NULL, 1, '2023-11-20 20:17:39.911992', '2023-11-20 20:17:39.925540', '', '', 165, 1),
	(1136, '', 'Omo', 'Omo 40g', 0, 0, NULL, 1, '2023-11-20 20:17:40.027736', '2023-11-20 20:17:40.027736', '', '', 166, 1),
	(1137, '', 'Sausages', 'Sausages 500g', 0, 0, NULL, 1, '2023-11-20 20:17:40.141110', '2023-11-20 20:17:40.143109', '', '', 167, 1),
	(1138, '', 'Fresh Fri Cooking Oil', 'Fresh Fri Cooking Oil 1 Liter', 0, 0, NULL, 1, '2023-11-20 20:17:40.174483', '2023-11-20 20:17:40.177487', '', '', 168, 1),
	(1139, '', 'Kimbo Cooking Fat', 'Kimbo Cooking Fat 1kg', 0, 0, NULL, 1, '2023-11-20 20:17:40.216801', '2023-11-20 20:17:40.217801', '', '', 168, 1),
	(1140, '', 'Arimis', 'Arimis 50g', 0, 0, NULL, 1, '2023-11-20 20:17:40.329133', '2023-11-20 20:17:40.329133', '', '', 169, 1),
	(1141, '', 'Kamande', 'Kamande piece(s)', 0, 0, NULL, 1, '2023-11-20 20:17:40.381098', '2023-11-20 20:17:40.381098', '', '', 170, 1),
	(1142, '', 'Msafi Powder', 'Msafi Powder 1kg White', 0, 0, NULL, 1, '2023-11-20 20:17:40.444355', '2023-11-20 20:17:40.444355', '', '', 166, 1),
	(1143, '', 'Sugar', 'Sugar 1kg', 0, 0, NULL, 1, '2023-11-20 20:17:40.549458', '2023-11-20 20:17:40.550456', '', '', 171, 1),
	(1144, '', 'Unga Chapati - Ajab', 'Unga Chapati - Ajab 2kg', 0, 0, NULL, 1, '2023-11-20 20:17:40.596177', '2023-11-20 20:17:40.598178', '', '', 172, 1),
	(1145, '', 'Premium Pishori Rice', 'Premium Pishori Rice 1kg', 0, 0, NULL, 1, '2023-11-20 20:17:40.647532', '2023-11-20 20:17:40.647532', '', '', 173, 1),
	(1146, '', 'Soda', 'Soda 2 Liters', 0, 0, NULL, 1, '2023-11-20 20:17:40.762741', '2023-11-20 20:17:40.762741', '', '', 174, 1),
	(1147, '', 'Savannah Cocopine Juice', 'Savannah Cocopine Juice 1 Liter', 0, 0, NULL, 1, '2023-11-20 20:17:40.807501', '2023-11-20 20:17:40.810501', '', '', 174, 1),
	(1148, '', 'Yellow Beans', 'Yellow Beans piece(s)', 0, 0, NULL, 1, '2023-11-20 20:17:40.848556', '2023-11-20 20:17:40.848556', '', '', 170, 1),
	(1149, '', 'Unga Ugali - Pembe', 'Unga Ugali - Pembe 1kg', 0, 0, NULL, 1, '2023-11-20 20:17:40.896240', '2023-11-20 20:17:40.898615', '', '', 172, 1),
	(1150, '', 'Quencher Pineapple Juice', 'Quencher Pineapple Juice 1 Liter', 0, 0, NULL, 1, '2023-11-20 20:17:40.947395', '2023-11-20 20:17:40.949394', '', '', 174, 1),
	(1151, '', 'Yoghurt', 'Yoghurt piece(s)', 0, 0, NULL, 1, '2023-11-20 20:17:41.070835', '2023-11-20 20:17:41.072835', '', '', 175, 1),
	(1152, '', 'Msafi Bar Soap', 'Msafi Bar Soap 1kg', 0, 0, NULL, 1, '2023-11-20 20:17:41.096288', '2023-11-20 20:17:41.096288', '', '', 166, 1),
	(1153, '', 'Premium Imported Rice', 'Premium Imported Rice 1kg', 0, 0, NULL, 1, '2023-11-20 20:17:41.157812', '2023-11-20 20:17:41.159820', '', '', 173, 1),
	(1154, '', 'Sunlight Powder Yellow', 'Sunlight Powder Yellow 400g', 0, 0, NULL, 1, '2023-11-20 20:17:41.243052', '2023-11-20 20:17:41.247216', '', '', 166, 1),
	(1155, '', 'Ndengu', 'Ndengu Makueni', 0, 0, NULL, 1, '2023-11-20 20:17:41.421878', '2023-11-20 20:17:41.422879', '', '', 170, 1),
	(1156, '', 'Mala', 'Mala 1', 0, 0, NULL, 1, '2023-11-20 20:17:41.447541', '2023-11-20 20:17:41.463769', '', '', 175, 1),
	(1157, '', 'Water', 'Water 5 Liters', 0, 0, NULL, 1, '2023-11-20 20:17:41.498056', '2023-11-20 20:17:41.498056', '', '', 174, 1),
	(1158, '', 'Bread', 'Bread piece(s)', 0, 0, NULL, 1, '2023-11-20 20:17:41.582442', '2023-11-20 20:17:41.582442', '', '', 176, 1),
	(1159, '', 'Mandazi', 'Mandazi piece(s)', 0, 0, NULL, 1, '2023-11-20 20:17:41.623060', '2023-11-20 20:17:41.626487', '', '', 177, 1),
	(1160, '', 'Ngumu', 'Ngumu piece(s)', 0, 0, NULL, 1, '2023-11-20 20:17:41.668705', '2023-11-20 20:17:41.669704', '', '', 178, 1),
	(1161, '', 'Always', 'Always Pink', 0, 0, NULL, 1, '2023-11-20 20:17:41.697549', '2023-11-20 20:17:41.697549', '', '', 179, 1),
	(1162, '', 'Biryani Rice', 'Biryani Rice 1kg', 0, 0, NULL, 1, '2023-11-20 20:17:41.802025', '2023-11-20 20:17:41.804025', '', '', 173, 1),
	(1163, '', 'Bella Baby Wipes', 'Bella Baby Wipes 80 wipes', 0, 0, NULL, 1, '2023-11-20 20:17:41.931730', '2023-11-20 20:17:41.932732', '', '', 180, 1),
	(1164, '', 'Afia Juice Mixed Fruit', 'Afia Juice Mixed Fruit 500ml', 0, 0, NULL, 1, '2023-11-20 20:17:42.096557', '2023-11-20 20:17:42.096557', '', '', 174, 1),
	(1165, '', 'Fresh Milk - Njugunas', 'Fresh Milk - Njugunas piece(s)', 0, 0, NULL, 1, '2023-11-20 20:17:42.151259', '2023-11-20 20:17:42.153258', '', '', 175, 1),
	(1166, '', 'Softcare Pads', 'Softcare Pads piece(s)', 0, 0, NULL, 1, '2023-11-20 20:17:42.202527', '2023-11-20 20:17:42.203530', '', '', 179, 1),
	(1167, '', 'Colgate', 'Colgate 15g', 0, 0, NULL, 1, '2023-11-20 20:17:42.253809', '2023-11-20 20:17:42.255808', '', '', 181, 1),
	(1168, '', 'Spaghetti Daawat Green', 'Spaghetti Daawat Green 400g', 0, 0, NULL, 1, '2023-11-20 20:17:42.339314', '2023-11-20 20:17:42.342320', '', '', 167, 1),
	(1169, '', 'Jam ', 'Jam  100g', 0, 0, NULL, 1, '2023-11-20 20:17:42.428607', '2023-11-20 20:17:42.428607', '', '', 164, 1),
	(1170, '', 'Fresh Milk - Kabete Dairies', 'Fresh Milk - Kabete Dairies piece(s)', 0, 0, NULL, 1, '2023-11-20 20:17:42.496557', '2023-11-20 20:17:42.496557', '', '', 175, 1),
	(1171, '', 'Predator', 'Predator piece(s)', 0, 0, NULL, 1, '2023-11-20 20:17:42.550959', '2023-11-20 20:17:42.551961', '', '', 174, 1),
	(1172, '', 'Nuvita Break Time Biscuits', 'Nuvita Break Time Biscuits piece(s)', 0, 0, NULL, 1, '2023-11-20 20:17:42.647157', '2023-11-20 20:17:42.647157', '', '', 182, 1),
	(1173, '', 'Champ Mango Colada', 'Champ Mango Colada 300ml', 0, 0, NULL, 1, '2023-11-20 20:17:42.712913', '2023-11-20 20:17:42.712913', '', '', 174, 1),
	(1174, '', 'Kinangop Milk', 'Kinangop Milk 500ml', 0, 0, NULL, 1, '2023-11-20 20:17:42.762397', '2023-11-20 20:17:42.762397', '', '', 175, 1),
	(1175, '', 'Baking Powder', 'Baking Powder piece(s)', 0, 0, NULL, 1, '2023-11-20 20:17:42.801993', '2023-11-20 20:17:42.803994', '', '', 183, 1),
	(1176, '', 'Ketepa Tangawizi Tea Leaves', 'Ketepa Tangawizi Tea Leaves 100g', 0, 0, NULL, 1, '2023-11-20 20:17:42.847158', '2023-11-20 20:17:42.847158', '', '', 184, 1),
	(1177, '', 'Crisps Assorted', 'Crisps Assorted 50g', 0, 0, NULL, 1, '2023-11-20 20:17:42.912384', '2023-11-20 20:17:42.912384', '', '', 185, 1),
	(1178, '', 'Cheese & Onion', 'Cheese & Onion piece(s)', 0, 0, NULL, 1, '2023-11-20 20:17:42.949279', '2023-11-20 20:17:42.951279', '', '', 186, 1),
	(1179, '', 'Chilli Lemon', 'Chilli Lemon piece(s)', 0, 0, NULL, 1, '2023-11-20 20:17:42.995756', '2023-11-20 20:17:42.998751', '', '', 186, 1),
	(1180, '', 'Salt & Vinegar', 'Salt & Vinegar piece(s)', 0, 0, NULL, 1, '2023-11-20 20:17:43.029950', '2023-11-20 20:17:43.029950', '', '', 186, 1),
	(1181, '', 'Tomato', 'Tomato piece(s)', 0, 0, NULL, 1, '2023-11-20 20:17:43.075204', '2023-11-20 20:17:43.078213', '', '', 186, 1),
	(1182, '', 'Afia Juice Mango', 'Afia Juice Mango 200ml', 0, 0, NULL, 1, '2023-11-20 20:17:43.112018', '2023-11-20 20:17:43.112018', '', '', 174, 1),
	(1183, '', 'Minute Maid Mango', 'Minute Maid Mango 280ml', 0, 0, NULL, 1, '2023-11-20 20:17:43.157623', '2023-11-20 20:17:43.160629', '', '', 174, 1),
	(1184, '', 'Jooz Orange Juice', 'Jooz Orange Juice 300ml', 0, 0, NULL, 1, '2023-11-20 20:17:43.229240', '2023-11-20 20:17:43.229240', '', '', 174, 1),
	(1185, '', 'Juo Orange Juice', 'Juo Orange Juice 300ml', 0, 0, NULL, 1, '2023-11-20 20:17:43.266660', '2023-11-20 20:17:43.267661', '', '', 174, 1),
	(1186, '', 'Juo Ukwaju Juice', 'Juo Ukwaju Juice 300ml', 0, 0, NULL, 1, '2023-11-20 20:17:43.296168', '2023-11-20 20:17:43.307594', '', '', 174, 1),
	(1187, '', 'Afia Mixed Fruit Juice', 'Afia Mixed Fruit Juice 200ml', 0, 0, NULL, 1, '2023-11-20 20:17:43.341243', '2023-11-20 20:17:43.345244', '', '', 174, 1),
	(1188, '', 'Novida', 'Novida 350ml', 0, 0, NULL, 1, '2023-11-20 20:17:43.429900', '2023-11-20 20:17:43.429900', '', '', 174, 1),
	(1189, '', 'Ketepa Tea Leaves', 'Ketepa Tea Leaves 100g', 0, 0, NULL, 1, '2023-11-20 20:17:43.578980', '2023-11-20 20:17:43.578980', '', '', 184, 1),
	(1190, '', 'Eden Tea', 'Eden Tea 15g', 0, 0, NULL, 1, '2023-11-20 20:17:43.617951', '2023-11-20 20:17:43.619950', '', '', 184, 1),
	(1191, '', 'White Wash 175g', 'White Wash 175g Soaps', 0, 0, NULL, 1, '2023-11-20 20:17:43.690945', '2023-11-20 20:17:43.694945', '', '', 166, 1),
	(1192, '', 'Indomie Jumbo Chicken', 'Indomie Jumbo Chicken 120g', 0, 0, NULL, 1, '2023-11-20 20:17:43.735221', '2023-11-20 20:17:43.736220', '', '', 167, 1),
	(1193, '', 'Festive Classic Bread', 'Festive Classic Bread piece(s)', 0, 0, NULL, 1, '2023-11-20 20:17:43.777688', '2023-11-20 20:17:43.777688', '', '', 176, 1),
	(1194, '', 'Sossi', 'Sossi 80g', 0, 0, NULL, 1, '2023-11-20 20:17:43.829109', '2023-11-20 20:17:43.829109', '', '', 167, 1),
	(1195, '', 'Toilet Paper  ', 'Toilet Paper   Bella', 0, 0, NULL, 1, '2023-11-20 20:17:43.866579', '2023-11-20 20:17:43.868578', '', '', 180, 1),
	(1196, '', 'Royco', 'Royco Satchet 8g', 0, 0, NULL, 1, '2023-11-20 20:17:43.948913', '2023-11-20 20:17:43.949913', '', '', 187, 1),
	(1197, '', 'Biscuits', 'Biscuits 1', 0, 0, NULL, 1, '2023-11-20 20:17:43.998439', '2023-11-20 20:17:43.999437', '', '', 182, 1),
	(1198, '', 'Mosquito Coil', 'Mosquito Coil Red', 0, 0, NULL, 1, '2023-11-20 20:17:44.096896', '2023-11-20 20:17:44.096896', '', '', 188, 1),
	(1199, '', 'Cabbage', 'Cabbage piece(s)', 0, 0, NULL, 1, '2023-11-20 20:17:44.146455', '2023-11-20 20:17:44.148455', '', '', 189, 1),
	(1200, '', 'Toothbrush', 'Toothbrush piece(s)', 0, 0, NULL, 1, '2023-11-20 20:17:44.222886', '2023-11-20 20:17:44.226196', '', '', 190, 1),
	(1201, '', 'Golden Marie Biscuits', 'Golden Marie Biscuits 85g', 0, 0, NULL, 1, '2023-11-20 20:17:44.265540', '2023-11-20 20:17:44.267541', '', '', 182, 1),
	(1202, '', 'Weetabix Single Serve', 'Weetabix Single Serve 37g', 0, 0, NULL, 1, '2023-11-20 20:17:44.311638', '2023-11-20 20:17:44.311638', '', '', 191, 1),
	(1203, '', 'Sunlight Powder', 'Sunlight Powder 80g', 0, 0, NULL, 1, '2023-11-20 20:17:44.451169', '2023-11-20 20:17:44.451169', '', '', 166, 1),
	(1204, '', 'Sumoja Milking Jelly', 'Sumoja Milking Jelly 50g', 0, 0, NULL, 1, '2023-11-20 20:17:44.533513', '2023-11-20 20:17:44.534513', '', '', 169, 1),
	(1205, '', 'Eno', 'Eno 350ml ', 0, 0, NULL, 1, '2023-11-20 20:17:44.562256', '2023-11-20 20:17:44.579784', '', '', 164, 1),
	(1206, '', 'Menthol King', 'Menthol King 350ml ', 0, 0, NULL, 1, '2023-11-20 20:17:44.613167', '2023-11-20 20:17:44.613167', '', '', 192, 1),
	(1207, '', 'Family (packet) Nuvita Orange', 'Family (packet) Nuvita Orange 75g', 0, 0, NULL, 1, '2023-11-20 20:17:44.650506', '2023-11-20 20:17:44.652507', '', '', 193, 1),
	(1208, '', 'Family (packet) Nuvita Green', 'Family (packet) Nuvita Green 75g', 0, 0, NULL, 1, '2023-11-20 20:17:44.678692', '2023-11-20 20:17:44.678692', '', '', 194, 1),
	(1209, '', 'Nescafe', 'Nescafe Satchet', 0, 0, NULL, 1, '2023-11-20 20:17:44.724501', '2023-11-20 20:17:44.727504', '', '', 195, 1),
	(1210, '', 'Bic Razor', 'Bic Razor piece(s)', 0, 0, NULL, 1, '2023-11-20 20:17:44.799647', '2023-11-20 20:17:44.800649', '', '', 196, 1),
	(1211, '', 'Kensalt Salt', 'Kensalt Salt 200g', 0, 0, NULL, 1, '2023-11-20 20:17:44.830703', '2023-11-20 20:17:44.830703', '', '', 186, 1),
	(1212, '', 'Cigarettes ', 'Cigarettes  Switch', 0, 0, NULL, 1, '2023-11-20 20:17:44.917757', '2023-11-20 20:17:44.918745', '', '', 197, 1),
	(1213, '', 'Twiga Exercise Book', 'Twiga Exercise Book 48 pages Ruled', 0, 0, NULL, 1, '2023-11-20 20:17:44.966745', '2023-11-20 20:17:44.967746', '', '', 196, 1),
	(1214, '', 'Oreo Biscuits', 'Oreo Biscuits 27.6g', 0, 0, NULL, 1, '2023-11-20 20:17:45.051012', '2023-11-20 20:17:45.053011', '', '', 182, 1),
	(1215, '', 'Kahawa No. 1', 'Kahawa No. 1 34g', 0, 0, NULL, 1, '2023-11-20 20:17:45.095523', '2023-11-20 20:17:45.095523', '', '', 195, 1),
	(1216, '', 'Softcare Diaper Gold', 'Softcare Diaper Gold Large', 0, 0, NULL, 1, '2023-11-20 20:17:45.213183', '2023-11-20 20:17:45.213183', '', '', 180, 1),
	(1217, '', 'Sawa Bath Soap', 'Sawa Bath Soap Original', 0, 0, NULL, 1, '2023-11-20 20:17:45.294365', '2023-11-20 20:17:45.294365', '', '', 166, 1),
	(1218, '', 'Yego Marie Biscuits', 'Yego Marie Biscuits 60g', 0, 0, NULL, 1, '2023-11-20 20:17:45.629955', '2023-11-20 20:17:45.629955', '', '', 198, 1),
	(1219, '', 'Eggs', 'Eggs 1', 0, 0, NULL, 1, '2023-11-20 20:17:45.678945', '2023-11-20 20:17:45.678945', '', '', 165, 1),
	(1220, '', 'Glucose Excel', 'Glucose Excel 15g', 0, 0, NULL, 1, '2023-11-20 20:17:45.760696', '2023-11-20 20:17:45.763616', '', '', 199, 1),
	(1221, '', 'KDF', 'KDF piece(s)', 0, 0, NULL, 1, '2023-11-20 20:17:45.827921', '2023-11-20 20:17:45.827921', '', '', 200, 1),
	(1222, '', 'Sunlight Bar Soap', 'Sunlight Bar Soap 175g', 0, 0, NULL, 1, '2023-11-20 20:17:45.964841', '2023-11-20 20:17:45.966842', '', '', 166, 1),
	(1223, '', 'Panado Extra', 'Panado Extra Pair', 0, 0, NULL, 1, '2023-11-20 20:17:46.045737', '2023-11-20 20:17:46.047736', '', '', 192, 1),
	(1224, '', 'Tuliza', 'Tuliza Pair', 0, 0, NULL, 1, '2023-11-20 20:17:46.079672', '2023-11-20 20:17:46.096721', '', '', 192, 1),
	(1225, '', 'Sukuma Wiki', 'Sukuma Wiki piece(s)', 0, 0, NULL, 1, '2023-11-20 20:17:46.134404', '2023-11-20 20:17:46.135405', '', '', 189, 1),
	(1226, '', 'Spinach', 'Spinach piece(s)', 0, 0, NULL, 1, '2023-11-20 20:17:46.180840', '2023-11-20 20:17:46.182840', '', '', 189, 1),
	(1227, '', 'Cocoa Raha', 'Cocoa Raha 10g', 0, 0, NULL, 1, '2023-11-20 20:17:46.255137', '2023-11-20 20:17:46.257136', '', '', 184, 1),
	(1228, '', 'Sweets', 'Sweets Lollypop Small', 0, 0, NULL, 1, '2023-11-20 20:17:46.295001', '2023-11-20 20:17:46.295001', '', '', 201, 1),
	(1229, '', 'Bites', 'Bites piece(s)', 0, 0, NULL, 1, '2023-11-20 20:17:46.413489', '2023-11-20 20:17:46.413489', '', '', 202, 1),
	(1230, '', 'Drinking Chocolate Raha', 'Drinking Chocolate Raha 20g', 0, 0, NULL, 1, '2023-11-20 20:17:46.465939', '2023-11-20 20:17:46.466942', '', '', 195, 1),
	(1231, '', 'Ringoz', 'Ringoz piece(s)', 0, 0, NULL, 1, '2023-11-20 20:17:46.513374', '2023-11-20 20:17:46.515368', '', '', 203, 1),
	(1232, '', 'Ariel', 'Ariel 20g', 0, 0, NULL, 1, '2023-11-20 20:17:46.577499', '2023-11-20 20:17:46.580497', '', '', 166, 1),
	(1233, '', 'Candles Sumo', 'Candles Sumo 96 pieces', 0, 0, NULL, 1, '2023-11-20 20:17:46.825352', '2023-11-20 20:17:46.840691', '', '', 204, 1),
	(1234, '', 'Ariel Powder Soap', 'Ariel Powder Soap 20g', 0, 0, NULL, 1, '2023-11-20 20:17:46.882888', '2023-11-20 20:17:46.882888', '', '', 166, 1),
	(1235, '', 'Tropical Heat Curry Powder', 'Tropical Heat Curry Powder 10g', 0, 0, NULL, 1, '2023-11-20 20:17:46.944532', '2023-11-20 20:17:46.944532', '', '', 186, 1),
	(1236, '', 'Gilda Conc Tomato Paste', 'Gilda Conc Tomato Paste piece(s)', 0, 0, NULL, 1, '2023-11-20 20:17:46.996827', '2023-11-20 20:17:46.998825', '', '', 186, 1),
	(1237, '', 'Safari Puffs', 'Safari Puffs piece(s)', 0, 0, NULL, 1, '2023-11-20 20:17:47.044828', '2023-11-20 20:17:47.047441', '', '', 205, 1),
	(1238, '', 'Steelwool', 'Steelwool 15g', 0, 0, NULL, 1, '2023-11-20 20:17:47.080611', '2023-11-20 20:17:47.080611', '', '', 206, 1),
	(1239, '', 'Dormans', 'Dormans Satchet', 0, 0, NULL, 1, '2023-11-20 20:17:47.120114', '2023-11-20 20:17:47.122115', '', '', 192, 1),
	(1240, '', 'Hedex', 'Hedex Pair', 0, 0, NULL, 1, '2023-11-20 20:17:47.161693', '2023-11-20 20:17:47.161693', '', '', 192, 1),
	(1241, '', 'Maramoja', 'Maramoja Pair', 0, 0, NULL, 1, '2023-11-20 20:17:47.200070', '2023-11-20 20:17:47.202069', '', '', 192, 1),
	(1242, '', 'Panadol', 'Panadol Pair', 0, 0, NULL, 1, '2023-11-20 20:17:47.227865', '2023-11-20 20:17:47.227865', '', '', 192, 1),
	(1243, '', 'Big Daddy', 'Big Daddy packet', 0, 0, NULL, 1, '2023-11-20 20:17:47.318390', '2023-11-20 20:17:47.319389', '', '', 201, 1),
	(1244, '', 'Lollypop Big Giant', 'Lollypop Big Giant packet', 0, 0, NULL, 1, '2023-11-20 20:17:47.364561', '2023-11-20 20:17:47.364561', '', '', 201, 1),
	(1245, '', 'Fresh', 'Fresh Assorted', 0, 0, NULL, 1, '2023-11-20 20:17:47.404909', '2023-11-20 20:17:47.405907', '', '', 207, 1),
	(1246, '', 'PK Chewing Gum', 'PK Chewing Gum piece(s)', 0, 0, NULL, 1, '2023-11-20 20:17:47.591025', '2023-11-20 20:17:47.595023', '', '', 207, 1),
	(1247, '', 'Golden Ginger Nut', 'Golden Ginger Nut packet', 0, 0, NULL, 1, '2023-11-20 20:17:47.672691', '2023-11-20 20:17:47.677091', '', '', 182, 1),
	(1248, '', 'Nuvita Ginger', 'Nuvita Ginger packet', 0, 0, NULL, 1, '2023-11-20 20:17:47.715758', '2023-11-20 20:17:47.716757', '', '', 182, 1),
	(1249, '', 'Nuvita Milk', 'Nuvita Milk packet', 0, 0, NULL, 1, '2023-11-20 20:17:47.745947', '2023-11-20 20:17:47.745947', '', '', 182, 1),
	(1250, '', 'Matchbox', 'Matchbox packet', 0, 0, NULL, 1, '2023-11-20 20:17:47.790012', '2023-11-20 20:17:47.794017', '', '', 208, 1),
	(1251, '', 'Tropical Heat Ginger Spice', 'Tropical Heat Ginger Spice 45g', 0, 0, NULL, 1, '2023-11-20 20:17:47.923318', '2023-11-20 20:17:47.926319', '', '', 186, 1),
	(1252, '', 'Tropical Sweets', 'Tropical Sweets piece(s)', 0, 0, NULL, 1, '2023-11-20 20:17:48.012248', '2023-11-20 20:17:48.012248', '', '', 201, 1),
	(1253, '', 'Patco Sweets', 'Patco Sweets piece(s)', 0, 0, NULL, 1, '2023-11-20 20:17:48.067803', '2023-11-20 20:17:48.069803', '', '', 201, 1),
	(1254, '', 'Koo (Kenya Cuffy)', 'Koo (Kenya Cuffy) piece(s)', 0, 0, NULL, 1, '2023-11-20 20:17:48.097353', '2023-11-20 20:17:48.097353', '', '', 201, 1),
	(1255, '', 'Cowboy Cooking Fat', 'Cowboy Cooking Fat 1kg', 0, 0, NULL, 1, '2023-11-20 20:17:48.146073', '2023-11-20 20:17:48.146073', '', '', 168, 1),
	(1256, '', 'Omena', 'Omena 1', 0, 0, NULL, 1, '2023-11-20 20:17:48.351891', '2023-11-20 20:17:48.353892', '', '', 210, 1),
	(1257, '', 'Potatoes', 'Potatoes 1', 0, 0, NULL, 1, '2023-11-20 20:17:48.485385', '2023-11-20 20:17:48.486386', '', '', 210, 1),
	(1258, '', 'Ham/Shoulder/Belly/Picnic', 'Ham/Shoulder/Belly/Picnic 1kg', 0, 0, NULL, 1, '2023-11-20 20:17:48.567384', '2023-11-20 20:17:48.569389', '', '', 210, 1),
	(1259, NULL, 'Ordinary Cuts', 'Ordinary Cuts 1kg', 0, 0, NULL, 1, '2023-11-20 20:17:48.000000', '2023-11-27 19:55:13.601773', NULL, NULL, 210, 1),
	(1260, NULL, 'Pork - Ribs/Chops', 'Pork - Ribs/Chops 1kg', 0, 0, NULL, 1, '2023-11-20 20:17:48.000000', '2023-11-27 19:54:55.002682', NULL, NULL, 211, 1),
	(1261, NULL, 'Bar Soap 123', 'Bar soap', 0, 0, 0, 1, '2023-11-27 20:27:53.000000', '2023-11-27 20:43:15.806508', NULL, NULL, 166, 1);

-- Dumping structure for table bengomall.product_productcolor
CREATE TABLE IF NOT EXISTS `product_productcolor` (
  `id` bigint NOT NULL AUTO_INCREMENT,
  `color` varchar(20) NOT NULL,
  `product_id` bigint DEFAULT NULL,
  PRIMARY KEY (`id`),
  KEY `product_productcolor_product_id_27d9e077_fk_products_id` (`product_id`),
  CONSTRAINT `product_productcolor_product_id_27d9e077_fk_products_id` FOREIGN KEY (`product_id`) REFERENCES `products` (`id`)
) ENGINE=InnoDB DEFAULT CHARSET=utf8mb4 COLLATE=utf8mb4_0900_ai_ci;

-- Dumping data for table bengomall.product_productcolor: ~0 rows (approximately)

-- Dumping structure for table bengomall.product_productsize
CREATE TABLE IF NOT EXISTS `product_productsize` (
  `id` bigint NOT NULL AUTO_INCREMENT,
  `size` varchar(10) NOT NULL,
  `unit_price` double NOT NULL,
  `retail_price` double NOT NULL,
  `unit_discount_price` double DEFAULT NULL,
  `product_id` bigint NOT NULL,
  `unit_id` bigint DEFAULT NULL,
  PRIMARY KEY (`id`),
  KEY `product_productsize_product_id_203a1d51_fk_products_id` (`product_id`),
  KEY `product_productsize_unit_id_6bae970c_fk_units_id` (`unit_id`),
  CONSTRAINT `product_productsize_product_id_203a1d51_fk_products_id` FOREIGN KEY (`product_id`) REFERENCES `products` (`id`),
  CONSTRAINT `product_productsize_unit_id_6bae970c_fk_units_id` FOREIGN KEY (`unit_id`) REFERENCES `units` (`id`)
) ENGINE=InnoDB AUTO_INCREMENT=770 DEFAULT CHARSET=utf8mb4 COLLATE=utf8mb4_0900_ai_ci;

-- Dumping data for table bengomall.product_productsize: ~72 rows (approximately)
INSERT IGNORE INTO `product_productsize` (`id`, `size`, `unit_price`, `retail_price`, `unit_discount_price`, `product_id`, `unit_id`) VALUES
	(696, '1', 3, 800, 0, 1133, 52),
	(697, '12', 10, 600, 0, 1135, 52),
	(698, '250', 10, 150, 0, 1135, 53),
	(699, '500', 10, 300, 0, 1135, 53),
	(700, '40', 12, 20, 0, 1136, 53),
	(701, '80', 12, 35, 0, 1136, 53),
	(702, '1', 3, 310, 0, 1138, 54),
	(703, '300', 5, 300, 0, 1133, 53),
	(704, '50', 6, 45, 0, 1140, 53),
	(705, '', 5, 260, 0, 1141, 55),
	(706, '2', 12, 210, 0, 1144, 52),
	(707, '2', 6, 260, 0, 1146, 56),
	(708, '400', 6, 160, 0, 1154, 53),
	(709, '500', 12, 160, 0, 1138, 57),
	(710, '', 5, 260, 0, 1155, 58),
	(711, '1', 30, 160, 0, 1156, 59),
	(712, '5', 4, 260, 0, 1157, 56),
	(713, '125', 12, 260, 0, 1146, 56),
	(714, '', 6, 80, 0, 1161, 60),
	(715, '80', 5, 130, 0, 1163, 61),
	(716, '15', 12, 40, 0, 1167, 53),
	(717, '35', 12, 75, 0, 1167, 53),
	(718, '100', 6, 75, 0, 1134, 53),
	(719, '300', 12, 30, 0, 1173, 57),
	(720, '200', 12, 40, 0, 1182, 57),
	(721, '280', 12, 40, 0, 1183, 57),
	(722, '350', 12, 50, 0, 1188, 57),
	(723, '', 12, 50, 0, 1191, 62),
	(724, '120', 20, 50, 0, 1192, 53),
	(725, '', 10, 45, 0, 1195, 63),
	(726, '8', 40, 10, 0, 1196, 64),
	(727, '', 10, 50, 0, 1198, 65),
	(728, '50', 5, 50, 0, 1152, 66),
	(729, '85', 24, 30, 0, 1201, 53),
	(730, '37', 12, 35, 0, 1202, 53),
	(731, '40', 6, 40, 0, 1152, 66),
	(732, '75', 36, 30, 0, 1207, 53),
	(733, '', 6, 25, 0, 1209, 64),
	(734, '200', 40, 15, 0, 1211, 53),
	(735, '', 20, 25, 0, 1212, 67),
	(736, '48', 12, 25, 0, 1213, 68),
	(737, '276', 36, 20, 0, 1214, 53),
	(738, '34', 12, 20, 0, 1215, 53),
	(739, '', 40, 25, 0, 1216, 69),
	(740, '', 6, 75, 0, 1217, 70),
	(741, '', 6, 75, 0, 1217, 71),
	(742, '', 42, 25, 0, 1216, 72),
	(743, '', 42, 25, 0, 1216, 73),
	(744, '150', 24, 20, 0, 1150, 57),
	(745, '60', 36, 20, 0, 1218, 53),
	(746, '13', 150, 15, 0, 1135, 52),
	(747, '', 20, 20, 0, 1212, 74),
	(748, '', 20, 20, 0, 1212, 75),
	(749, '175', 12, 75, 0, 1222, 53),
	(750, '', 50, 20, 0, 1223, 76),
	(751, '10', 12, 15, 0, 1227, 53),
	(752, '', 50, 5, 0, 1228, 77),
	(753, '20', 12, 15, 0, 1230, 53),
	(754, '30', 12, 35, 0, 1232, 53),
	(755, '', 20, 10, 0, 1212, 78),
	(756, '', 20, 10, 0, 1212, 79),
	(757, '96', 96, 10, 0, 1233, 80),
	(758, '', 50, 10, 0, 1243, 81),
	(759, '', 50, 5, 0, 1245, 82),
	(760, '', 50, 5, 0, 1245, 83),
	(761, '', 50, 5, 0, 1245, 84),
	(762, '', 50, 5, 0, 1245, 85),
	(763, '', 40, 5, 0, 1196, 86),
	(764, '8', 40, 10, 0, 1196, 53),
	(765, '45', 40, 70, 0, 1251, 53),
	(766, '6', 300, 500, 0, 1261, 87),
	(769, '100', 20, 30, 0, 1261, 52);

-- Dumping structure for table bengomall.reviews
CREATE TABLE IF NOT EXISTS `reviews` (
  `id` bigint NOT NULL AUTO_INCREMENT,
  `text` longtext NOT NULL,
  `rating` int unsigned NOT NULL,
  `created_at` datetime(6) NOT NULL,
  `stock_id` bigint NOT NULL,
  `user_id` bigint DEFAULT NULL,
  PRIMARY KEY (`id`),
  KEY `reviews_stock_id_06f43a16_fk_inventory_id` (`stock_id`),
  KEY `reviews_user_id_c23b0903_fk_authmanagement_myuser_id` (`user_id`),
  CONSTRAINT `reviews_stock_id_06f43a16_fk_inventory_id` FOREIGN KEY (`stock_id`) REFERENCES `inventory` (`id`),
  CONSTRAINT `reviews_user_id_c23b0903_fk_authmanagement_myuser_id` FOREIGN KEY (`user_id`) REFERENCES `authmanagement_myuser` (`id`),
  CONSTRAINT `reviews_chk_1` CHECK ((`rating` >= 0))
) ENGINE=InnoDB DEFAULT CHARSET=utf8mb4 COLLATE=utf8mb4_0900_ai_ci;

-- Dumping data for table bengomall.reviews: ~0 rows (approximately)

-- Dumping structure for table bengomall.sales
CREATE TABLE IF NOT EXISTS `sales` (
  `id` bigint NOT NULL AUTO_INCREMENT,
  `code` varchar(100) DEFAULT NULL,
  `sub_total` double NOT NULL,
  `grand_total` double NOT NULL,
  `tax_amount` double NOT NULL,
  `tax` double NOT NULL,
  `tendered_amount` double NOT NULL,
  `amount_change` double NOT NULL,
  `date_added` datetime(6) NOT NULL,
  `date_updated` datetime(6) NOT NULL,
  `status` varchar(20) DEFAULT NULL,
  `paymethod` varchar(20) DEFAULT NULL,
  `sales_type` varchar(20) NOT NULL,
  `attendant_id` bigint DEFAULT NULL,
  PRIMARY KEY (`id`),
  KEY `sales_attendant_id_5c78f7fa_fk_employees_id` (`attendant_id`),
  CONSTRAINT `sales_attendant_id_5c78f7fa_fk_employees_id` FOREIGN KEY (`attendant_id`) REFERENCES `employees` (`id`)
) ENGINE=InnoDB AUTO_INCREMENT=39 DEFAULT CHARSET=utf8mb4 COLLATE=utf8mb4_0900_ai_ci;

-- Dumping data for table bengomall.sales: ~8 rows (approximately)
INSERT IGNORE INTO `sales` (`id`, `code`, `sub_total`, `grand_total`, `tax_amount`, `tax`, `tendered_amount`, `amount_change`, `date_added`, `date_updated`, `status`, `paymethod`, `sales_type`, `attendant_id`) VALUES
	(31, 'R56425627G', 79140, 79225, 0, 0, 79225, 0, '2023-11-14 14:40:43.031979', '2023-11-21 15:55:53.641661', 'completed', 'mpesa_on_delivery', 'online', 1),
	(32, 'F57282G78', 33.6, 40, 6.4, 0.16, 0, -40, '2023-11-19 21:17:03.047701', '2023-11-21 15:55:53.625230', 'completed', 'mpesa', 'online', 1),
	(33, 'PYU9ZNEVWT', 672, 800, 128, 0.16, 1000, 200, '2023-11-21 15:00:30.452253', '2023-11-21 15:34:13.033531', 'completed', 'cash', 'walk-in', 1),
	(34, 'DAV3Q68LW1', 378, 450, 72, 0.16, 600, 150, '2023-11-21 19:59:50.884728', '2023-11-21 19:59:50.929934', 'completed', 'cash', 'walk-in customer', NULL),
	(35, 'EUQSARS2XI', 932.4, 1110, 177.6, 0.16, 1500, 390, '2023-11-27 20:22:48.680826', '2023-11-27 20:22:48.714825', 'pending', 'mpesa', 'walk-in customer', NULL),
	(36, 'X0PLQCZJEC', 252, 300, 48, 0.16, 400, 100, '2023-11-27 20:24:30.176053', '2023-11-27 20:24:30.176053', 'completed', 'cash', 'walk-in customer', NULL),
	(37, '1701110507167', 800, 885, 0, 0, 885, 0, '2023-11-27 21:27:35.402420', '2023-11-27 21:27:35.402420', 'pending', 'mpesa', 'online', NULL),
	(38, 'N81Q2TBEDR', 252, 300, 48, 0.16, 400, 100, '2023-11-27 21:30:34.582181', '2023-11-27 21:30:34.582181', 'completed', 'cash', 'walk-in customer', NULL);

-- Dumping structure for table bengomall.salesitems
CREATE TABLE IF NOT EXISTS `salesitems` (
  `id` bigint NOT NULL AUTO_INCREMENT,
  `retail_price` double NOT NULL,
  `qty` double NOT NULL,
  `total` double NOT NULL,
  `date_added` datetime(6) NOT NULL,
  `date_updated` datetime(6) NOT NULL,
  `sale_id` bigint NOT NULL,
  `stock_id` bigint NOT NULL,
  PRIMARY KEY (`id`),
  KEY `salesitems_sale_id_a5f3a652_fk_sales_id` (`sale_id`),
  KEY `salesitems_stock_id_2ea2efea_fk_inventory_id` (`stock_id`),
  CONSTRAINT `salesitems_sale_id_a5f3a652_fk_sales_id` FOREIGN KEY (`sale_id`) REFERENCES `sales` (`id`),
  CONSTRAINT `salesitems_stock_id_2ea2efea_fk_inventory_id` FOREIGN KEY (`stock_id`) REFERENCES `inventory` (`id`)
) ENGINE=InnoDB AUTO_INCREMENT=44 DEFAULT CHARSET=utf8mb4 COLLATE=utf8mb4_0900_ai_ci;

-- Dumping data for table bengomall.salesitems: ~8 rows (approximately)
INSERT IGNORE INTO `salesitems` (`id`, `retail_price`, `qty`, `total`, `date_added`, `date_updated`, `sale_id`, `stock_id`) VALUES
	(36, 800, 1, 800, '2023-11-21 15:00:30.461928', '2023-11-21 15:00:30.461928', 33, 2123),
	(37, 150, 1, 150, '2023-11-21 19:59:50.922230', '2023-11-21 19:59:50.922230', 34, 2125),
	(38, 300, 1, 300, '2023-11-21 19:59:50.941692', '2023-11-21 19:59:50.941692', 34, 2134),
	(39, 800, 1, 800, '2023-11-27 20:22:48.707836', '2023-11-27 20:22:48.707836', 35, 2122),
	(40, 310, 1, 310, '2023-11-27 20:22:48.731822', '2023-11-27 20:22:48.731822', 35, 2131),
	(41, 300, 1, 300, '2023-11-27 20:24:30.192048', '2023-11-27 20:24:30.192048', 36, 2130),
	(42, 800, 1, 800, '2023-11-27 21:27:35.442422', '2023-11-27 21:27:35.443417', 37, 2122),
	(43, 300, 1, 300, '2023-11-27 21:30:34.609177', '2023-11-27 21:30:34.609177', 38, 2130);

-- Dumping structure for table bengomall.savedproducts
CREATE TABLE IF NOT EXISTS `savedproducts` (
  `id` bigint NOT NULL AUTO_INCREMENT,
  `is_favorite` tinyint(1) NOT NULL,
  `color_id` bigint DEFAULT NULL,
  `product_id` bigint NOT NULL,
  `size_id` bigint DEFAULT NULL,
  `user_id` bigint NOT NULL,
  PRIMARY KEY (`id`),
  KEY `savedproducts_color_id_6151d73e_fk_product_productcolor_id` (`color_id`),
  KEY `savedproducts_product_id_8101eaf8_fk_products_id` (`product_id`),
  KEY `savedproducts_size_id_986bb735_fk_product_productsize_id` (`size_id`),
  KEY `savedproducts_user_id_a89bf6da_fk_authmanagement_myuser_id` (`user_id`),
  CONSTRAINT `savedproducts_color_id_6151d73e_fk_product_productcolor_id` FOREIGN KEY (`color_id`) REFERENCES `product_productcolor` (`id`),
  CONSTRAINT `savedproducts_product_id_8101eaf8_fk_products_id` FOREIGN KEY (`product_id`) REFERENCES `products` (`id`),
  CONSTRAINT `savedproducts_size_id_986bb735_fk_product_productsize_id` FOREIGN KEY (`size_id`) REFERENCES `product_productsize` (`id`),
  CONSTRAINT `savedproducts_user_id_a89bf6da_fk_authmanagement_myuser_id` FOREIGN KEY (`user_id`) REFERENCES `authmanagement_myuser` (`id`)
) ENGINE=InnoDB DEFAULT CHARSET=utf8mb4 COLLATE=utf8mb4_0900_ai_ci;

-- Dumping data for table bengomall.savedproducts: ~0 rows (approximately)

-- Dumping structure for table bengomall.storefront
CREATE TABLE IF NOT EXISTS `storefront` (
  `id` bigint NOT NULL AUTO_INCREMENT,
  `flash_sale_end_date` datetime(6) NOT NULL,
  `slider_image` varchar(100) DEFAULT NULL,
  `slider_text` varchar(100) NOT NULL,
  PRIMARY KEY (`id`)
) ENGINE=InnoDB AUTO_INCREMENT=4 DEFAULT CHARSET=utf8mb4 COLLATE=utf8mb4_0900_ai_ci;

-- Dumping data for table bengomall.storefront: ~3 rows (approximately)
INSERT IGNORE INTO `storefront` (`id`, `flash_sale_end_date`, `slider_image`, `slider_text`) VALUES
	(1, '2023-12-19 18:58:01.000000', 'store/slider/tisho1-removebg-preview_IM72Ka0.png', 'Special brand T-Shirts'),
	(2, '2023-12-19 18:58:01.000000', 'store/slider/yogis_banner_JYlyRcC.png', 'Yogis Special'),
	(3, '2023-12-19 18:58:01.000000', 'store/slider/mug_3yLhKoP.png', 'Branded mugs');

-- Dumping structure for table bengomall.storefront_slider_products
CREATE TABLE IF NOT EXISTS `storefront_slider_products` (
  `id` bigint NOT NULL AUTO_INCREMENT,
  `frontstore_id` bigint NOT NULL,
  `stockinventory_id` bigint NOT NULL,
  PRIMARY KEY (`id`),
  UNIQUE KEY `storefront_slider_produc_frontstore_id_stockinven_ddb53e5b_uniq` (`frontstore_id`,`stockinventory_id`),
  KEY `storefront_slider_pr_stockinventory_id_c10f733f_fk_inventory` (`stockinventory_id`),
  CONSTRAINT `storefront_slider_pr_frontstore_id_310f13ef_fk_storefron` FOREIGN KEY (`frontstore_id`) REFERENCES `storefront` (`id`),
  CONSTRAINT `storefront_slider_pr_stockinventory_id_c10f733f_fk_inventory` FOREIGN KEY (`stockinventory_id`) REFERENCES `inventory` (`id`)
) ENGINE=InnoDB AUTO_INCREMENT=18 DEFAULT CHARSET=utf8mb4 COLLATE=utf8mb4_0900_ai_ci;

-- Dumping data for table bengomall.storefront_slider_products: ~2 rows (approximately)
INSERT IGNORE INTO `storefront_slider_products` (`id`, `frontstore_id`, `stockinventory_id`) VALUES
	(16, 1, 2328),
	(17, 1, 2329);

-- Dumping structure for table bengomall.subcategories
CREATE TABLE IF NOT EXISTS `subcategories` (
  `id` bigint NOT NULL AUTO_INCREMENT,
  `name` varchar(255) NOT NULL,
  `display_image` varchar(100) DEFAULT NULL,
  `status` int NOT NULL,
  PRIMARY KEY (`id`)
) ENGINE=InnoDB AUTO_INCREMENT=505 DEFAULT CHARSET=utf8mb4 COLLATE=utf8mb4_0900_ai_ci;

-- Dumping data for table bengomall.subcategories: ~122 rows (approximately)
INSERT IGNORE INTO `subcategories` (`id`, `name`, `display_image`, `status`) VALUES
	(383, 'Honey', '', 1),
	(384, 'Blueband', '', 1),
	(385, 'Broilers', '', 1),
	(386, 'Omo', '', 1),
	(387, 'Sausages', '', 1),
	(388, 'Fresh Fri', '', 1),
	(389, 'Kimbo', '', 1),
	(390, 'Arimis', '', 1),
	(391, 'Beans', '', 1),
	(392, 'Msafi', '', 1),
	(393, 'Sugar', '', 1),
	(394, 'Ajab', '', 1),
	(395, 'Pishori', '', 1),
	(396, 'Soda  Plastic', '', 1),
	(397, 'Cocopine', '', 1),
	(398, 'Pembe', '', 1),
	(399, 'Pineapple', '', 1),
	(400, 'Yoghurt', '', 1),
	(401, 'Imported', '', 1),
	(402, 'Sunlight', '', 1),
	(403, 'Mala', '', 1),
	(404, 'Water', '', 1),
	(405, 'Soda', '', 1),
	(406, 'Bread', '', 1),
	(407, 'Mandazi', '', 1),
	(408, 'Ngumu', '', 1),
	(409, 'Always', '', 1),
	(410, 'Biryani', '', 1),
	(411, 'Bella', '', 1),
	(412, 'Afia ', '', 1),
	(413, 'Njugunas', '', 1),
	(414, 'Softcare', '', 1),
	(415, 'Colgate', '', 1),
	(416, 'Dawat', '', 1),
	(417, 'Jam', '', 1),
	(418, 'Kabete Dairies', '', 1),
	(419, 'Predator', '', 1),
	(420, 'Passion', '', 1),
	(421, 'Coke', '', 1),
	(422, 'Nuvita', '', 1),
	(423, 'Orange', '', 1),
	(424, 'Juice', '', 1),
	(425, 'Kinangop', '', 1),
	(426, 'Baking Powder', '', 1),
	(427, 'Ketepa Tangawizi', '', 1),
	(428, 'Ndhiwa', '', 1),
	(429, 'Assorted', '', 1),
	(430, 'Cheese', '', 1),
	(431, 'Chilli', '', 1),
	(432, 'Salt', '', 1),
	(433, 'Tomato', '', 1),
	(434, ' Mango', '', 1),
	(435, 'Novida', '', 1),
	(436, 'Mwala', '', 1),
	(437, 'Soda Glass', '', 1),
	(438, 'Ketepa', '', 1),
	(439, 'Eden', '', 1),
	(440, 'White', '', 1),
	(441, 'Indomie', '', 1),
	(442, 'Classic', '', 1),
	(443, 'Sossi', '', 1),
	(444, 'Beef Flavour', '', 1),
	(445, 'Lemon', '', 1),
	(446, 'Strawberry', '', 1),
	(447, 'Coil', '', 1),
	(448, 'Cabbage', '', 1),
	(449, 'Brush', '', 1),
	(450, 'Marie', '', 1),
	(451, 'Single', '', 1),
	(452, 'Sumoja', '', 1),
	(453, 'Eno', '', 1),
	(454, 'Menthol', '', 1),
	(455, 'Green', '', 1),
	(456, 'Nescafe', '', 1),
	(457, 'Krest', '', 1),
	(458, 'Bic', '', 1),
	(459, 'Switch', '', 1),
	(460, 'Twiga', '', 1),
	(461, 'Oreo', '', 1),
	(462, 'Kahawa', '', 1),
	(463, 'Sprite', '', 1),
	(464, 'Sawa', '', 1),
	(465, 'Eggs', '', 1),
	(466, 'Glucose', '', 1),
	(467, 'KDF', '', 1),
	(468, 'SM', '', 1),
	(469, 'Sportsman', '', 1),
	(470, 'Panadol', '', 1),
	(471, 'Tuliza', '', 1),
	(472, 'Sukuma', '', 1),
	(473, 'Spinach', '', 1),
	(474, 'Cocoa', '', 1),
	(475, 'Sweets', '', 1),
	(476, 'Bites', '', 1),
	(477, 'Chocolate', '', 1),
	(478, 'Ringoz', '', 1),
	(479, 'Ariel', '', 1),
	(480, 'Safari', '', 1),
	(481, 'Candles', '', 1),
	(482, 'Powder', '', 1),
	(483, 'Paste', '', 1),
	(484, 'Steelwool', '', 1),
	(485, 'Dormans', '', 1),
	(486, 'Hedex', '', 1),
	(487, 'Maramoja', '', 1),
	(488, 'Fresh', '', 1),
	(489, 'PK', '', 1),
	(490, 'Biscuits', '', 1),
	(491, 'Rhino Kubwa', '', 1),
	(492, 'Royco', '', 1),
	(493, 'Chicken Flavour Satchet', '', 1),
	(494, 'Ginger', '', 1),
	(495, 'Tropical', '', 1),
	(496, 'Patco', '', 1),
	(497, 'Koo', '', 1),
	(498, 'Cowboy', '', 1),
	(499, 'Omena', '', 1),
	(500, 'Potatoes', '', 1),
	(501, 'Black Currant', '', 1),
	(502, 'Ham', '', 1),
	(503, 'Ordinary', '', 1),
	(504, 'Pork', '', 1);

-- Dumping structure for table bengomall.suppliers
CREATE TABLE IF NOT EXISTS `suppliers` (
  `id` bigint NOT NULL AUTO_INCREMENT,
  `name` varchar(255) NOT NULL,
  `user_id` bigint NOT NULL,
  PRIMARY KEY (`id`),
  UNIQUE KEY `user_id` (`user_id`),
  CONSTRAINT `suppliers_user_id_4773a628_fk_authmanagement_myuser_id` FOREIGN KEY (`user_id`) REFERENCES `authmanagement_myuser` (`id`)
) ENGINE=InnoDB DEFAULT CHARSET=utf8mb4 COLLATE=utf8mb4_0900_ai_ci;

-- Dumping data for table bengomall.suppliers: ~0 rows (approximately)

-- Dumping structure for table bengomall.suppliers_address
CREATE TABLE IF NOT EXISTS `suppliers_address` (
  `id` bigint NOT NULL AUTO_INCREMENT,
  `supplier_id` bigint NOT NULL,
  `businessaddress_id` bigint NOT NULL,
  PRIMARY KEY (`id`),
  UNIQUE KEY `suppliers_address_supplier_id_businessaddress_id_379110f8_uniq` (`supplier_id`,`businessaddress_id`),
  KEY `suppliers_address_businessaddress_id_538c535f_fk_business_` (`businessaddress_id`),
  CONSTRAINT `suppliers_address_businessaddress_id_538c535f_fk_business_` FOREIGN KEY (`businessaddress_id`) REFERENCES `business_addresses` (`id`),
  CONSTRAINT `suppliers_address_supplier_id_a561e6ea_fk_suppliers_id` FOREIGN KEY (`supplier_id`) REFERENCES `suppliers` (`id`)
) ENGINE=InnoDB DEFAULT CHARSET=utf8mb4 COLLATE=utf8mb4_0900_ai_ci;

-- Dumping data for table bengomall.suppliers_address: ~0 rows (approximately)

-- Dumping structure for table bengomall.suppliers_delivery_regions
CREATE TABLE IF NOT EXISTS `suppliers_delivery_regions` (
  `id` bigint NOT NULL AUTO_INCREMENT,
  `supplier_id` bigint NOT NULL,
  `deliveryregions_id` bigint NOT NULL,
  PRIMARY KEY (`id`),
  UNIQUE KEY `suppliers_delivery_regio_supplier_id_deliveryregi_6c4faa3d_uniq` (`supplier_id`,`deliveryregions_id`),
  KEY `suppliers_delivery_r_deliveryregions_id_9c66f9b0_fk_delivery_` (`deliveryregions_id`),
  CONSTRAINT `suppliers_delivery_r_deliveryregions_id_9c66f9b0_fk_delivery_` FOREIGN KEY (`deliveryregions_id`) REFERENCES `delivery_regions` (`id`),
  CONSTRAINT `suppliers_delivery_regions_supplier_id_0412a4ce_fk_suppliers_id` FOREIGN KEY (`supplier_id`) REFERENCES `suppliers` (`id`)
) ENGINE=InnoDB DEFAULT CHARSET=utf8mb4 COLLATE=utf8mb4_0900_ai_ci;

-- Dumping data for table bengomall.suppliers_delivery_regions: ~0 rows (approximately)

-- Dumping structure for table bengomall.transactions
CREATE TABLE IF NOT EXISTS `transactions` (
  `id` bigint NOT NULL AUTO_INCREMENT,
  `orderid` varchar(255) NOT NULL,
  `checkoutid` varchar(255) NOT NULL,
  `timestamp` varchar(255) NOT NULL,
  `secret` varchar(1500) NOT NULL,
  `status` varchar(100) NOT NULL,
  PRIMARY KEY (`id`)
) ENGINE=InnoDB AUTO_INCREMENT=8 DEFAULT CHARSET=utf8mb4 COLLATE=utf8mb4_0900_ai_ci;

-- Dumping data for table bengomall.transactions: ~7 rows (approximately)
INSERT IGNORE INTO `transactions` (`id`, `orderid`, `checkoutid`, `timestamp`, `secret`, `status`) VALUES
	(1, 'D9wlBQ1a1Y', 'ws_CO_04112023182056376743793901', '20231104181448', 'MTc0Mzc5YmZiMjc5ZjlhYTliZGJjZjE1OGU5N2RkNzFhNDY3Y2QyZTBjODkzMDU5YjEwZjc4ZTZiNzJhZGExZWQyYzkxOTIwMjMxMTA0MTgxNDQ4', 'pending'),
	(2, 'JV2LT2jNTa', 'ws_CO_12112023125400398743793901', '20231112123433', 'MTc0Mzc5YmZiMjc5ZjlhYTliZGJjZjE1OGU5N2RkNzFhNDY3Y2QyZTBjODkzMDU5YjEwZjc4ZTZiNzJhZGExZWQyYzkxOTIwMjMxMTEyMTIzNDMz', 'pending'),
	(3, 'fF1gpwpisl', 'ws_CO_12112023142559674743793901', '20231112134216', 'MTc0Mzc5YmZiMjc5ZjlhYTliZGJjZjE1OGU5N2RkNzFhNDY3Y2QyZTBjODkzMDU5YjEwZjc4ZTZiNzJhZGExZWQyYzkxOTIwMjMxMTEyMTM0MjE2', 'pending'),
	(4, 'OqRprxddiU', 'ws_CO_12112023142550085743793901', '20231112134216', 'MTc0Mzc5YmZiMjc5ZjlhYTliZGJjZjE1OGU5N2RkNzFhNDY3Y2QyZTBjODkzMDU5YjEwZjc4ZTZiNzJhZGExZWQyYzkxOTIwMjMxMTEyMTM0MjE2', 'canceled'),
	(5, '1699957385050', 'ws_CO_14112023130747319743793901', '20231114123536', 'MTc0Mzc5YmZiMjc5ZjlhYTliZGJjZjE1OGU5N2RkNzFhNDY3Y2QyZTBjODkzMDU5YjEwZjc4ZTZiNzJhZGExZWQyYzkxOTIwMjMxMTE0MTIzNTM2', 'canceled'),
	(6, 'cKPSTzZm8a', 'ws_CO_19112023212007035743793901', '20231119210238', 'MTc0Mzc5YmZiMjc5ZjlhYTliZGJjZjE1OGU5N2RkNzFhNDY3Y2QyZTBjODkzMDU5YjEwZjc4ZTZiNzJhZGExZWQyYzkxOTIwMjMxMTE5MjEwMjM4', 'pending'),
	(7, 'kCMv9Gwt6v', 'ws_CO_27112023202447545726651882', '20231127195318', 'MTc0Mzc5YmZiMjc5ZjlhYTliZGJjZjE1OGU5N2RkNzFhNDY3Y2QyZTBjODkzMDU5YjEwZjc4ZTZiNzJhZGExZWQyYzkxOTIwMjMxMTI3MTk1MzE4', 'pending');

-- Dumping structure for table bengomall.units
CREATE TABLE IF NOT EXISTS `units` (
  `id` bigint NOT NULL AUTO_INCREMENT,
  `unit_title` varchar(50) NOT NULL,
  `unit_symbol` varchar(50) NOT NULL,
  PRIMARY KEY (`id`)
) ENGINE=InnoDB AUTO_INCREMENT=88 DEFAULT CHARSET=utf8mb4 COLLATE=utf8mb4_0900_ai_ci;

-- Dumping data for table bengomall.units: ~36 rows (approximately)
INSERT IGNORE INTO `units` (`id`, `unit_title`, `unit_symbol`) VALUES
	(52, 'kg', 'kg'),
	(53, 'g', 'g'),
	(54, 'Liter', 'Liter'),
	(55, 'piece', 'piece'),
	(56, 'Liters', 'Liters'),
	(57, 'ml', 'ml'),
	(58, 'Makueni', 'Makueni'),
	(59, 'piece(s)', 'piece(s)'),
	(60, 'Pink', 'Pink'),
	(61, 'wipes', 'wipes'),
	(62, 'Soaps', 'Soaps'),
	(63, 'Bella', 'Bella'),
	(64, 'Satchet', 'Satchet'),
	(65, 'Red', 'Red'),
	(66, 'Bar', 'Bar'),
	(67, 'Switch', 'Switch'),
	(68, 'pages', 'pages'),
	(69, 'Large', 'Large'),
	(70, 'Original', 'Original'),
	(71, 'Rose', 'Rose'),
	(72, 'Medium', 'Medium'),
	(73, 'Small', 'Small'),
	(74, 'SM', 'SM'),
	(75, 'Sportsman', 'Sportsman'),
	(76, 'Pair', 'Pair'),
	(77, 'Lollypop', 'Lollypop'),
	(78, 'Safari', 'Safari'),
	(79, 'Supermatch', 'Supermatch'),
	(80, 'pieces', 'pieces'),
	(81, 'packet', 'packet'),
	(82, 'Assorted', 'Assorted'),
	(83, 'Blue', 'Blue'),
	(84, 'Green', 'Green'),
	(85, 'Yellow', 'Yellow'),
	(86, 'Cubes', 'Cubes'),
	(87, 'sacks', 'sacks');

-- Dumping structure for table bengomall.vendors
CREATE TABLE IF NOT EXISTS `vendors` (
  `id` bigint NOT NULL AUTO_INCREMENT,
  `name` varchar(255) NOT NULL,
  `user_id` bigint NOT NULL,
  PRIMARY KEY (`id`),
  KEY `vendors_user_id_f1608816_fk_authmanagement_myuser_id` (`user_id`),
  CONSTRAINT `vendors_user_id_f1608816_fk_authmanagement_myuser_id` FOREIGN KEY (`user_id`) REFERENCES `authmanagement_myuser` (`id`)
) ENGINE=InnoDB AUTO_INCREMENT=2 DEFAULT CHARSET=utf8mb4 COLLATE=utf8mb4_0900_ai_ci;

-- Dumping data for table bengomall.vendors: ~1 rows (approximately)
INSERT IGNORE INTO `vendors` (`id`, `name`, `user_id`) VALUES
	(1, 'YOGIS DELIGHT', 13);

-- Dumping structure for table bengomall.vendors_address
CREATE TABLE IF NOT EXISTS `vendors_address` (
  `id` bigint NOT NULL AUTO_INCREMENT,
  `vendor_id` bigint NOT NULL,
  `businessaddress_id` bigint NOT NULL,
  PRIMARY KEY (`id`),
  UNIQUE KEY `vendors_address_vendor_id_businessaddress_id_a98e4228_uniq` (`vendor_id`,`businessaddress_id`),
  KEY `vendors_address_businessaddress_id_e6032002_fk_business_` (`businessaddress_id`),
  CONSTRAINT `vendors_address_businessaddress_id_e6032002_fk_business_` FOREIGN KEY (`businessaddress_id`) REFERENCES `business_addresses` (`id`),
  CONSTRAINT `vendors_address_vendor_id_d9864080_fk_vendors_id` FOREIGN KEY (`vendor_id`) REFERENCES `vendors` (`id`)
) ENGINE=InnoDB AUTO_INCREMENT=2 DEFAULT CHARSET=utf8mb4 COLLATE=utf8mb4_0900_ai_ci;

-- Dumping data for table bengomall.vendors_address: ~1 rows (approximately)
INSERT IGNORE INTO `vendors_address` (`id`, `vendor_id`, `businessaddress_id`) VALUES
	(1, 1, 1);

-- Dumping structure for table bengomall.vendors_customers
CREATE TABLE IF NOT EXISTS `vendors_customers` (
  `id` bigint NOT NULL AUTO_INCREMENT,
  `vendor_id` bigint NOT NULL,
  `customer_id` bigint NOT NULL,
  PRIMARY KEY (`id`),
  UNIQUE KEY `vendors_customers_vendor_id_customer_id_d19f6919_uniq` (`vendor_id`,`customer_id`),
  KEY `vendors_customers_customer_id_7654b102_fk_customers_id` (`customer_id`),
  CONSTRAINT `vendors_customers_customer_id_7654b102_fk_customers_id` FOREIGN KEY (`customer_id`) REFERENCES `customers` (`id`),
  CONSTRAINT `vendors_customers_vendor_id_a7694f51_fk_vendors_id` FOREIGN KEY (`vendor_id`) REFERENCES `vendors` (`id`)
) ENGINE=InnoDB DEFAULT CHARSET=utf8mb4 COLLATE=utf8mb4_0900_ai_ci;

-- Dumping data for table bengomall.vendors_customers: ~0 rows (approximately)

-- Dumping structure for table bengomall.vendors_delivery_addresses
CREATE TABLE IF NOT EXISTS `vendors_delivery_addresses` (
  `id` bigint NOT NULL AUTO_INCREMENT,
  `vendor_id` bigint NOT NULL,
  `deliveryregions_id` bigint NOT NULL,
  PRIMARY KEY (`id`),
  UNIQUE KEY `vendors_delivery_address_vendor_id_deliveryregion_794f97ed_uniq` (`vendor_id`,`deliveryregions_id`),
  KEY `vendors_delivery_add_deliveryregions_id_b75d9443_fk_delivery_` (`deliveryregions_id`),
  CONSTRAINT `vendors_delivery_add_deliveryregions_id_b75d9443_fk_delivery_` FOREIGN KEY (`deliveryregions_id`) REFERENCES `delivery_regions` (`id`),
  CONSTRAINT `vendors_delivery_addresses_vendor_id_f3477d8a_fk_vendors_id` FOREIGN KEY (`vendor_id`) REFERENCES `vendors` (`id`)
) ENGINE=InnoDB AUTO_INCREMENT=3 DEFAULT CHARSET=utf8mb4 COLLATE=utf8mb4_0900_ai_ci;

-- Dumping data for table bengomall.vendors_delivery_addresses: ~2 rows (approximately)
INSERT IGNORE INTO `vendors_delivery_addresses` (`id`, `vendor_id`, `deliveryregions_id`) VALUES
	(1, 1, 1),
	(2, 1, 2);

-- Dumping structure for table bengomall.vendors_employees
CREATE TABLE IF NOT EXISTS `vendors_employees` (
  `id` bigint NOT NULL AUTO_INCREMENT,
  `vendor_id` bigint NOT NULL,
  `employee_id` bigint NOT NULL,
  PRIMARY KEY (`id`),
  UNIQUE KEY `vendors_employees_vendor_id_employee_id_55c5cc93_uniq` (`vendor_id`,`employee_id`),
  KEY `vendors_employees_employee_id_8052d074_fk_employees_id` (`employee_id`),
  CONSTRAINT `vendors_employees_employee_id_8052d074_fk_employees_id` FOREIGN KEY (`employee_id`) REFERENCES `employees` (`id`),
  CONSTRAINT `vendors_employees_vendor_id_ef60080b_fk_vendors_id` FOREIGN KEY (`vendor_id`) REFERENCES `vendors` (`id`)
) ENGINE=InnoDB DEFAULT CHARSET=utf8mb4 COLLATE=utf8mb4_0900_ai_ci;

-- Dumping data for table bengomall.vendors_employees: ~0 rows (approximately)

-- Dumping structure for table bengomall.vendors_suppliers
CREATE TABLE IF NOT EXISTS `vendors_suppliers` (
  `id` bigint NOT NULL AUTO_INCREMENT,
  `vendor_id` bigint NOT NULL,
  `supplier_id` bigint NOT NULL,
  PRIMARY KEY (`id`),
  UNIQUE KEY `vendors_suppliers_vendor_id_supplier_id_a970267f_uniq` (`vendor_id`,`supplier_id`),
  KEY `vendors_suppliers_supplier_id_4fdd1949_fk_suppliers_id` (`supplier_id`),
  CONSTRAINT `vendors_suppliers_supplier_id_4fdd1949_fk_suppliers_id` FOREIGN KEY (`supplier_id`) REFERENCES `suppliers` (`id`),
  CONSTRAINT `vendors_suppliers_vendor_id_bb2cde3a_fk_vendors_id` FOREIGN KEY (`vendor_id`) REFERENCES `vendors` (`id`)
) ENGINE=InnoDB AUTO_INCREMENT=3 DEFAULT CHARSET=utf8mb4 COLLATE=utf8mb4_0900_ai_ci;

-- Dumping data for table bengomall.vendors_suppliers: ~2 rows (approximately)
INSERT IGNORE INTO `vendors_suppliers` (`id`, `vendor_id`, `supplier_id`) VALUES
	(1, 1, 1),
	(2, 1, 2);

-- Dumping structure for table bengomall.vendor_ratiings
CREATE TABLE IF NOT EXISTS `vendor_ratiings` (
  `id` bigint NOT NULL AUTO_INCREMENT,
  `text` longtext NOT NULL,
  `rating` int unsigned NOT NULL,
  `created_at` datetime(6) NOT NULL,
  `user_id` bigint NOT NULL,
  `vendor_id` bigint NOT NULL,
  PRIMARY KEY (`id`),
  KEY `vendor_ratiings_user_id_f4a731bb_fk_authmanagement_myuser_id` (`user_id`),
  KEY `vendor_ratiings_vendor_id_a2a7de14_fk_vendors_id` (`vendor_id`),
  CONSTRAINT `vendor_ratiings_user_id_f4a731bb_fk_authmanagement_myuser_id` FOREIGN KEY (`user_id`) REFERENCES `authmanagement_myuser` (`id`),
  CONSTRAINT `vendor_ratiings_vendor_id_a2a7de14_fk_vendors_id` FOREIGN KEY (`vendor_id`) REFERENCES `vendors` (`id`),
  CONSTRAINT `vendor_ratiings_chk_1` CHECK ((`rating` >= 0))
) ENGINE=InnoDB DEFAULT CHARSET=utf8mb4 COLLATE=utf8mb4_0900_ai_ci;

-- Dumping data for table bengomall.vendor_ratiings: ~0 rows (approximately)

/*!40103 SET TIME_ZONE=IFNULL(@OLD_TIME_ZONE, 'system') */;
/*!40101 SET SQL_MODE=IFNULL(@OLD_SQL_MODE, '') */;
/*!40014 SET FOREIGN_KEY_CHECKS=IFNULL(@OLD_FOREIGN_KEY_CHECKS, 1) */;
/*!40101 SET CHARACTER_SET_CLIENT=@OLD_CHARACTER_SET_CLIENT */;
/*!40111 SET SQL_NOTES=IFNULL(@OLD_SQL_NOTES, 1) */;
